[
  {
    "name": "buildings_0",
    "label": "buildings",
    "id": 0,
    "face_vertex_idxs": [
      [
        0,
        1,
        2,
        3,
        4
      ],
      [
        5,
        6,
        7,
        8,
        9
      ],
      [
        0,
        1,
        6,
        5
      ],
      [
        1,
        2,
        7,
        6
      ],
      [
        2,
        3,
        8,
        7
      ],
      [
        3,
        4,
        9,
        8
      ],
      [
        4,
        0,
        5,
        9
      ]
    ],
    "face_material_idxs": [
      0,
      0,
      0,
      0,
      0,
      0,
      0
    ]
  },
  {
    "name": "buildings_0_1",
    "label": "buildings",
    "id": 1,
    "face_vertex_idxs": [
      [
        10,
        11,
        12,
        13,
        14,
        15
      ],
      [
        16,
        17,
        18,
        19,
        20,
        21
      ],
      [
        10,
        11,
        17,
        16
      ],
      [
        11,
        12,
        18,
        17
      ],
      [
        12,
        13,
        19,
        18
      ],
      [
        13,
        14,
        20,
        19
      ],
      [
        14,
        15,
        21,
        20
      ],
      [
        15,
        10,
        16,
        21
      ]
    ],
    "face_material_idxs": [
      0,
      0,
      0,
      0,
      0,
      0,
      0,
      0
    ]
  },
  {
    "name": "buildings_0_1_2",
    "label": "buildings",
    "id": 2,
    "face_vertex_idxs": [
      [
        22,
        23,
        24,
        25
      ],
      [
        26,
        27,
        28,
        29
      ],
      [
        22,
        23,
        27,
        26
      ],
      [
        23,
        24,
        28,
        27
      ],
      [
        24,
        25,
        29,
        28
      ],
      [
        25,
        22,
        26,
        29
      ]
    ],
    "face_material_idxs": [
      0,
      0,
      0,
      0,
      0,
      0
    ]
  },
  {
    "name": "buildings_0_1_2_3",
    "label": "buildings",
    "id": 3,
    "face_vertex_idxs": [
      [
        30,
        31,
        32,
        33,
        34,
        35
      ],
      [
        36,
        37,
        38,
        39,
        40,
        41
      ],
      [
        30,
        31,
        37,
        36
      ],
      [
        31,
        32,
        38,
        37
      ],
      [
        32,
        33,
        39,
        38
      ],
      [
        33,
        34,
        40,
        39
      ],
      [
        34,
        35,
        41,
        40
      ],
      [
        35,
        30,
        36,
        41
      ]
    ],
    "face_material_idxs": [
      0,
      0,
      0,
      0,
      0,
      0,
      0,
      0
    ]
  },
  {
    "name": "buildings_0_1_2_3_4",
    "label": "buildings",
    "id": 4,
    "face_vertex_idxs": [
      [
        42,
        43,
        44,
        45,
        46
      ],
      [
        47,
        48,
        49,
        50,
        51
      ],
      [
        42,
        43,
        48,
        47
      ],
      [
        43,
        44,
        49,
        48
      ],
      [
        44,
        45,
        50,
        49
      ],
      [
        45,
        46,
        51,
        50
      ],
      [
        46,
        42,
        47,
        51
      ]
    ],
    "face_material_idxs": [
      0,
      0,
      0,
      0,
      0,
      0,
      0
    ]
  },
  {
    "name": "buildings_0_1_2_3_4_5",
    "label": "buildings",
    "id": 5,
    "face_vertex_idxs": [
      [
        52,
        53,
        54,
        55
      ],
      [
        56,
        57,
        58,
        59
      ],
      [
        52,
        53,
        57,
        56
      ],
      [
        53,
        54,
        58,
        57
      ],
      [
        54,
        55,
        59,
        58
      ],
      [
        55,
        52,
        56,
        59
      ]
    ],
    "face_material_idxs": [
      0,
      0,
      0,
      0,
      0,
      0
    ]
  },
  {
    "name": "buildings_0_1_2_3_4_5_6",
    "label": "buildings",
    "id": 6,
    "face_vertex_idxs": [
      [
        60,
        61,
        62,
        63
      ],
      [
        64,
        65,
        66,
        67
      ],
      [
        60,
        61,
        65,
        64
      ],
      [
        61,
        62,
        66,
        65
      ],
      [
        62,
        63,
        67,
        66
      ],
      [
        63,
        60,
        64,
        67
      ]
    ],
    "face_material_idxs": [
      0,
      0,
      0,
      0,
      0,
      0
    ]
  },
  {
    "name": "buildings_0_1_2_3_4_5_6_7",
    "label": "buildings",
    "id": 7,
    "face_vertex_idxs": [
      [
        68,
        69,
        70,
        71
      ],
      [
        72,
        73,
        74,
        75
      ],
      [
        68,
        69,
        73,
        72
      ],
      [
        69,
        70,
        74,
        73
      ],
      [
        70,
        71,
        75,
        74
      ],
      [
        71,
        68,
        72,
        75
      ]
    ],
    "face_material_idxs": [
      0,
      0,
      0,
      0,
      0,
      0
    ]
  },
  {
    "name": "buildings_0_1_2_3_4_5_6_7_8",
    "label": "buildings",
    "id": 8,
    "face_vertex_idxs": [
      [
        76,
        77,
        78,
        79
      ],
      [
        80,
        81,
        82,
        83
      ],
      [
        76,
        77,
        81,
        80
      ],
      [
        77,
        78,
        82,
        81
      ],
      [
        78,
        79,
        83,
        82
      ],
      [
        79,
        76,
        80,
        83
      ]
    ],
    "face_material_idxs": [
      0,
      0,
      0,
      0,
      0,
      0
    ]
  },
  {
    "name": "buildings_0_1_2_3_4_5_6_7_8_9",
    "label": "buildings",
    "id": 9,
    "face_vertex_idxs": [
      [
        84,
        85,
        86,
        87
      ],
      [
        88,
        89,
        90,
        91
      ],
      [
        84,
        85,
        89,
        88
      ],
      [
        85,
        86,
        90,
        89
      ],
      [
        86,
        87,
        91,
        90
      ],
      [
        87,
        84,
        88,
        91
      ]
    ],
    "face_material_idxs": [
      0,
      0,
      0,
      0,
      0,
      0
    ]
  },
  {
    "name": "buildings_0_1_2_3_4_5_6_7_8_9_10",
    "label": "buildings",
    "id": 10,
    "face_vertex_idxs": [
      [
        92,
        93,
        94,
        95
      ],
      [
        96,
        97,
        98,
        99
      ],
      [
        92,
        93,
        97,
        96
      ],
      [
        93,
        94,
        98,
        97
      ],
      [
        94,
        95,
        99,
        98
      ],
      [
        95,
        92,
        96,
        99
      ]
    ],
    "face_material_idxs": [
      0,
      0,
      0,
      0,
      0,
      0
    ]
  },
  {
    "name": "buildings_0_1_2_3_4_5_6_7_8_9_10_11",
    "label": "buildings",
    "id": 11,
    "face_vertex_idxs": [
      [
        100,
        101,
        102,
        103
      ],
      [
        104,
        105,
        106,
        107
      ],
      [
        100,
        101,
        105,
        104
      ],
      [
        101,
        102,
        106,
        105
      ],
      [
        102,
        103,
        107,
        106
      ],
      [
        103,
        100,
        104,
        107
      ]
    ],
    "face_material_idxs": [
      0,
      0,
      0,
      0,
      0,
      0
    ]
  },
  {
    "name": "buildings_0_1_2_3_4_5_6_7_8_9_10_11_12",
    "label": "buildings",
    "id": 12,
    "face_vertex_idxs": [
      [
        108,
        109,
        110,
        111
      ],
      [
        112,
        113,
        114,
        115
      ],
      [
        108,
        109,
        113,
        112
      ],
      [
        109,
        110,
        114,
        113
      ],
      [
        110,
        111,
        115,
        114
      ],
      [
        111,
        108,
        112,
        115
      ]
    ],
    "face_material_idxs": [
      0,
      0,
      0,
      0,
      0,
      0
    ]
  },
  {
    "name": "buildings_0_1_2_3_4_5_6_7_8_9_10_11_12_13",
    "label": "buildings",
    "id": 13,
    "face_vertex_idxs": [
      [
        116,
        117,
        118,
        119
      ],
      [
        120,
        121,
        122,
        123
      ],
      [
        116,
        117,
        121,
        120
      ],
      [
        117,
        118,
        122,
        121
      ],
      [
        118,
        119,
        123,
        122
      ],
      [
        119,
        116,
        120,
        123
      ]
    ],
    "face_material_idxs": [
      0,
      0,
      0,
      0,
      0,
      0
    ]
  },
  {
    "name": "buildings_0_1_2_3_4_5_6_7_8_9_10_11_12_13_14",
    "label": "buildings",
    "id": 14,
    "face_vertex_idxs": [
      [
        124,
        125,
        126,
        127
      ],
      [
        128,
        129,
        130,
        131
      ],
      [
        124,
        125,
        129,
        128
      ],
      [
        125,
        126,
        130,
        129
      ],
      [
        126,
        127,
        131,
        130
      ],
      [
        127,
        124,
        128,
        131
      ]
    ],
    "face_material_idxs": [
      0,
      0,
      0,
      0,
      0,
      0
    ]
  },
  {
    "name": "buildings_0_1_2_3_4_5_6_7_8_9_10_11_12_13_14_15",
    "label": "buildings",
    "id": 15,
    "face_vertex_idxs": [
      [
        132,
        133,
        134,
        135
      ],
      [
        136,
        137,
        138,
        139
      ],
      [
        132,
        133,
        137,
        136
      ],
      [
        133,
        134,
        138,
        137
      ],
      [
        134,
        135,
        139,
        138
      ],
      [
        135,
        132,
        136,
        139
      ]
    ],
    "face_material_idxs": [
      0,
      0,
      0,
      0,
      0,
      0
    ]
  },
  {
    "name": "buildings_0_1_2_3_4_5_6_7_8_9_10_11_12_13_14_15_16",
    "label": "buildings",
    "id": 16,
    "face_vertex_idxs": [
      [
        140,
        141,
        142,
        143,
        144
      ],
      [
        145,
        146,
        147,
        148,
        149
      ],
      [
        140,
        141,
        146,
        145
      ],
      [
        141,
        142,
        147,
        146
      ],
      [
        142,
        143,
        148,
        147
      ],
      [
        143,
        144,
        149,
        148
      ],
      [
        144,
        140,
        145,
        149
      ]
    ],
    "face_material_idxs": [
      0,
      0,
      0,
      0,
      0,
      0,
      0
    ]
  },
  {
    "name": "buildings_0_1_2_3_4_5_6_7_8_9_10_11_12_13_14_15_16_17",
    "label": "buildings",
    "id": 17,
    "face_vertex_idxs": [
      [
        150,
        151,
        152,
        153
      ],
      [
        154,
        155,
        156,
        157
      ],
      [
        150,
        151,
        155,
        154
      ],
      [
        151,
        152,
        156,
        155
      ],
      [
        152,
        153,
        157,
        156
      ],
      [
        153,
        150,
        154,
        157
      ]
    ],
    "face_material_idxs": [
      0,
      0,
      0,
      0,
      0,
      0
    ]
  },
  {
    "name": "buildings_0_1_2_3_4_5_6_7_8_9_10_11_12_13_14_15_16_17_18",
    "label": "buildings",
    "id": 18,
    "face_vertex_idxs": [
      [
        158,
        159,
        160,
        161,
        162
      ],
      [
        163,
        164,
        165,
        166,
        167
      ],
      [
        158,
        159,
        164,
        163
      ],
      [
        159,
        160,
        165,
        164
      ],
      [
        160,
        161,
        166,
        165
      ],
      [
        161,
        162,
        167,
        166
      ],
      [
        162,
        158,
        163,
        167
      ]
    ],
    "face_material_idxs": [
      0,
      0,
      0,
      0,
      0,
      0,
      0
    ]
  },
  {
    "name": "buildings_0_1_2_3_4_5_6_7_8_9_10_11_12_13_14_15_16_17_18_19",
    "label": "buildings",
    "id": 19,
    "face_vertex_idxs": [
      [
        168,
        169,
        170,
        171
      ],
      [
        172,
        173,
        174,
        175
      ],
      [
        168,
        169,
        173,
        172
      ],
      [
        169,
        170,
        174,
        173
      ],
      [
        170,
        171,
        175,
        174
      ],
      [
        171,
        168,
        172,
        175
      ]
    ],
    "face_material_idxs": [
      0,
      0,
      0,
      0,
      0,
      0
    ]
  },
  {
    "name": "buildings_0_1_2_3_4_5_6_7_8_9_10_11_12_13_14_15_16_17_18_19_20",
    "label": "buildings",
    "id": 20,
    "face_vertex_idxs": [
      [
        176,
        177,
        178,
        179
      ],
      [
        180,
        181,
        182,
        183
      ],
      [
        176,
        177,
        181,
        180
      ],
      [
        177,
        178,
        182,
        181
      ],
      [
        178,
        179,
        183,
        182
      ],
      [
        179,
        176,
        180,
        183
      ]
    ],
    "face_material_idxs": [
      0,
      0,
      0,
      0,
      0,
      0
    ]
  },
  {
    "name": "buildings_0_1_2_3_4_5_6_7_8_9_10_11_12_13_14_15_16_17_18_19_20_21",
    "label": "buildings",
    "id": 21,
    "face_vertex_idxs": [
      [
        184,
        185,
        186,
        187
      ],
      [
        188,
        189,
        190,
        191
      ],
      [
        184,
        185,
        189,
        188
      ],
      [
        185,
        186,
        190,
        189
      ],
      [
        186,
        187,
        191,
        190
      ],
      [
        187,
        184,
        188,
        191
      ]
    ],
    "face_material_idxs": [
      0,
      0,
      0,
      0,
      0,
      0
    ]
  },
  {
    "name": "buildings_0_1_2_3_4_5_6_7_8_9_10_11_12_13_14_15_16_17_18_19_20_21_22",
    "label": "buildings",
    "id": 22,
    "face_vertex_idxs": [
      [
        192,
        193,
        194,
        195
      ],
      [
        196,
        197,
        198,
        199
      ],
      [
        192,
        193,
        197,
        196
      ],
      [
        193,
        194,
        198,
        197
      ],
      [
        194,
        195,
        199,
        198
      ],
      [
        195,
        192,
        196,
        199
      ]
    ],
    "face_material_idxs": [
      0,
      0,
      0,
      0,
      0,
      0
    ]
  },
  {
    "name": "buildings_0_1_2_3_4_5_6_7_8_9_10_11_12_13_14_15_16_17_18_19_20_21_22_23",
    "label": "buildings",
    "id": 23,
    "face_vertex_idxs": [
      [
        200,
        201,
        202,
        203
      ],
      [
        204,
        205,
        206,
        207
      ],
      [
        200,
        201,
        205,
        204
      ],
      [
        201,
        202,
        206,
        205
      ],
      [
        202,
        203,
        207,
        206
      ],
      [
        203,
        200,
        204,
        207
      ]
    ],
    "face_material_idxs": [
      0,
      0,
      0,
      0,
      0,
      0
    ]
  },
  {
    "name": "buildings_0_1_2_3_4_5_6_7_8_9_10_11_12_13_14_15_16_17_18_19_20_21_22_23_24",
    "label": "buildings",
    "id": 24,
    "face_vertex_idxs": [
      [
        208,
        209,
        210,
        211
      ],
      [
        212,
        213,
        214,
        215
      ],
      [
        208,
        209,
        213,
        212
      ],
      [
        209,
        210,
        214,
        213
      ],
      [
        210,
        211,
        215,
        214
      ],
      [
        211,
        208,
        212,
        215
      ]
    ],
    "face_material_idxs": [
      0,
      0,
      0,
      0,
      0,
      0
    ]
  },
  {
    "name": "buildings_0_1_2_3_4_5_6_7_8_9_10_11_12_13_14_15_16_17_18_19_20_21_22_23_24_25",
    "label": "buildings",
    "id": 25,
    "face_vertex_idxs": [
      [
        216,
        217,
        218,
        219
      ],
      [
        220,
        221,
        222,
        223
      ],
      [
        216,
        217,
        221,
        220
      ],
      [
        217,
        218,
        222,
        221
      ],
      [
        218,
        219,
        223,
        222
      ],
      [
        219,
        216,
        220,
        223
      ]
    ],
    "face_material_idxs": [
      0,
      0,
      0,
      0,
      0,
      0
    ]
  },
  {
    "name": "buildings_0_1_2_3_4_5_6_7_8_9_10_11_12_13_14_15_16_17_18_19_20_21_22_23_24_25_26",
    "label": "buildings",
    "id": 26,
    "face_vertex_idxs": [
      [
        224,
        225,
        226,
        227
      ],
      [
        228,
        229,
        230,
        231
      ],
      [
        224,
        225,
        229,
        228
      ],
      [
        225,
        226,
        230,
        229
      ],
      [
        226,
        227,
        231,
        230
      ],
      [
        227,
        224,
        228,
        231
      ]
    ],
    "face_material_idxs": [
      0,
      0,
      0,
      0,
      0,
      0
    ]
  },
  {
    "name": "buildings_0_1_2_3_4_5_6_7_8_9_10_11_12_13_14_15_16_17_18_19_20_21_22_23_24_25_26_27",
    "label": "buildings",
    "id": 27,
    "face_vertex_idxs": [
      [
        232,
        233,
        234,
        235
      ],
      [
        236,
        237,
        238,
        239
      ],
      [
        232,
        233,
        237,
        236
      ],
      [
        233,
        234,
        238,
        237
      ],
      [
        234,
        235,
        239,
        238
      ],
      [
        235,
        232,
        236,
        239
      ]
    ],
    "face_material_idxs": [
      0,
      0,
      0,
      0,
      0,
      0
    ]
  },
  {
    "name": "buildings_0_1_2_3_4_5_6_7_8_9_10_11_12_13_14_15_16_17_18_19_20_21_22_23_24_25_26_27_28",
    "label": "buildings",
    "id": 28,
    "face_vertex_idxs": [
      [
        240,
        241,
        242,
        243,
        244
      ],
      [
        245,
        246,
        247,
        248,
        249
      ],
      [
        240,
        241,
        246,
        245
      ],
      [
        241,
        242,
        247,
        246
      ],
      [
        242,
        243,
        248,
        247
      ],
      [
        243,
        244,
        249,
        248
      ],
      [
        244,
        240,
        245,
        249
      ]
    ],
    "face_material_idxs": [
      0,
      0,
      0,
      0,
      0,
      0,
      0
    ]
  },
  {
    "name": "buildings_0_1_2_3_4_5_6_7_8_9_10_11_12_13_14_15_16_17_18_19_20_21_22_23_24_25_26_27_28_29",
    "label": "buildings",
    "id": 29,
    "face_vertex_idxs": [
      [
        250,
        251,
        252,
        253
      ],
      [
        254,
        255,
        256,
        257
      ],
      [
        250,
        251,
        255,
        254
      ],
      [
        251,
        252,
        256,
        255
      ],
      [
        252,
        253,
        257,
        256
      ],
      [
        253,
        250,
        254,
        257
      ]
    ],
    "face_material_idxs": [
      0,
      0,
      0,
      0,
      0,
      0
    ]
  },
  {
    "name": "buildings_0_1_2_3_4_5_6_7_8_9_10_11_12_13_14_15_16_17_18_19_20_21_22_23_24_25_26_27_28_29_30",
    "label": "buildings",
    "id": 30,
    "face_vertex_idxs": [
      [
        258,
        259,
        260,
        261
      ],
      [
        262,
        263,
        264,
        265
      ],
      [
        258,
        259,
        263,
        262
      ],
      [
        259,
        260,
        264,
        263
      ],
      [
        260,
        261,
        265,
        264
      ],
      [
        261,
        258,
        262,
        265
      ]
    ],
    "face_material_idxs": [
      0,
      0,
      0,
      0,
      0,
      0
    ]
  },
  {
    "name": "buildings_0_1_2_3_4_5_6_7_8_9_10_11_12_13_14_15_16_17_18_19_20_21_22_23_24_25_26_27_28_29_30_31",
    "label": "buildings",
    "id": 31,
    "face_vertex_idxs": [
      [
        266,
        267,
        268,
        269
      ],
      [
        270,
        271,
        272,
        273
      ],
      [
        266,
        267,
        271,
        270
      ],
      [
        267,
        268,
        272,
        271
      ],
      [
        268,
        269,
        273,
        272
      ],
      [
        269,
        266,
        270,
        273
      ]
    ],
    "face_material_idxs": [
      0,
      0,
      0,
      0,
      0,
      0
    ]
  },
  {
    "name": "buildings_0_1_2_3_4_5_6_7_8_9_10_11_12_13_14_15_16_17_18_19_20_21_22_23_24_25_26_27_28_29_30_31_32",
    "label": "buildings",
    "id": 32,
    "face_vertex_idxs": [
      [
        274,
        275,
        276,
        277
      ],
      [
        278,
        279,
        280,
        281
      ],
      [
        274,
        275,
        279,
        278
      ],
      [
        275,
        276,
        280,
        279
      ],
      [
        276,
        277,
        281,
        280
      ],
      [
        277,
        274,
        278,
        281
      ]
    ],
    "face_material_idxs": [
      0,
      0,
      0,
      0,
      0,
      0
    ]
  },
  {
    "name": "buildings_0_1_2_3_4_5_6_7_8_9_10_11_12_13_14_15_16_17_18_19_20_21_22_23_24_25_26_27_28_29_30_31_32_33",
    "label": "buildings",
    "id": 33,
    "face_vertex_idxs": [
      [
        282,
        283,
        284,
        285
      ],
      [
        286,
        287,
        288,
        289
      ],
      [
        282,
        283,
        287,
        286
      ],
      [
        283,
        284,
        288,
        287
      ],
      [
        284,
        285,
        289,
        288
      ],
      [
        285,
        282,
        286,
        289
      ]
    ],
    "face_material_idxs": [
      0,
      0,
      0,
      0,
      0,
      0
    ]
  },
  {
    "name": "buildings_0_1_2_3_4_5_6_7_8_9_10_11_12_13_14_15_16_17_18_19_20_21_22_23_24_25_26_27_28_29_30_31_32_33_34",
    "label": "buildings",
    "id": 34,
    "face_vertex_idxs": [
      [
        290,
        291,
        292,
        293,
        294,
        295,
        296
      ],
      [
        297,
        298,
        299,
        300,
        301,
        302,
        303
      ],
      [
        290,
        291,
        298,
        297
      ],
      [
        291,
        292,
        299,
        298
      ],
      [
        292,
        293,
        300,
        299
      ],
      [
        293,
        294,
        301,
        300
      ],
      [
        294,
        295,
        302,
        301
      ],
      [
        295,
        296,
        303,
        302
      ],
      [
        296,
        290,
        297,
        303
      ]
    ],
    "face_material_idxs": [
      0,
      0,
      0,
      0,
      0,
      0,
      0,
      0,
      0
    ]
  },
  {
    "name": "buildings_0_1_2_3_4_5_6_7_8_9_10_11_12_13_14_15_16_17_18_19_20_21_22_23_24_25_26_27_28_29_30_31_32_33_34_35",
    "label": "buildings",
    "id": 35,
    "face_vertex_idxs": [
      [
        304,
        305,
        306,
        307
      ],
      [
        308,
        309,
        310,
        311
      ],
      [
        304,
        305,
        309,
        308
      ],
      [
        305,
        306,
        310,
        309
      ],
      [
        306,
        307,
        311,
        310
      ],
      [
        307,
        304,
        308,
        311
      ]
    ],
    "face_material_idxs": [
      0,
      0,
      0,
      0,
      0,
      0
    ]
  },
  {
    "name": "buildings_0_1_2_3_4_5_6_7_8_9_10_11_12_13_14_15_16_17_18_19_20_21_22_23_24_25_26_27_28_29_30_31_32_33_34_35_36",
    "label": "buildings",
    "id": 36,
    "face_vertex_idxs": [
      [
        312,
        313,
        314,
        315,
        316,
        317,
        318
      ],
      [
        319,
        320,
        321,
        322,
        323,
        324,
        325
      ],
      [
        312,
        313,
        320,
        319
      ],
      [
        313,
        314,
        321,
        320
      ],
      [
        314,
        315,
        322,
        321
      ],
      [
        315,
        316,
        323,
        322
      ],
      [
        316,
        317,
        324,
        323
      ],
      [
        317,
        318,
        325,
        324
      ],
      [
        318,
        312,
        319,
        325
      ]
    ],
    "face_material_idxs": [
      0,
      0,
      0,
      0,
      0,
      0,
      0,
      0,
      0
    ]
  },
  {
    "name": "buildings_0_1_2_3_4_5_6_7_8_9_10_11_12_13_14_15_16_17_18_19_20_21_22_23_24_25_26_27_28_29_30_31_32_33_34_35_36_37",
    "label": "buildings",
    "id": 37,
    "face_vertex_idxs": [
      [
        326,
        327,
        328,
        329
      ],
      [
        330,
        331,
        332,
        333
      ],
      [
        326,
        327,
        331,
        330
      ],
      [
        327,
        328,
        332,
        331
      ],
      [
        328,
        329,
        333,
        332
      ],
      [
        329,
        326,
        330,
        333
      ]
    ],
    "face_material_idxs": [
      0,
      0,
      0,
      0,
      0,
      0
    ]
  },
  {
    "name": "buildings_0_1_2_3_4_5_6_7_8_9_10_11_12_13_14_15_16_17_18_19_20_21_22_23_24_25_26_27_28_29_30_31_32_33_34_35_36_37_38",
    "label": "buildings",
    "id": 38,
    "face_vertex_idxs": [
      [
        334,
        335,
        336,
        337
      ],
      [
        338,
        339,
        340,
        341
      ],
      [
        334,
        335,
        339,
        338
      ],
      [
        335,
        336,
        340,
        339
      ],
      [
        336,
        337,
        341,
        340
      ],
      [
        337,
        334,
        338,
        341
      ]
    ],
    "face_material_idxs": [
      0,
      0,
      0,
      0,
      0,
      0
    ]
  },
  {
    "name": "buildings_0_1_2_3_4_5_6_7_8_9_10_11_12_13_14_15_16_17_18_19_20_21_22_23_24_25_26_27_28_29_30_31_32_33_34_35_36_37_38_39",
    "label": "buildings",
    "id": 39,
    "face_vertex_idxs": [
      [
        342,
        343,
        344,
        345
      ],
      [
        346,
        347,
        348,
        349
      ],
      [
        342,
        343,
        347,
        346
      ],
      [
        343,
        344,
        348,
        347
      ],
      [
        344,
        345,
        349,
        348
      ],
      [
        345,
        342,
        346,
        349
      ]
    ],
    "face_material_idxs": [
      0,
      0,
      0,
      0,
      0,
      0
    ]
  },
  {
    "name": "buildings_0_1_2_3_4_5_6_7_8_9_10_11_12_13_14_15_16_17_18_19_20_21_22_23_24_25_26_27_28_29_30_31_32_33_34_35_36_37_38_39_40",
    "label": "buildings",
    "id": 40,
    "face_vertex_idxs": [
      [
        350,
        351,
        352,
        353
      ],
      [
        354,
        355,
        356,
        357
      ],
      [
        350,
        351,
        355,
        354
      ],
      [
        351,
        352,
        356,
        355
      ],
      [
        352,
        353,
        357,
        356
      ],
      [
        353,
        350,
        354,
        357
      ]
    ],
    "face_material_idxs": [
      0,
      0,
      0,
      0,
      0,
      0
    ]
  },
  {
    "name": "buildings_0_1_2_3_4_5_6_7_8_9_10_11_12_13_14_15_16_17_18_19_20_21_22_23_24_25_26_27_28_29_30_31_32_33_34_35_36_37_38_39_40_41",
    "label": "buildings",
    "id": 41,
    "face_vertex_idxs": [
      [
        358,
        359,
        360,
        361
      ],
      [
        362,
        363,
        364,
        365
      ],
      [
        358,
        359,
        363,
        362
      ],
      [
        359,
        360,
        364,
        363
      ],
      [
        360,
        361,
        365,
        364
      ],
      [
        361,
        358,
        362,
        365
      ]
    ],
    "face_material_idxs": [
      0,
      0,
      0,
      0,
      0,
      0
    ]
  },
  {
    "name": "buildings_0_1_2_3_4_5_6_7_8_9_10_11_12_13_14_15_16_17_18_19_20_21_22_23_24_25_26_27_28_29_30_31_32_33_34_35_36_37_38_39_40_41_42",
    "label": "buildings",
    "id": 42,
    "face_vertex_idxs": [
      [
        366,
        367,
        368,
        369
      ],
      [
        370,
        371,
        372,
        373
      ],
      [
        366,
        367,
        371,
        370
      ],
      [
        367,
        368,
        372,
        371
      ],
      [
        368,
        369,
        373,
        372
      ],
      [
        369,
        366,
        370,
        373
      ]
    ],
    "face_material_idxs": [
      0,
      0,
      0,
      0,
      0,
      0
    ]
  },
  {
    "name": "buildings_0_1_2_3_4_5_6_7_8_9_10_11_12_13_14_15_16_17_18_19_20_21_22_23_24_25_26_27_28_29_30_31_32_33_34_35_36_37_38_39_40_41_42_43",
    "label": "buildings",
    "id": 43,
    "face_vertex_idxs": [
      [
        374,
        375,
        376,
        377,
        378
      ],
      [
        379,
        380,
        381,
        382,
        383
      ],
      [
        374,
        375,
        380,
        379
      ],
      [
        375,
        376,
        381,
        380
      ],
      [
        376,
        377,
        382,
        381
      ],
      [
        377,
        378,
        383,
        382
      ],
      [
        378,
        374,
        379,
        383
      ]
    ],
    "face_material_idxs": [
      0,
      0,
      0,
      0,
      0,
      0,
      0
    ]
  },
  {
    "name": "buildings_0_1_2_3_4_5_6_7_8_9_10_11_12_13_14_15_16_17_18_19_20_21_22_23_24_25_26_27_28_29_30_31_32_33_34_35_36_37_38_39_40_41_42_43_44",
    "label": "buildings",
    "id": 44,
    "face_vertex_idxs": [
      [
        384,
        385,
        386,
        387
      ],
      [
        388,
        389,
        390,
        391
      ],
      [
        384,
        385,
        389,
        388
      ],
      [
        385,
        386,
        390,
        389
      ],
      [
        386,
        387,
        391,
        390
      ],
      [
        387,
        384,
        388,
        391
      ]
    ],
    "face_material_idxs": [
      0,
      0,
      0,
      0,
      0,
      0
    ]
  },
  {
    "name": "buildings_0_1_2_3_4_5_6_7_8_9_10_11_12_13_14_15_16_17_18_19_20_21_22_23_24_25_26_27_28_29_30_31_32_33_34_35_36_37_38_39_40_41_42_43_44_45",
    "label": "buildings",
    "id": 45,
    "face_vertex_idxs": [
      [
        392,
        393,
        394,
        395,
        396,
        397,
        398,
        399,
        400
      ]
    ],
    "face_material_idxs": [
      0
    ]
  },
  {
    "name": "buildings_0_1_2_3_4_5_6_7_8_9_10_11_12_13_14_15_16_17_18_19_20_21_22_23_24_25_26_27_28_29_30_31_32_33_34_35_36_37_38_39_40_41_42_43_44_45_46",
    "label": "buildings",
    "id": 46,
    "face_vertex_idxs": [
      [
        401,
        402,
        403,
        404,
        405
      ]
    ],
    "face_material_idxs": [
      0
    ]
  },
  {
    "name": "buildings_0_1_2_3_4_5_6_7_8_9_10_11_12_13_14_15_16_17_18_19_20_21_22_23_24_25_26_27_28_29_30_31_32_33_34_35_36_37_38_39_40_41_42_43_44_45_46_47",
    "label": "buildings",
    "id": 47,
    "face_vertex_idxs": [
      [
        406,
        407,
        408,
        409,
        410
      ]
    ],
    "face_material_idxs": [
      0
    ]
  },
  {
    "name": "buildings_0_1_2_3_4_5_6_7_8_9_10_11_12_13_14_15_16_17_18_19_20_21_22_23_24_25_26_27_28_29_30_31_32_33_34_35_36_37_38_39_40_41_42_43_44_45_46_47_48",
    "label": "buildings",
    "id": 48,
    "face_vertex_idxs": [
      [
        411,
        412,
        413,
        414,
        415
      ]
    ],
    "face_material_idxs": [
      0
    ]
  },
  {
    "name": "buildings_0_1_2_3_4_5_6_7_8_9_10_11_12_13_14_15_16_17_18_19_20_21_22_23_24_25_26_27_28_29_30_31_32_33_34_35_36_37_38_39_40_41_42_43_44_45_46_47_48_49",
    "label": "buildings",
    "id": 49,
    "face_vertex_idxs": [
      [
        416,
        417,
        418,
        419,
        420,
        421,
        422
      ]
    ],
    "face_material_idxs": [
      0
    ]
  },
  {
    "name": "buildings_0_1_2_3_4_5_6_7_8_9_10_11_12_13_14_15_16_17_18_19_20_21_22_23_24_25_26_27_28_29_30_31_32_33_34_35_36_37_38_39_40_41_42_43_44_45_46_47_48_49_50",
    "label": "buildings",
    "id": 50,
    "face_vertex_idxs": [
      [
        423,
        424,
        425,
        426,
        427,
        428
      ]
    ],
    "face_material_idxs": [
      0
    ]
  },
  {
    "name": "buildings_0_1_2_3_4_5_6_7_8_9_10_11_12_13_14_15_16_17_18_19_20_21_22_23_24_25_26_27_28_29_30_31_32_33_34_35_36_37_38_39_40_41_42_43_44_45_46_47_48_49_50_51",
    "label": "buildings",
    "id": 51,
    "face_vertex_idxs": [
      [
        429,
        430,
        431,
        432
      ]
    ],
    "face_material_idxs": [
      0
    ]
  },
  {
    "name": "roads_0",
    "label": "buildings",
    "id": 52,
    "face_vertex_idxs": [
      [
        0,
        1,
        2,
        3,
        4
      ],
      [
        5,
        6,
        7,
        8,
        9
      ],
      [
        0,
        1,
        6,
        5
      ],
      [
        1,
        2,
        7,
        6
      ],
      [
        2,
        3,
        8,
        7
      ],
      [
        3,
        4,
        9,
        8
      ],
      [
        4,
        0,
        5,
        9
      ]
    ],
    "face_material_idxs": [
      0,
      0,
      0,
      0,
      0,
      0,
      0
    ]
  },
  {
    "name": "roads_0_1",
    "label": "buildings",
    "id": 53,
    "face_vertex_idxs": [
      [
        10,
        11,
        12,
        13,
        14,
        15
      ],
      [
        16,
        17,
        18,
        19,
        20,
        21
      ],
      [
        10,
        11,
        17,
        16
      ],
      [
        11,
        12,
        18,
        17
      ],
      [
        12,
        13,
        19,
        18
      ],
      [
        13,
        14,
        20,
        19
      ],
      [
        14,
        15,
        21,
        20
      ],
      [
        15,
        10,
        16,
        21
      ]
    ],
    "face_material_idxs": [
      0,
      0,
      0,
      0,
      0,
      0,
      0,
      0
    ]
  },
  {
    "name": "roads_0_1_2",
    "label": "buildings",
    "id": 54,
    "face_vertex_idxs": [
      [
        22,
        23,
        24,
        25
      ],
      [
        26,
        27,
        28,
        29
      ],
      [
        22,
        23,
        27,
        26
      ],
      [
        23,
        24,
        28,
        27
      ],
      [
        24,
        25,
        29,
        28
      ],
      [
        25,
        22,
        26,
        29
      ]
    ],
    "face_material_idxs": [
      0,
      0,
      0,
      0,
      0,
      0
    ]
  },
  {
    "name": "roads_0_1_2_3",
    "label": "buildings",
    "id": 55,
    "face_vertex_idxs": [
      [
        30,
        31,
        32,
        33,
        34,
        35
      ],
      [
        36,
        37,
        38,
        39,
        40,
        41
      ],
      [
        30,
        31,
        37,
        36
      ],
      [
        31,
        32,
        38,
        37
      ],
      [
        32,
        33,
        39,
        38
      ],
      [
        33,
        34,
        40,
        39
      ],
      [
        34,
        35,
        41,
        40
      ],
      [
        35,
        30,
        36,
        41
      ]
    ],
    "face_material_idxs": [
      0,
      0,
      0,
      0,
      0,
      0,
      0,
      0
    ]
  },
  {
    "name": "roads_0_1_2_3_4",
    "label": "buildings",
    "id": 56,
    "face_vertex_idxs": [
      [
        42,
        43,
        44,
        45,
        46
      ],
      [
        47,
        48,
        49,
        50,
        51
      ],
      [
        42,
        43,
        48,
        47
      ],
      [
        43,
        44,
        49,
        48
      ],
      [
        44,
        45,
        50,
        49
      ],
      [
        45,
        46,
        51,
        50
      ],
      [
        46,
        42,
        47,
        51
      ]
    ],
    "face_material_idxs": [
      0,
      0,
      0,
      0,
      0,
      0,
      0
    ]
  },
  {
    "name": "roads_0_1_2_3_4_5",
    "label": "buildings",
    "id": 57,
    "face_vertex_idxs": [
      [
        52,
        53,
        54,
        55
      ],
      [
        56,
        57,
        58,
        59
      ],
      [
        52,
        53,
        57,
        56
      ],
      [
        53,
        54,
        58,
        57
      ],
      [
        54,
        55,
        59,
        58
      ],
      [
        55,
        52,
        56,
        59
      ]
    ],
    "face_material_idxs": [
      0,
      0,
      0,
      0,
      0,
      0
    ]
  },
  {
    "name": "roads_0_1_2_3_4_5_6",
    "label": "buildings",
    "id": 58,
    "face_vertex_idxs": [
      [
        60,
        61,
        62,
        63
      ],
      [
        64,
        65,
        66,
        67
      ],
      [
        60,
        61,
        65,
        64
      ],
      [
        61,
        62,
        66,
        65
      ],
      [
        62,
        63,
        67,
        66
      ],
      [
        63,
        60,
        64,
        67
      ]
    ],
    "face_material_idxs": [
      0,
      0,
      0,
      0,
      0,
      0
    ]
  },
  {
    "name": "roads_0_1_2_3_4_5_6_7",
    "label": "buildings",
    "id": 59,
    "face_vertex_idxs": [
      [
        68,
        69,
        70,
        71
      ],
      [
        72,
        73,
        74,
        75
      ],
      [
        68,
        69,
        73,
        72
      ],
      [
        69,
        70,
        74,
        73
      ],
      [
        70,
        71,
        75,
        74
      ],
      [
        71,
        68,
        72,
        75
      ]
    ],
    "face_material_idxs": [
      0,
      0,
      0,
      0,
      0,
      0
    ]
  },
  {
    "name": "roads_0_1_2_3_4_5_6_7_8",
    "label": "buildings",
    "id": 60,
    "face_vertex_idxs": [
      [
        76,
        77,
        78,
        79
      ],
      [
        80,
        81,
        82,
        83
      ],
      [
        76,
        77,
        81,
        80
      ],
      [
        77,
        78,
        82,
        81
      ],
      [
        78,
        79,
        83,
        82
      ],
      [
        79,
        76,
        80,
        83
      ]
    ],
    "face_material_idxs": [
      0,
      0,
      0,
      0,
      0,
      0
    ]
  },
  {
    "name": "roads_0_1_2_3_4_5_6_7_8_9",
    "label": "buildings",
    "id": 61,
    "face_vertex_idxs": [
      [
        84,
        85,
        86,
        87
      ],
      [
        88,
        89,
        90,
        91
      ],
      [
        84,
        85,
        89,
        88
      ],
      [
        85,
        86,
        90,
        89
      ],
      [
        86,
        87,
        91,
        90
      ],
      [
        87,
        84,
        88,
        91
      ]
    ],
    "face_material_idxs": [
      0,
      0,
      0,
      0,
      0,
      0
    ]
  },
  {
    "name": "roads_0_1_2_3_4_5_6_7_8_9_10",
    "label": "buildings",
    "id": 62,
    "face_vertex_idxs": [
      [
        92,
        93,
        94,
        95
      ],
      [
        96,
        97,
        98,
        99
      ],
      [
        92,
        93,
        97,
        96
      ],
      [
        93,
        94,
        98,
        97
      ],
      [
        94,
        95,
        99,
        98
      ],
      [
        95,
        92,
        96,
        99
      ]
    ],
    "face_material_idxs": [
      0,
      0,
      0,
      0,
      0,
      0
    ]
  },
  {
    "name": "roads_0_1_2_3_4_5_6_7_8_9_10_11",
    "label": "buildings",
    "id": 63,
    "face_vertex_idxs": [
      [
        100,
        101,
        102,
        103
      ],
      [
        104,
        105,
        106,
        107
      ],
      [
        100,
        101,
        105,
        104
      ],
      [
        101,
        102,
        106,
        105
      ],
      [
        102,
        103,
        107,
        106
      ],
      [
        103,
        100,
        104,
        107
      ]
    ],
    "face_material_idxs": [
      0,
      0,
      0,
      0,
      0,
      0
    ]
  },
  {
    "name": "roads_0_1_2_3_4_5_6_7_8_9_10_11_12",
    "label": "buildings",
    "id": 64,
    "face_vertex_idxs": [
      [
        108,
        109,
        110,
        111
      ],
      [
        112,
        113,
        114,
        115
      ],
      [
        108,
        109,
        113,
        112
      ],
      [
        109,
        110,
        114,
        113
      ],
      [
        110,
        111,
        115,
        114
      ],
      [
        111,
        108,
        112,
        115
      ]
    ],
    "face_material_idxs": [
      0,
      0,
      0,
      0,
      0,
      0
    ]
  },
  {
    "name": "roads_0_1_2_3_4_5_6_7_8_9_10_11_12_13",
    "label": "buildings",
    "id": 65,
    "face_vertex_idxs": [
      [
        116,
        117,
        118,
        119
      ],
      [
        120,
        121,
        122,
        123
      ],
      [
        116,
        117,
        121,
        120
      ],
      [
        117,
        118,
        122,
        121
      ],
      [
        118,
        119,
        123,
        122
      ],
      [
        119,
        116,
        120,
        123
      ]
    ],
    "face_material_idxs": [
      0,
      0,
      0,
      0,
      0,
      0
    ]
  },
  {
    "name": "roads_0_1_2_3_4_5_6_7_8_9_10_11_12_13_14",
    "label": "buildings",
    "id": 66,
    "face_vertex_idxs": [
      [
        124,
        125,
        126,
        127
      ],
      [
        128,
        129,
        130,
        131
      ],
      [
        124,
        125,
        129,
        128
      ],
      [
        125,
        126,
        130,
        129
      ],
      [
        126,
        127,
        131,
        130
      ],
      [
        127,
        124,
        128,
        131
      ]
    ],
    "face_material_idxs": [
      0,
      0,
      0,
      0,
      0,
      0
    ]
  },
  {
    "name": "roads_0_1_2_3_4_5_6_7_8_9_10_11_12_13_14_15",
    "label": "buildings",
    "id": 67,
    "face_vertex_idxs": [
      [
        132,
        133,
        134,
        135
      ],
      [
        136,
        137,
        138,
        139
      ],
      [
        132,
        133,
        137,
        136
      ],
      [
        133,
        134,
        138,
        137
      ],
      [
        134,
        135,
        139,
        138
      ],
      [
        135,
        132,
        136,
        139
      ]
    ],
    "face_material_idxs": [
      0,
      0,
      0,
      0,
      0,
      0
    ]
  },
  {
    "name": "roads_0_1_2_3_4_5_6_7_8_9_10_11_12_13_14_15_16",
    "label": "buildings",
    "id": 68,
    "face_vertex_idxs": [
      [
        140,
        141,
        142,
        143,
        144
      ],
      [
        145,
        146,
        147,
        148,
        149
      ],
      [
        140,
        141,
        146,
        145
      ],
      [
        141,
        142,
        147,
        146
      ],
      [
        142,
        143,
        148,
        147
      ],
      [
        143,
        144,
        149,
        148
      ],
      [
        144,
        140,
        145,
        149
      ]
    ],
    "face_material_idxs": [
      0,
      0,
      0,
      0,
      0,
      0,
      0
    ]
  },
  {
    "name": "roads_0_1_2_3_4_5_6_7_8_9_10_11_12_13_14_15_16_17",
    "label": "buildings",
    "id": 69,
    "face_vertex_idxs": [
      [
        150,
        151,
        152,
        153
      ],
      [
        154,
        155,
        156,
        157
      ],
      [
        150,
        151,
        155,
        154
      ],
      [
        151,
        152,
        156,
        155
      ],
      [
        152,
        153,
        157,
        156
      ],
      [
        153,
        150,
        154,
        157
      ]
    ],
    "face_material_idxs": [
      0,
      0,
      0,
      0,
      0,
      0
    ]
  },
  {
    "name": "roads_0_1_2_3_4_5_6_7_8_9_10_11_12_13_14_15_16_17_18",
    "label": "buildings",
    "id": 70,
    "face_vertex_idxs": [
      [
        158,
        159,
        160,
        161,
        162
      ],
      [
        163,
        164,
        165,
        166,
        167
      ],
      [
        158,
        159,
        164,
        163
      ],
      [
        159,
        160,
        165,
        164
      ],
      [
        160,
        161,
        166,
        165
      ],
      [
        161,
        162,
        167,
        166
      ],
      [
        162,
        158,
        163,
        167
      ]
    ],
    "face_material_idxs": [
      0,
      0,
      0,
      0,
      0,
      0,
      0
    ]
  },
  {
    "name": "roads_0_1_2_3_4_5_6_7_8_9_10_11_12_13_14_15_16_17_18_19",
    "label": "buildings",
    "id": 71,
    "face_vertex_idxs": [
      [
        168,
        169,
        170,
        171
      ],
      [
        172,
        173,
        174,
        175
      ],
      [
        168,
        169,
        173,
        172
      ],
      [
        169,
        170,
        174,
        173
      ],
      [
        170,
        171,
        175,
        174
      ],
      [
        171,
        168,
        172,
        175
      ]
    ],
    "face_material_idxs": [
      0,
      0,
      0,
      0,
      0,
      0
    ]
  },
  {
    "name": "roads_0_1_2_3_4_5_6_7_8_9_10_11_12_13_14_15_16_17_18_19_20",
    "label": "buildings",
    "id": 72,
    "face_vertex_idxs": [
      [
        176,
        177,
        178,
        179
      ],
      [
        180,
        181,
        182,
        183
      ],
      [
        176,
        177,
        181,
        180
      ],
      [
        177,
        178,
        182,
        181
      ],
      [
        178,
        179,
        183,
        182
      ],
      [
        179,
        176,
        180,
        183
      ]
    ],
    "face_material_idxs": [
      0,
      0,
      0,
      0,
      0,
      0
    ]
  },
  {
    "name": "roads_0_1_2_3_4_5_6_7_8_9_10_11_12_13_14_15_16_17_18_19_20_21",
    "label": "buildings",
    "id": 73,
    "face_vertex_idxs": [
      [
        184,
        185,
        186,
        187
      ],
      [
        188,
        189,
        190,
        191
      ],
      [
        184,
        185,
        189,
        188
      ],
      [
        185,
        186,
        190,
        189
      ],
      [
        186,
        187,
        191,
        190
      ],
      [
        187,
        184,
        188,
        191
      ]
    ],
    "face_material_idxs": [
      0,
      0,
      0,
      0,
      0,
      0
    ]
  },
  {
    "name": "roads_0_1_2_3_4_5_6_7_8_9_10_11_12_13_14_15_16_17_18_19_20_21_22",
    "label": "buildings",
    "id": 74,
    "face_vertex_idxs": [
      [
        192,
        193,
        194,
        195
      ],
      [
        196,
        197,
        198,
        199
      ],
      [
        192,
        193,
        197,
        196
      ],
      [
        193,
        194,
        198,
        197
      ],
      [
        194,
        195,
        199,
        198
      ],
      [
        195,
        192,
        196,
        199
      ]
    ],
    "face_material_idxs": [
      0,
      0,
      0,
      0,
      0,
      0
    ]
  },
  {
    "name": "roads_0_1_2_3_4_5_6_7_8_9_10_11_12_13_14_15_16_17_18_19_20_21_22_23",
    "label": "buildings",
    "id": 75,
    "face_vertex_idxs": [
      [
        200,
        201,
        202,
        203
      ],
      [
        204,
        205,
        206,
        207
      ],
      [
        200,
        201,
        205,
        204
      ],
      [
        201,
        202,
        206,
        205
      ],
      [
        202,
        203,
        207,
        206
      ],
      [
        203,
        200,
        204,
        207
      ]
    ],
    "face_material_idxs": [
      0,
      0,
      0,
      0,
      0,
      0
    ]
  },
  {
    "name": "roads_0_1_2_3_4_5_6_7_8_9_10_11_12_13_14_15_16_17_18_19_20_21_22_23_24",
    "label": "buildings",
    "id": 76,
    "face_vertex_idxs": [
      [
        208,
        209,
        210,
        211
      ],
      [
        212,
        213,
        214,
        215
      ],
      [
        208,
        209,
        213,
        212
      ],
      [
        209,
        210,
        214,
        213
      ],
      [
        210,
        211,
        215,
        214
      ],
      [
        211,
        208,
        212,
        215
      ]
    ],
    "face_material_idxs": [
      0,
      0,
      0,
      0,
      0,
      0
    ]
  },
  {
    "name": "roads_0_1_2_3_4_5_6_7_8_9_10_11_12_13_14_15_16_17_18_19_20_21_22_23_24_25",
    "label": "buildings",
    "id": 77,
    "face_vertex_idxs": [
      [
        216,
        217,
        218,
        219
      ],
      [
        220,
        221,
        222,
        223
      ],
      [
        216,
        217,
        221,
        220
      ],
      [
        217,
        218,
        222,
        221
      ],
      [
        218,
        219,
        223,
        222
      ],
      [
        219,
        216,
        220,
        223
      ]
    ],
    "face_material_idxs": [
      0,
      0,
      0,
      0,
      0,
      0
    ]
  },
  {
    "name": "roads_0_1_2_3_4_5_6_7_8_9_10_11_12_13_14_15_16_17_18_19_20_21_22_23_24_25_26",
    "label": "buildings",
    "id": 78,
    "face_vertex_idxs": [
      [
        224,
        225,
        226,
        227
      ],
      [
        228,
        229,
        230,
        231
      ],
      [
        224,
        225,
        229,
        228
      ],
      [
        225,
        226,
        230,
        229
      ],
      [
        226,
        227,
        231,
        230
      ],
      [
        227,
        224,
        228,
        231
      ]
    ],
    "face_material_idxs": [
      0,
      0,
      0,
      0,
      0,
      0
    ]
  },
  {
    "name": "roads_0_1_2_3_4_5_6_7_8_9_10_11_12_13_14_15_16_17_18_19_20_21_22_23_24_25_26_27",
    "label": "buildings",
    "id": 79,
    "face_vertex_idxs": [
      [
        232,
        233,
        234,
        235
      ],
      [
        236,
        237,
        238,
        239
      ],
      [
        232,
        233,
        237,
        236
      ],
      [
        233,
        234,
        238,
        237
      ],
      [
        234,
        235,
        239,
        238
      ],
      [
        235,
        232,
        236,
        239
      ]
    ],
    "face_material_idxs": [
      0,
      0,
      0,
      0,
      0,
      0
    ]
  },
  {
    "name": "roads_0_1_2_3_4_5_6_7_8_9_10_11_12_13_14_15_16_17_18_19_20_21_22_23_24_25_26_27_28",
    "label": "buildings",
    "id": 80,
    "face_vertex_idxs": [
      [
        240,
        241,
        242,
        243,
        244
      ],
      [
        245,
        246,
        247,
        248,
        249
      ],
      [
        240,
        241,
        246,
        245
      ],
      [
        241,
        242,
        247,
        246
      ],
      [
        242,
        243,
        248,
        247
      ],
      [
        243,
        244,
        249,
        248
      ],
      [
        244,
        240,
        245,
        249
      ]
    ],
    "face_material_idxs": [
      0,
      0,
      0,
      0,
      0,
      0,
      0
    ]
  },
  {
    "name": "roads_0_1_2_3_4_5_6_7_8_9_10_11_12_13_14_15_16_17_18_19_20_21_22_23_24_25_26_27_28_29",
    "label": "buildings",
    "id": 81,
    "face_vertex_idxs": [
      [
        250,
        251,
        252,
        253
      ],
      [
        254,
        255,
        256,
        257
      ],
      [
        250,
        251,
        255,
        254
      ],
      [
        251,
        252,
        256,
        255
      ],
      [
        252,
        253,
        257,
        256
      ],
      [
        253,
        250,
        254,
        257
      ]
    ],
    "face_material_idxs": [
      0,
      0,
      0,
      0,
      0,
      0
    ]
  },
  {
    "name": "roads_0_1_2_3_4_5_6_7_8_9_10_11_12_13_14_15_16_17_18_19_20_21_22_23_24_25_26_27_28_29_30",
    "label": "buildings",
    "id": 82,
    "face_vertex_idxs": [
      [
        258,
        259,
        260,
        261
      ],
      [
        262,
        263,
        264,
        265
      ],
      [
        258,
        259,
        263,
        262
      ],
      [
        259,
        260,
        264,
        263
      ],
      [
        260,
        261,
        265,
        264
      ],
      [
        261,
        258,
        262,
        265
      ]
    ],
    "face_material_idxs": [
      0,
      0,
      0,
      0,
      0,
      0
    ]
  },
  {
    "name": "roads_0_1_2_3_4_5_6_7_8_9_10_11_12_13_14_15_16_17_18_19_20_21_22_23_24_25_26_27_28_29_30_31",
    "label": "buildings",
    "id": 83,
    "face_vertex_idxs": [
      [
        266,
        267,
        268,
        269
      ],
      [
        270,
        271,
        272,
        273
      ],
      [
        266,
        267,
        271,
        270
      ],
      [
        267,
        268,
        272,
        271
      ],
      [
        268,
        269,
        273,
        272
      ],
      [
        269,
        266,
        270,
        273
      ]
    ],
    "face_material_idxs": [
      0,
      0,
      0,
      0,
      0,
      0
    ]
  },
  {
    "name": "roads_0_1_2_3_4_5_6_7_8_9_10_11_12_13_14_15_16_17_18_19_20_21_22_23_24_25_26_27_28_29_30_31_32",
    "label": "buildings",
    "id": 84,
    "face_vertex_idxs": [
      [
        274,
        275,
        276,
        277
      ],
      [
        278,
        279,
        280,
        281
      ],
      [
        274,
        275,
        279,
        278
      ],
      [
        275,
        276,
        280,
        279
      ],
      [
        276,
        277,
        281,
        280
      ],
      [
        277,
        274,
        278,
        281
      ]
    ],
    "face_material_idxs": [
      0,
      0,
      0,
      0,
      0,
      0
    ]
  },
  {
    "name": "roads_0_1_2_3_4_5_6_7_8_9_10_11_12_13_14_15_16_17_18_19_20_21_22_23_24_25_26_27_28_29_30_31_32_33",
    "label": "buildings",
    "id": 85,
    "face_vertex_idxs": [
      [
        282,
        283,
        284,
        285
      ],
      [
        286,
        287,
        288,
        289
      ],
      [
        282,
        283,
        287,
        286
      ],
      [
        283,
        284,
        288,
        287
      ],
      [
        284,
        285,
        289,
        288
      ],
      [
        285,
        282,
        286,
        289
      ]
    ],
    "face_material_idxs": [
      0,
      0,
      0,
      0,
      0,
      0
    ]
  },
  {
    "name": "roads_0_1_2_3_4_5_6_7_8_9_10_11_12_13_14_15_16_17_18_19_20_21_22_23_24_25_26_27_28_29_30_31_32_33_34",
    "label": "buildings",
    "id": 86,
    "face_vertex_idxs": [
      [
        290,
        291,
        292,
        293,
        294,
        295,
        296
      ],
      [
        297,
        298,
        299,
        300,
        301,
        302,
        303
      ],
      [
        290,
        291,
        298,
        297
      ],
      [
        291,
        292,
        299,
        298
      ],
      [
        292,
        293,
        300,
        299
      ],
      [
        293,
        294,
        301,
        300
      ],
      [
        294,
        295,
        302,
        301
      ],
      [
        295,
        296,
        303,
        302
      ],
      [
        296,
        290,
        297,
        303
      ]
    ],
    "face_material_idxs": [
      0,
      0,
      0,
      0,
      0,
      0,
      0,
      0,
      0
    ]
  },
  {
    "name": "roads_0_1_2_3_4_5_6_7_8_9_10_11_12_13_14_15_16_17_18_19_20_21_22_23_24_25_26_27_28_29_30_31_32_33_34_35",
    "label": "buildings",
    "id": 87,
    "face_vertex_idxs": [
      [
        304,
        305,
        306,
        307
      ],
      [
        308,
        309,
        310,
        311
      ],
      [
        304,
        305,
        309,
        308
      ],
      [
        305,
        306,
        310,
        309
      ],
      [
        306,
        307,
        311,
        310
      ],
      [
        307,
        304,
        308,
        311
      ]
    ],
    "face_material_idxs": [
      0,
      0,
      0,
      0,
      0,
      0
    ]
  },
  {
    "name": "roads_0_1_2_3_4_5_6_7_8_9_10_11_12_13_14_15_16_17_18_19_20_21_22_23_24_25_26_27_28_29_30_31_32_33_34_35_36",
    "label": "buildings",
    "id": 88,
    "face_vertex_idxs": [
      [
        312,
        313,
        314,
        315,
        316,
        317,
        318
      ],
      [
        319,
        320,
        321,
        322,
        323,
        324,
        325
      ],
      [
        312,
        313,
        320,
        319
      ],
      [
        313,
        314,
        321,
        320
      ],
      [
        314,
        315,
        322,
        321
      ],
      [
        315,
        316,
        323,
        322
      ],
      [
        316,
        317,
        324,
        323
      ],
      [
        317,
        318,
        325,
        324
      ],
      [
        318,
        312,
        319,
        325
      ]
    ],
    "face_material_idxs": [
      0,
      0,
      0,
      0,
      0,
      0,
      0,
      0,
      0
    ]
  },
  {
    "name": "roads_0_1_2_3_4_5_6_7_8_9_10_11_12_13_14_15_16_17_18_19_20_21_22_23_24_25_26_27_28_29_30_31_32_33_34_35_36_37",
    "label": "buildings",
    "id": 89,
    "face_vertex_idxs": [
      [
        326,
        327,
        328,
        329
      ],
      [
        330,
        331,
        332,
        333
      ],
      [
        326,
        327,
        331,
        330
      ],
      [
        327,
        328,
        332,
        331
      ],
      [
        328,
        329,
        333,
        332
      ],
      [
        329,
        326,
        330,
        333
      ]
    ],
    "face_material_idxs": [
      0,
      0,
      0,
      0,
      0,
      0
    ]
  },
  {
    "name": "roads_0_1_2_3_4_5_6_7_8_9_10_11_12_13_14_15_16_17_18_19_20_21_22_23_24_25_26_27_28_29_30_31_32_33_34_35_36_37_38",
    "label": "buildings",
    "id": 90,
    "face_vertex_idxs": [
      [
        334,
        335,
        336,
        337
      ],
      [
        338,
        339,
        340,
        341
      ],
      [
        334,
        335,
        339,
        338
      ],
      [
        335,
        336,
        340,
        339
      ],
      [
        336,
        337,
        341,
        340
      ],
      [
        337,
        334,
        338,
        341
      ]
    ],
    "face_material_idxs": [
      0,
      0,
      0,
      0,
      0,
      0
    ]
  },
  {
    "name": "roads_0_1_2_3_4_5_6_7_8_9_10_11_12_13_14_15_16_17_18_19_20_21_22_23_24_25_26_27_28_29_30_31_32_33_34_35_36_37_38_39",
    "label": "buildings",
    "id": 91,
    "face_vertex_idxs": [
      [
        342,
        343,
        344,
        345
      ],
      [
        346,
        347,
        348,
        349
      ],
      [
        342,
        343,
        347,
        346
      ],
      [
        343,
        344,
        348,
        347
      ],
      [
        344,
        345,
        349,
        348
      ],
      [
        345,
        342,
        346,
        349
      ]
    ],
    "face_material_idxs": [
      0,
      0,
      0,
      0,
      0,
      0
    ]
  },
  {
    "name": "roads_0_1_2_3_4_5_6_7_8_9_10_11_12_13_14_15_16_17_18_19_20_21_22_23_24_25_26_27_28_29_30_31_32_33_34_35_36_37_38_39_40",
    "label": "buildings",
    "id": 92,
    "face_vertex_idxs": [
      [
        350,
        351,
        352,
        353
      ],
      [
        354,
        355,
        356,
        357
      ],
      [
        350,
        351,
        355,
        354
      ],
      [
        351,
        352,
        356,
        355
      ],
      [
        352,
        353,
        357,
        356
      ],
      [
        353,
        350,
        354,
        357
      ]
    ],
    "face_material_idxs": [
      0,
      0,
      0,
      0,
      0,
      0
    ]
  },
  {
    "name": "roads_0_1_2_3_4_5_6_7_8_9_10_11_12_13_14_15_16_17_18_19_20_21_22_23_24_25_26_27_28_29_30_31_32_33_34_35_36_37_38_39_40_41",
    "label": "buildings",
    "id": 93,
    "face_vertex_idxs": [
      [
        358,
        359,
        360,
        361
      ],
      [
        362,
        363,
        364,
        365
      ],
      [
        358,
        359,
        363,
        362
      ],
      [
        359,
        360,
        364,
        363
      ],
      [
        360,
        361,
        365,
        364
      ],
      [
        361,
        358,
        362,
        365
      ]
    ],
    "face_material_idxs": [
      0,
      0,
      0,
      0,
      0,
      0
    ]
  },
  {
    "name": "roads_0_1_2_3_4_5_6_7_8_9_10_11_12_13_14_15_16_17_18_19_20_21_22_23_24_25_26_27_28_29_30_31_32_33_34_35_36_37_38_39_40_41_42",
    "label": "buildings",
    "id": 94,
    "face_vertex_idxs": [
      [
        366,
        367,
        368,
        369
      ],
      [
        370,
        371,
        372,
        373
      ],
      [
        366,
        367,
        371,
        370
      ],
      [
        367,
        368,
        372,
        371
      ],
      [
        368,
        369,
        373,
        372
      ],
      [
        369,
        366,
        370,
        373
      ]
    ],
    "face_material_idxs": [
      0,
      0,
      0,
      0,
      0,
      0
    ]
  },
  {
    "name": "roads_0_1_2_3_4_5_6_7_8_9_10_11_12_13_14_15_16_17_18_19_20_21_22_23_24_25_26_27_28_29_30_31_32_33_34_35_36_37_38_39_40_41_42_43",
    "label": "buildings",
    "id": 95,
    "face_vertex_idxs": [
      [
        374,
        375,
        376,
        377,
        378
      ],
      [
        379,
        380,
        381,
        382,
        383
      ],
      [
        374,
        375,
        380,
        379
      ],
      [
        375,
        376,
        381,
        380
      ],
      [
        376,
        377,
        382,
        381
      ],
      [
        377,
        378,
        383,
        382
      ],
      [
        378,
        374,
        379,
        383
      ]
    ],
    "face_material_idxs": [
      0,
      0,
      0,
      0,
      0,
      0,
      0
    ]
  },
  {
    "name": "roads_0_1_2_3_4_5_6_7_8_9_10_11_12_13_14_15_16_17_18_19_20_21_22_23_24_25_26_27_28_29_30_31_32_33_34_35_36_37_38_39_40_41_42_43_44",
    "label": "buildings",
    "id": 96,
    "face_vertex_idxs": [
      [
        384,
        385,
        386,
        387
      ],
      [
        388,
        389,
        390,
        391
      ],
      [
        384,
        385,
        389,
        388
      ],
      [
        385,
        386,
        390,
        389
      ],
      [
        386,
        387,
        391,
        390
      ],
      [
        387,
        384,
        388,
        391
      ]
    ],
    "face_material_idxs": [
      0,
      0,
      0,
      0,
      0,
      0
    ]
  },
  {
    "name": "roads_0_1_2_3_4_5_6_7_8_9_10_11_12_13_14_15_16_17_18_19_20_21_22_23_24_25_26_27_28_29_30_31_32_33_34_35_36_37_38_39_40_41_42_43_44_45",
    "label": "buildings",
    "id": 97,
    "face_vertex_idxs": [
      [
        392,
        393,
        394,
        395,
        396,
        397,
        398,
        399,
        400
      ]
    ],
    "face_material_idxs": [
      0
    ]
  },
  {
    "name": "roads_0_1_2_3_4_5_6_7_8_9_10_11_12_13_14_15_16_17_18_19_20_21_22_23_24_25_26_27_28_29_30_31_32_33_34_35_36_37_38_39_40_41_42_43_44_45_46",
    "label": "buildings",
    "id": 98,
    "face_vertex_idxs": [
      [
        401,
        402,
        403,
        404,
        405
      ]
    ],
    "face_material_idxs": [
      0
    ]
  },
  {
    "name": "roads_0_1_2_3_4_5_6_7_8_9_10_11_12_13_14_15_16_17_18_19_20_21_22_23_24_25_26_27_28_29_30_31_32_33_34_35_36_37_38_39_40_41_42_43_44_45_46_47",
    "label": "buildings",
    "id": 99,
    "face_vertex_idxs": [
      [
        406,
        407,
        408,
        409,
        410
      ]
    ],
    "face_material_idxs": [
      0
    ]
  },
  {
    "name": "roads_0_1_2_3_4_5_6_7_8_9_10_11_12_13_14_15_16_17_18_19_20_21_22_23_24_25_26_27_28_29_30_31_32_33_34_35_36_37_38_39_40_41_42_43_44_45_46_47_48",
    "label": "buildings",
    "id": 100,
    "face_vertex_idxs": [
      [
        411,
        412,
        413,
        414,
        415
      ]
    ],
    "face_material_idxs": [
      0
    ]
  },
  {
    "name": "roads_0_1_2_3_4_5_6_7_8_9_10_11_12_13_14_15_16_17_18_19_20_21_22_23_24_25_26_27_28_29_30_31_32_33_34_35_36_37_38_39_40_41_42_43_44_45_46_47_48_49",
    "label": "buildings",
    "id": 101,
    "face_vertex_idxs": [
      [
        416,
        417,
        418,
        419,
        420,
        421,
        422
      ]
    ],
    "face_material_idxs": [
      0
    ]
  },
  {
    "name": "roads_0_1_2_3_4_5_6_7_8_9_10_11_12_13_14_15_16_17_18_19_20_21_22_23_24_25_26_27_28_29_30_31_32_33_34_35_36_37_38_39_40_41_42_43_44_45_46_47_48_49_50",
    "label": "buildings",
    "id": 102,
    "face_vertex_idxs": [
      [
        423,
        424,
        425,
        426,
        427,
        428
      ]
    ],
    "face_material_idxs": [
      0
    ]
  },
  {
    "name": "roads_0_1_2_3_4_5_6_7_8_9_10_11_12_13_14_15_16_17_18_19_20_21_22_23_24_25_26_27_28_29_30_31_32_33_34_35_36_37_38_39_40_41_42_43_44_45_46_47_48_49_50_51",
    "label": "buildings",
    "id": 103,
    "face_vertex_idxs": [
      [
        429,
        430,
        431,
        432
      ]
    ],
    "face_material_idxs": [
      0
    ]
  },
  {
    "name": "newTerrain_0",
    "label": "terrain",
    "id": 104,
    "face_vertex_idxs": [
      [
        433,
        434,
        435,
        436
      ]
    ],
    "face_material_idxs": [
      0
    ]
  }
]