[
  {
    "name": "buildings_0",
    "label": "buildings",
    "id": 0,
    "face_vertex_idxs": [
      [
        0,
        1,
        2,
        3
      ],
      [
        4,
        5,
        6,
        7
      ],
      [
        0,
        1,
        5,
        4
      ],
      [
        1,
        2,
        6,
        5
      ],
      [
        2,
        3,
        7,
        6
      ],
      [
        3,
        0,
        4,
        7
      ]
    ],
    "face_material_idxs": [
      0,
      0,
      0,
      0,
      0,
      0
    ]
  },
  {
    "name": "buildings_0_1",
    "label": "buildings",
    "id": 1,
    "face_vertex_idxs": [
      [
        8,
        9,
        10,
        11,
        12,
        13
      ],
      [
        14,
        15,
        16,
        17,
        18,
        19
      ],
      [
        8,
        9,
        15,
        14
      ],
      [
        9,
        10,
        16,
        15
      ],
      [
        10,
        11,
        17,
        16
      ],
      [
        11,
        12,
        18,
        17
      ],
      [
        12,
        13,
        19,
        18
      ],
      [
        13,
        8,
        14,
        19
      ]
    ],
    "face_material_idxs": [
      0,
      0,
      0,
      0,
      0,
      0,
      0,
      0
    ]
  },
  {
    "name": "buildings_0_1_2",
    "label": "buildings",
    "id": 2,
    "face_vertex_idxs": [
      [
        20,
        21,
        22,
        23,
        24,
        25,
        26,
        27,
        28,
        29
      ],
      [
        30,
        31,
        32,
        33,
        34,
        35,
        36,
        37,
        38,
        39
      ],
      [
        20,
        21,
        31,
        30
      ],
      [
        21,
        22,
        32,
        31
      ],
      [
        22,
        23,
        33,
        32
      ],
      [
        23,
        24,
        34,
        33
      ],
      [
        24,
        25,
        35,
        34
      ],
      [
        25,
        26,
        36,
        35
      ],
      [
        26,
        27,
        37,
        36
      ],
      [
        27,
        28,
        38,
        37
      ],
      [
        28,
        29,
        39,
        38
      ],
      [
        29,
        20,
        30,
        39
      ]
    ],
    "face_material_idxs": [
      0,
      0,
      0,
      0,
      0,
      0,
      0,
      0,
      0,
      0,
      0,
      0
    ]
  },
  {
    "name": "buildings_0_1_2_3",
    "label": "buildings",
    "id": 3,
    "face_vertex_idxs": [
      [
        40,
        41,
        42,
        43,
        44
      ],
      [
        45,
        46,
        47,
        48,
        49
      ],
      [
        40,
        41,
        46,
        45
      ],
      [
        41,
        42,
        47,
        46
      ],
      [
        42,
        43,
        48,
        47
      ],
      [
        43,
        44,
        49,
        48
      ],
      [
        44,
        40,
        45,
        49
      ]
    ],
    "face_material_idxs": [
      0,
      0,
      0,
      0,
      0,
      0,
      0
    ]
  },
  {
    "name": "buildings_0_1_2_3_4",
    "label": "buildings",
    "id": 4,
    "face_vertex_idxs": [
      [
        50,
        51,
        52,
        53,
        54
      ],
      [
        55,
        56,
        57,
        58,
        59
      ],
      [
        50,
        51,
        56,
        55
      ],
      [
        51,
        52,
        57,
        56
      ],
      [
        52,
        53,
        58,
        57
      ],
      [
        53,
        54,
        59,
        58
      ],
      [
        54,
        50,
        55,
        59
      ]
    ],
    "face_material_idxs": [
      0,
      0,
      0,
      0,
      0,
      0,
      0
    ]
  },
  {
    "name": "buildings_0_1_2_3_4_5",
    "label": "buildings",
    "id": 5,
    "face_vertex_idxs": [
      [
        60,
        61,
        62,
        63,
        64,
        65
      ],
      [
        66,
        67,
        68,
        69,
        70,
        71
      ],
      [
        60,
        61,
        67,
        66
      ],
      [
        61,
        62,
        68,
        67
      ],
      [
        62,
        63,
        69,
        68
      ],
      [
        63,
        64,
        70,
        69
      ],
      [
        64,
        65,
        71,
        70
      ],
      [
        65,
        60,
        66,
        71
      ]
    ],
    "face_material_idxs": [
      0,
      0,
      0,
      0,
      0,
      0,
      0,
      0
    ]
  },
  {
    "name": "buildings_0_1_2_3_4_5_6",
    "label": "buildings",
    "id": 6,
    "face_vertex_idxs": [
      [
        72,
        73,
        74,
        75
      ],
      [
        76,
        77,
        78,
        79
      ],
      [
        72,
        73,
        77,
        76
      ],
      [
        73,
        74,
        78,
        77
      ],
      [
        74,
        75,
        79,
        78
      ],
      [
        75,
        72,
        76,
        79
      ]
    ],
    "face_material_idxs": [
      0,
      0,
      0,
      0,
      0,
      0
    ]
  },
  {
    "name": "buildings_0_1_2_3_4_5_6_7",
    "label": "buildings",
    "id": 7,
    "face_vertex_idxs": [
      [
        80,
        81,
        82,
        83,
        84,
        85
      ],
      [
        86,
        87,
        88,
        89,
        90,
        91
      ],
      [
        80,
        81,
        87,
        86
      ],
      [
        81,
        82,
        88,
        87
      ],
      [
        82,
        83,
        89,
        88
      ],
      [
        83,
        84,
        90,
        89
      ],
      [
        84,
        85,
        91,
        90
      ],
      [
        85,
        80,
        86,
        91
      ]
    ],
    "face_material_idxs": [
      0,
      0,
      0,
      0,
      0,
      0,
      0,
      0
    ]
  },
  {
    "name": "buildings_0_1_2_3_4_5_6_7_8",
    "label": "buildings",
    "id": 8,
    "face_vertex_idxs": [
      [
        92,
        93,
        94,
        95
      ],
      [
        96,
        97,
        98,
        99
      ],
      [
        92,
        93,
        97,
        96
      ],
      [
        93,
        94,
        98,
        97
      ],
      [
        94,
        95,
        99,
        98
      ],
      [
        95,
        92,
        96,
        99
      ]
    ],
    "face_material_idxs": [
      0,
      0,
      0,
      0,
      0,
      0
    ]
  },
  {
    "name": "buildings_0_1_2_3_4_5_6_7_8_9",
    "label": "buildings",
    "id": 9,
    "face_vertex_idxs": [
      [
        100,
        101,
        102,
        103,
        104
      ],
      [
        105,
        106,
        107,
        108,
        109
      ],
      [
        100,
        101,
        106,
        105
      ],
      [
        101,
        102,
        107,
        106
      ],
      [
        102,
        103,
        108,
        107
      ],
      [
        103,
        104,
        109,
        108
      ],
      [
        104,
        100,
        105,
        109
      ]
    ],
    "face_material_idxs": [
      0,
      0,
      0,
      0,
      0,
      0,
      0
    ]
  },
  {
    "name": "buildings_0_1_2_3_4_5_6_7_8_9_10",
    "label": "buildings",
    "id": 10,
    "face_vertex_idxs": [
      [
        110,
        111,
        112,
        113,
        114,
        115,
        116,
        117,
        118
      ],
      [
        119,
        120,
        121,
        122,
        123,
        124,
        125,
        126,
        127
      ],
      [
        110,
        111,
        120,
        119
      ],
      [
        111,
        112,
        121,
        120
      ],
      [
        112,
        113,
        122,
        121
      ],
      [
        113,
        114,
        123,
        122
      ],
      [
        114,
        115,
        124,
        123
      ],
      [
        115,
        116,
        125,
        124
      ],
      [
        116,
        117,
        126,
        125
      ],
      [
        117,
        118,
        127,
        126
      ],
      [
        118,
        110,
        119,
        127
      ]
    ],
    "face_material_idxs": [
      0,
      0,
      0,
      0,
      0,
      0,
      0,
      0,
      0,
      0,
      0
    ]
  },
  {
    "name": "buildings_0_1_2_3_4_5_6_7_8_9_10_11",
    "label": "buildings",
    "id": 11,
    "face_vertex_idxs": [
      [
        128,
        129,
        130,
        131
      ],
      [
        132,
        133,
        134,
        135
      ],
      [
        128,
        129,
        133,
        132
      ],
      [
        129,
        130,
        134,
        133
      ],
      [
        130,
        131,
        135,
        134
      ],
      [
        131,
        128,
        132,
        135
      ]
    ],
    "face_material_idxs": [
      0,
      0,
      0,
      0,
      0,
      0
    ]
  },
  {
    "name": "buildings_0_1_2_3_4_5_6_7_8_9_10_11_12",
    "label": "buildings",
    "id": 12,
    "face_vertex_idxs": [
      [
        136,
        137,
        138,
        139
      ],
      [
        140,
        141,
        142,
        143
      ],
      [
        136,
        137,
        141,
        140
      ],
      [
        137,
        138,
        142,
        141
      ],
      [
        138,
        139,
        143,
        142
      ],
      [
        139,
        136,
        140,
        143
      ]
    ],
    "face_material_idxs": [
      0,
      0,
      0,
      0,
      0,
      0
    ]
  },
  {
    "name": "buildings_0_1_2_3_4_5_6_7_8_9_10_11_12_13",
    "label": "buildings",
    "id": 13,
    "face_vertex_idxs": [
      [
        144,
        145,
        146,
        147,
        148,
        149,
        150
      ],
      [
        151,
        152,
        153,
        154,
        155,
        156,
        157
      ],
      [
        144,
        145,
        152,
        151
      ],
      [
        145,
        146,
        153,
        152
      ],
      [
        146,
        147,
        154,
        153
      ],
      [
        147,
        148,
        155,
        154
      ],
      [
        148,
        149,
        156,
        155
      ],
      [
        149,
        150,
        157,
        156
      ],
      [
        150,
        144,
        151,
        157
      ]
    ],
    "face_material_idxs": [
      0,
      0,
      0,
      0,
      0,
      0,
      0,
      0,
      0
    ]
  },
  {
    "name": "buildings_0_1_2_3_4_5_6_7_8_9_10_11_12_13_14",
    "label": "buildings",
    "id": 14,
    "face_vertex_idxs": [
      [
        158,
        159,
        160,
        161
      ],
      [
        162,
        163,
        164,
        165
      ],
      [
        158,
        159,
        163,
        162
      ],
      [
        159,
        160,
        164,
        163
      ],
      [
        160,
        161,
        165,
        164
      ],
      [
        161,
        158,
        162,
        165
      ]
    ],
    "face_material_idxs": [
      0,
      0,
      0,
      0,
      0,
      0
    ]
  },
  {
    "name": "buildings_0_1_2_3_4_5_6_7_8_9_10_11_12_13_14_15",
    "label": "buildings",
    "id": 15,
    "face_vertex_idxs": [
      [
        166,
        167,
        168,
        169,
        170,
        171,
        172,
        173,
        174,
        175,
        176,
        177
      ]
    ],
    "face_material_idxs": [
      0
    ]
  },
  {
    "name": "buildings_0_1_2_3_4_5_6_7_8_9_10_11_12_13_14_15_16",
    "label": "buildings",
    "id": 16,
    "face_vertex_idxs": [
      [
        178,
        179,
        180,
        181,
        182,
        183,
        184,
        185
      ]
    ],
    "face_material_idxs": [
      0
    ]
  },
  {
    "name": "buildings_0_1_2_3_4_5_6_7_8_9_10_11_12_13_14_15_16_17",
    "label": "buildings",
    "id": 17,
    "face_vertex_idxs": [
      [
        186,
        187,
        188,
        189,
        190,
        191,
        192,
        193,
        194,
        195,
        196,
        197
      ]
    ],
    "face_material_idxs": [
      0
    ]
  },
  {
    "name": "buildings_0_1_2_3_4_5_6_7_8_9_10_11_12_13_14_15_16_17_18",
    "label": "buildings",
    "id": 18,
    "face_vertex_idxs": [
      [
        198,
        199,
        200,
        201,
        202,
        203,
        204,
        205
      ]
    ],
    "face_material_idxs": [
      0
    ]
  },
  {
    "name": "buildings_0_1_2_3_4_5_6_7_8_9_10_11_12_13_14_15_16_17_18_19",
    "label": "buildings",
    "id": 19,
    "face_vertex_idxs": [
      [
        206,
        207,
        208,
        209,
        210,
        211
      ]
    ],
    "face_material_idxs": [
      0
    ]
  },
  {
    "name": "buildings_0_1_2_3_4_5_6_7_8_9_10_11_12_13_14_15_16_17_18_19_20",
    "label": "buildings",
    "id": 20,
    "face_vertex_idxs": [
      [
        212,
        213,
        214,
        215
      ]
    ],
    "face_material_idxs": [
      0
    ]
  },
  {
    "name": "buildings_0_1_2_3_4_5_6_7_8_9_10_11_12_13_14_15_16_17_18_19_20_21",
    "label": "buildings",
    "id": 21,
    "face_vertex_idxs": [
      [
        216,
        217,
        218,
        219
      ]
    ],
    "face_material_idxs": [
      0
    ]
  },
  {
    "name": "buildings_0_1_2_3_4_5_6_7_8_9_10_11_12_13_14_15_16_17_18_19_20_21_22",
    "label": "buildings",
    "id": 22,
    "face_vertex_idxs": [
      [
        220,
        221,
        222,
        223
      ]
    ],
    "face_material_idxs": [
      0
    ]
  },
  {
    "name": "buildings_0_1_2_3_4_5_6_7_8_9_10_11_12_13_14_15_16_17_18_19_20_21_22_23",
    "label": "buildings",
    "id": 23,
    "face_vertex_idxs": [
      [
        224,
        225,
        226,
        227
      ]
    ],
    "face_material_idxs": [
      0
    ]
  },
  {
    "name": "buildings_0_1_2_3_4_5_6_7_8_9_10_11_12_13_14_15_16_17_18_19_20_21_22_23_24",
    "label": "buildings",
    "id": 24,
    "face_vertex_idxs": [
      [
        228,
        229,
        230,
        231,
        232
      ]
    ],
    "face_material_idxs": [
      0
    ]
  },
  {
    "name": "buildings_0_1_2_3_4_5_6_7_8_9_10_11_12_13_14_15_16_17_18_19_20_21_22_23_24_25",
    "label": "buildings",
    "id": 25,
    "face_vertex_idxs": [
      [
        233,
        234,
        235,
        236,
        237
      ]
    ],
    "face_material_idxs": [
      0
    ]
  },
  {
    "name": "buildings_0_1_2_3_4_5_6_7_8_9_10_11_12_13_14_15_16_17_18_19_20_21_22_23_24_25_26",
    "label": "buildings",
    "id": 26,
    "face_vertex_idxs": [
      [
        238,
        239,
        240,
        241,
        242
      ]
    ],
    "face_material_idxs": [
      0
    ]
  },
  {
    "name": "buildings_0_1_2_3_4_5_6_7_8_9_10_11_12_13_14_15_16_17_18_19_20_21_22_23_24_25_26_27",
    "label": "buildings",
    "id": 27,
    "face_vertex_idxs": [
      [
        243,
        244,
        245,
        246,
        247
      ]
    ],
    "face_material_idxs": [
      0
    ]
  },
  {
    "name": "buildings_0_1_2_3_4_5_6_7_8_9_10_11_12_13_14_15_16_17_18_19_20_21_22_23_24_25_26_27_28",
    "label": "buildings",
    "id": 28,
    "face_vertex_idxs": [
      [
        248,
        249,
        250,
        251,
        252,
        253
      ]
    ],
    "face_material_idxs": [
      0
    ]
  },
  {
    "name": "buildings_0_1_2_3_4_5_6_7_8_9_10_11_12_13_14_15_16_17_18_19_20_21_22_23_24_25_26_27_28_29",
    "label": "buildings",
    "id": 29,
    "face_vertex_idxs": [
      [
        254,
        255,
        256,
        257,
        258,
        259,
        260
      ]
    ],
    "face_material_idxs": [
      0
    ]
  },
  {
    "name": "buildings_0_1_2_3_4_5_6_7_8_9_10_11_12_13_14_15_16_17_18_19_20_21_22_23_24_25_26_27_28_29_30",
    "label": "buildings",
    "id": 30,
    "face_vertex_idxs": [
      [
        261,
        262,
        263,
        264,
        265,
        266,
        267,
        268,
        269
      ]
    ],
    "face_material_idxs": [
      0
    ]
  },
  {
    "name": "buildings_0_1_2_3_4_5_6_7_8_9_10_11_12_13_14_15_16_17_18_19_20_21_22_23_24_25_26_27_28_29_30_31",
    "label": "buildings",
    "id": 31,
    "face_vertex_idxs": [
      [
        270,
        271,
        272,
        273,
        274,
        275,
        276
      ]
    ],
    "face_material_idxs": [
      0
    ]
  },
  {
    "name": "buildings_0_1_2_3_4_5_6_7_8_9_10_11_12_13_14_15_16_17_18_19_20_21_22_23_24_25_26_27_28_29_30_31_32",
    "label": "buildings",
    "id": 32,
    "face_vertex_idxs": [
      [
        277,
        278,
        279,
        280,
        281,
        282,
        283,
        284,
        285
      ]
    ],
    "face_material_idxs": [
      0
    ]
  },
  {
    "name": "buildings_0_1_2_3_4_5_6_7_8_9_10_11_12_13_14_15_16_17_18_19_20_21_22_23_24_25_26_27_28_29_30_31_32_33",
    "label": "buildings",
    "id": 33,
    "face_vertex_idxs": [
      [
        286,
        287,
        288,
        289
      ]
    ],
    "face_material_idxs": [
      0
    ]
  },
  {
    "name": "buildings_0_1_2_3_4_5_6_7_8_9_10_11_12_13_14_15_16_17_18_19_20_21_22_23_24_25_26_27_28_29_30_31_32_33_34",
    "label": "buildings",
    "id": 34,
    "face_vertex_idxs": [
      [
        290,
        291,
        292,
        293
      ]
    ],
    "face_material_idxs": [
      0
    ]
  },
  {
    "name": "buildings_0_1_2_3_4_5_6_7_8_9_10_11_12_13_14_15_16_17_18_19_20_21_22_23_24_25_26_27_28_29_30_31_32_33_34_35",
    "label": "buildings",
    "id": 35,
    "face_vertex_idxs": [
      [
        294,
        295,
        296,
        297,
        298,
        299,
        300,
        301
      ]
    ],
    "face_material_idxs": [
      0
    ]
  },
  {
    "name": "buildings_0_1_2_3_4_5_6_7_8_9_10_11_12_13_14_15_16_17_18_19_20_21_22_23_24_25_26_27_28_29_30_31_32_33_34_35_36",
    "label": "buildings",
    "id": 36,
    "face_vertex_idxs": [
      [
        302,
        303,
        304,
        305,
        306,
        307,
        308,
        309,
        310,
        311,
        312,
        313,
        314,
        315,
        316,
        317,
        318,
        319,
        320,
        321,
        322
      ]
    ],
    "face_material_idxs": [
      0
    ]
  },
  {
    "name": "roads_0",
    "label": "buildings",
    "id": 37,
    "face_vertex_idxs": [
      [
        0,
        1,
        2,
        3
      ],
      [
        4,
        5,
        6,
        7
      ],
      [
        0,
        1,
        5,
        4
      ],
      [
        1,
        2,
        6,
        5
      ],
      [
        2,
        3,
        7,
        6
      ],
      [
        3,
        0,
        4,
        7
      ]
    ],
    "face_material_idxs": [
      0,
      0,
      0,
      0,
      0,
      0
    ]
  },
  {
    "name": "roads_0_1",
    "label": "buildings",
    "id": 38,
    "face_vertex_idxs": [
      [
        8,
        9,
        10,
        11,
        12,
        13
      ],
      [
        14,
        15,
        16,
        17,
        18,
        19
      ],
      [
        8,
        9,
        15,
        14
      ],
      [
        9,
        10,
        16,
        15
      ],
      [
        10,
        11,
        17,
        16
      ],
      [
        11,
        12,
        18,
        17
      ],
      [
        12,
        13,
        19,
        18
      ],
      [
        13,
        8,
        14,
        19
      ]
    ],
    "face_material_idxs": [
      0,
      0,
      0,
      0,
      0,
      0,
      0,
      0
    ]
  },
  {
    "name": "roads_0_1_2",
    "label": "buildings",
    "id": 39,
    "face_vertex_idxs": [
      [
        20,
        21,
        22,
        23,
        24,
        25,
        26,
        27,
        28,
        29
      ],
      [
        30,
        31,
        32,
        33,
        34,
        35,
        36,
        37,
        38,
        39
      ],
      [
        20,
        21,
        31,
        30
      ],
      [
        21,
        22,
        32,
        31
      ],
      [
        22,
        23,
        33,
        32
      ],
      [
        23,
        24,
        34,
        33
      ],
      [
        24,
        25,
        35,
        34
      ],
      [
        25,
        26,
        36,
        35
      ],
      [
        26,
        27,
        37,
        36
      ],
      [
        27,
        28,
        38,
        37
      ],
      [
        28,
        29,
        39,
        38
      ],
      [
        29,
        20,
        30,
        39
      ]
    ],
    "face_material_idxs": [
      0,
      0,
      0,
      0,
      0,
      0,
      0,
      0,
      0,
      0,
      0,
      0
    ]
  },
  {
    "name": "roads_0_1_2_3",
    "label": "buildings",
    "id": 40,
    "face_vertex_idxs": [
      [
        40,
        41,
        42,
        43,
        44
      ],
      [
        45,
        46,
        47,
        48,
        49
      ],
      [
        40,
        41,
        46,
        45
      ],
      [
        41,
        42,
        47,
        46
      ],
      [
        42,
        43,
        48,
        47
      ],
      [
        43,
        44,
        49,
        48
      ],
      [
        44,
        40,
        45,
        49
      ]
    ],
    "face_material_idxs": [
      0,
      0,
      0,
      0,
      0,
      0,
      0
    ]
  },
  {
    "name": "roads_0_1_2_3_4",
    "label": "buildings",
    "id": 41,
    "face_vertex_idxs": [
      [
        50,
        51,
        52,
        53,
        54
      ],
      [
        55,
        56,
        57,
        58,
        59
      ],
      [
        50,
        51,
        56,
        55
      ],
      [
        51,
        52,
        57,
        56
      ],
      [
        52,
        53,
        58,
        57
      ],
      [
        53,
        54,
        59,
        58
      ],
      [
        54,
        50,
        55,
        59
      ]
    ],
    "face_material_idxs": [
      0,
      0,
      0,
      0,
      0,
      0,
      0
    ]
  },
  {
    "name": "roads_0_1_2_3_4_5",
    "label": "buildings",
    "id": 42,
    "face_vertex_idxs": [
      [
        60,
        61,
        62,
        63,
        64,
        65
      ],
      [
        66,
        67,
        68,
        69,
        70,
        71
      ],
      [
        60,
        61,
        67,
        66
      ],
      [
        61,
        62,
        68,
        67
      ],
      [
        62,
        63,
        69,
        68
      ],
      [
        63,
        64,
        70,
        69
      ],
      [
        64,
        65,
        71,
        70
      ],
      [
        65,
        60,
        66,
        71
      ]
    ],
    "face_material_idxs": [
      0,
      0,
      0,
      0,
      0,
      0,
      0,
      0
    ]
  },
  {
    "name": "roads_0_1_2_3_4_5_6",
    "label": "buildings",
    "id": 43,
    "face_vertex_idxs": [
      [
        72,
        73,
        74,
        75
      ],
      [
        76,
        77,
        78,
        79
      ],
      [
        72,
        73,
        77,
        76
      ],
      [
        73,
        74,
        78,
        77
      ],
      [
        74,
        75,
        79,
        78
      ],
      [
        75,
        72,
        76,
        79
      ]
    ],
    "face_material_idxs": [
      0,
      0,
      0,
      0,
      0,
      0
    ]
  },
  {
    "name": "roads_0_1_2_3_4_5_6_7",
    "label": "buildings",
    "id": 44,
    "face_vertex_idxs": [
      [
        80,
        81,
        82,
        83,
        84,
        85
      ],
      [
        86,
        87,
        88,
        89,
        90,
        91
      ],
      [
        80,
        81,
        87,
        86
      ],
      [
        81,
        82,
        88,
        87
      ],
      [
        82,
        83,
        89,
        88
      ],
      [
        83,
        84,
        90,
        89
      ],
      [
        84,
        85,
        91,
        90
      ],
      [
        85,
        80,
        86,
        91
      ]
    ],
    "face_material_idxs": [
      0,
      0,
      0,
      0,
      0,
      0,
      0,
      0
    ]
  },
  {
    "name": "roads_0_1_2_3_4_5_6_7_8",
    "label": "buildings",
    "id": 45,
    "face_vertex_idxs": [
      [
        92,
        93,
        94,
        95
      ],
      [
        96,
        97,
        98,
        99
      ],
      [
        92,
        93,
        97,
        96
      ],
      [
        93,
        94,
        98,
        97
      ],
      [
        94,
        95,
        99,
        98
      ],
      [
        95,
        92,
        96,
        99
      ]
    ],
    "face_material_idxs": [
      0,
      0,
      0,
      0,
      0,
      0
    ]
  },
  {
    "name": "roads_0_1_2_3_4_5_6_7_8_9",
    "label": "buildings",
    "id": 46,
    "face_vertex_idxs": [
      [
        100,
        101,
        102,
        103,
        104
      ],
      [
        105,
        106,
        107,
        108,
        109
      ],
      [
        100,
        101,
        106,
        105
      ],
      [
        101,
        102,
        107,
        106
      ],
      [
        102,
        103,
        108,
        107
      ],
      [
        103,
        104,
        109,
        108
      ],
      [
        104,
        100,
        105,
        109
      ]
    ],
    "face_material_idxs": [
      0,
      0,
      0,
      0,
      0,
      0,
      0
    ]
  },
  {
    "name": "roads_0_1_2_3_4_5_6_7_8_9_10",
    "label": "buildings",
    "id": 47,
    "face_vertex_idxs": [
      [
        110,
        111,
        112,
        113,
        114,
        115,
        116,
        117,
        118
      ],
      [
        119,
        120,
        121,
        122,
        123,
        124,
        125,
        126,
        127
      ],
      [
        110,
        111,
        120,
        119
      ],
      [
        111,
        112,
        121,
        120
      ],
      [
        112,
        113,
        122,
        121
      ],
      [
        113,
        114,
        123,
        122
      ],
      [
        114,
        115,
        124,
        123
      ],
      [
        115,
        116,
        125,
        124
      ],
      [
        116,
        117,
        126,
        125
      ],
      [
        117,
        118,
        127,
        126
      ],
      [
        118,
        110,
        119,
        127
      ]
    ],
    "face_material_idxs": [
      0,
      0,
      0,
      0,
      0,
      0,
      0,
      0,
      0,
      0,
      0
    ]
  },
  {
    "name": "roads_0_1_2_3_4_5_6_7_8_9_10_11",
    "label": "buildings",
    "id": 48,
    "face_vertex_idxs": [
      [
        128,
        129,
        130,
        131
      ],
      [
        132,
        133,
        134,
        135
      ],
      [
        128,
        129,
        133,
        132
      ],
      [
        129,
        130,
        134,
        133
      ],
      [
        130,
        131,
        135,
        134
      ],
      [
        131,
        128,
        132,
        135
      ]
    ],
    "face_material_idxs": [
      0,
      0,
      0,
      0,
      0,
      0
    ]
  },
  {
    "name": "roads_0_1_2_3_4_5_6_7_8_9_10_11_12",
    "label": "buildings",
    "id": 49,
    "face_vertex_idxs": [
      [
        136,
        137,
        138,
        139
      ],
      [
        140,
        141,
        142,
        143
      ],
      [
        136,
        137,
        141,
        140
      ],
      [
        137,
        138,
        142,
        141
      ],
      [
        138,
        139,
        143,
        142
      ],
      [
        139,
        136,
        140,
        143
      ]
    ],
    "face_material_idxs": [
      0,
      0,
      0,
      0,
      0,
      0
    ]
  },
  {
    "name": "roads_0_1_2_3_4_5_6_7_8_9_10_11_12_13",
    "label": "buildings",
    "id": 50,
    "face_vertex_idxs": [
      [
        144,
        145,
        146,
        147,
        148,
        149,
        150
      ],
      [
        151,
        152,
        153,
        154,
        155,
        156,
        157
      ],
      [
        144,
        145,
        152,
        151
      ],
      [
        145,
        146,
        153,
        152
      ],
      [
        146,
        147,
        154,
        153
      ],
      [
        147,
        148,
        155,
        154
      ],
      [
        148,
        149,
        156,
        155
      ],
      [
        149,
        150,
        157,
        156
      ],
      [
        150,
        144,
        151,
        157
      ]
    ],
    "face_material_idxs": [
      0,
      0,
      0,
      0,
      0,
      0,
      0,
      0,
      0
    ]
  },
  {
    "name": "roads_0_1_2_3_4_5_6_7_8_9_10_11_12_13_14",
    "label": "buildings",
    "id": 51,
    "face_vertex_idxs": [
      [
        158,
        159,
        160,
        161
      ],
      [
        162,
        163,
        164,
        165
      ],
      [
        158,
        159,
        163,
        162
      ],
      [
        159,
        160,
        164,
        163
      ],
      [
        160,
        161,
        165,
        164
      ],
      [
        161,
        158,
        162,
        165
      ]
    ],
    "face_material_idxs": [
      0,
      0,
      0,
      0,
      0,
      0
    ]
  },
  {
    "name": "roads_0_1_2_3_4_5_6_7_8_9_10_11_12_13_14_15",
    "label": "buildings",
    "id": 52,
    "face_vertex_idxs": [
      [
        166,
        167,
        168,
        169,
        170,
        171,
        172,
        173,
        174,
        175,
        176,
        177
      ]
    ],
    "face_material_idxs": [
      0
    ]
  },
  {
    "name": "roads_0_1_2_3_4_5_6_7_8_9_10_11_12_13_14_15_16",
    "label": "buildings",
    "id": 53,
    "face_vertex_idxs": [
      [
        178,
        179,
        180,
        181,
        182,
        183,
        184,
        185
      ]
    ],
    "face_material_idxs": [
      0
    ]
  },
  {
    "name": "roads_0_1_2_3_4_5_6_7_8_9_10_11_12_13_14_15_16_17",
    "label": "buildings",
    "id": 54,
    "face_vertex_idxs": [
      [
        186,
        187,
        188,
        189,
        190,
        191,
        192,
        193,
        194,
        195,
        196,
        197
      ]
    ],
    "face_material_idxs": [
      0
    ]
  },
  {
    "name": "roads_0_1_2_3_4_5_6_7_8_9_10_11_12_13_14_15_16_17_18",
    "label": "buildings",
    "id": 55,
    "face_vertex_idxs": [
      [
        198,
        199,
        200,
        201,
        202,
        203,
        204,
        205
      ]
    ],
    "face_material_idxs": [
      0
    ]
  },
  {
    "name": "roads_0_1_2_3_4_5_6_7_8_9_10_11_12_13_14_15_16_17_18_19",
    "label": "buildings",
    "id": 56,
    "face_vertex_idxs": [
      [
        206,
        207,
        208,
        209,
        210,
        211
      ]
    ],
    "face_material_idxs": [
      0
    ]
  },
  {
    "name": "roads_0_1_2_3_4_5_6_7_8_9_10_11_12_13_14_15_16_17_18_19_20",
    "label": "buildings",
    "id": 57,
    "face_vertex_idxs": [
      [
        212,
        213,
        214,
        215
      ]
    ],
    "face_material_idxs": [
      0
    ]
  },
  {
    "name": "roads_0_1_2_3_4_5_6_7_8_9_10_11_12_13_14_15_16_17_18_19_20_21",
    "label": "buildings",
    "id": 58,
    "face_vertex_idxs": [
      [
        216,
        217,
        218,
        219
      ]
    ],
    "face_material_idxs": [
      0
    ]
  },
  {
    "name": "roads_0_1_2_3_4_5_6_7_8_9_10_11_12_13_14_15_16_17_18_19_20_21_22",
    "label": "buildings",
    "id": 59,
    "face_vertex_idxs": [
      [
        220,
        221,
        222,
        223
      ]
    ],
    "face_material_idxs": [
      0
    ]
  },
  {
    "name": "roads_0_1_2_3_4_5_6_7_8_9_10_11_12_13_14_15_16_17_18_19_20_21_22_23",
    "label": "buildings",
    "id": 60,
    "face_vertex_idxs": [
      [
        224,
        225,
        226,
        227
      ]
    ],
    "face_material_idxs": [
      0
    ]
  },
  {
    "name": "roads_0_1_2_3_4_5_6_7_8_9_10_11_12_13_14_15_16_17_18_19_20_21_22_23_24",
    "label": "buildings",
    "id": 61,
    "face_vertex_idxs": [
      [
        228,
        229,
        230,
        231,
        232
      ]
    ],
    "face_material_idxs": [
      0
    ]
  },
  {
    "name": "roads_0_1_2_3_4_5_6_7_8_9_10_11_12_13_14_15_16_17_18_19_20_21_22_23_24_25",
    "label": "buildings",
    "id": 62,
    "face_vertex_idxs": [
      [
        233,
        234,
        235,
        236,
        237
      ]
    ],
    "face_material_idxs": [
      0
    ]
  },
  {
    "name": "roads_0_1_2_3_4_5_6_7_8_9_10_11_12_13_14_15_16_17_18_19_20_21_22_23_24_25_26",
    "label": "buildings",
    "id": 63,
    "face_vertex_idxs": [
      [
        238,
        239,
        240,
        241,
        242
      ]
    ],
    "face_material_idxs": [
      0
    ]
  },
  {
    "name": "roads_0_1_2_3_4_5_6_7_8_9_10_11_12_13_14_15_16_17_18_19_20_21_22_23_24_25_26_27",
    "label": "buildings",
    "id": 64,
    "face_vertex_idxs": [
      [
        243,
        244,
        245,
        246,
        247
      ]
    ],
    "face_material_idxs": [
      0
    ]
  },
  {
    "name": "roads_0_1_2_3_4_5_6_7_8_9_10_11_12_13_14_15_16_17_18_19_20_21_22_23_24_25_26_27_28",
    "label": "buildings",
    "id": 65,
    "face_vertex_idxs": [
      [
        248,
        249,
        250,
        251,
        252,
        253
      ]
    ],
    "face_material_idxs": [
      0
    ]
  },
  {
    "name": "roads_0_1_2_3_4_5_6_7_8_9_10_11_12_13_14_15_16_17_18_19_20_21_22_23_24_25_26_27_28_29",
    "label": "buildings",
    "id": 66,
    "face_vertex_idxs": [
      [
        254,
        255,
        256,
        257,
        258,
        259,
        260
      ]
    ],
    "face_material_idxs": [
      0
    ]
  },
  {
    "name": "roads_0_1_2_3_4_5_6_7_8_9_10_11_12_13_14_15_16_17_18_19_20_21_22_23_24_25_26_27_28_29_30",
    "label": "buildings",
    "id": 67,
    "face_vertex_idxs": [
      [
        261,
        262,
        263,
        264,
        265,
        266,
        267,
        268,
        269
      ]
    ],
    "face_material_idxs": [
      0
    ]
  },
  {
    "name": "roads_0_1_2_3_4_5_6_7_8_9_10_11_12_13_14_15_16_17_18_19_20_21_22_23_24_25_26_27_28_29_30_31",
    "label": "buildings",
    "id": 68,
    "face_vertex_idxs": [
      [
        270,
        271,
        272,
        273,
        274,
        275,
        276
      ]
    ],
    "face_material_idxs": [
      0
    ]
  },
  {
    "name": "roads_0_1_2_3_4_5_6_7_8_9_10_11_12_13_14_15_16_17_18_19_20_21_22_23_24_25_26_27_28_29_30_31_32",
    "label": "buildings",
    "id": 69,
    "face_vertex_idxs": [
      [
        277,
        278,
        279,
        280,
        281,
        282,
        283,
        284,
        285
      ]
    ],
    "face_material_idxs": [
      0
    ]
  },
  {
    "name": "roads_0_1_2_3_4_5_6_7_8_9_10_11_12_13_14_15_16_17_18_19_20_21_22_23_24_25_26_27_28_29_30_31_32_33",
    "label": "buildings",
    "id": 70,
    "face_vertex_idxs": [
      [
        286,
        287,
        288,
        289
      ]
    ],
    "face_material_idxs": [
      0
    ]
  },
  {
    "name": "roads_0_1_2_3_4_5_6_7_8_9_10_11_12_13_14_15_16_17_18_19_20_21_22_23_24_25_26_27_28_29_30_31_32_33_34",
    "label": "buildings",
    "id": 71,
    "face_vertex_idxs": [
      [
        290,
        291,
        292,
        293
      ]
    ],
    "face_material_idxs": [
      0
    ]
  },
  {
    "name": "roads_0_1_2_3_4_5_6_7_8_9_10_11_12_13_14_15_16_17_18_19_20_21_22_23_24_25_26_27_28_29_30_31_32_33_34_35",
    "label": "buildings",
    "id": 72,
    "face_vertex_idxs": [
      [
        294,
        295,
        296,
        297,
        298,
        299,
        300,
        301
      ]
    ],
    "face_material_idxs": [
      0
    ]
  },
  {
    "name": "roads_0_1_2_3_4_5_6_7_8_9_10_11_12_13_14_15_16_17_18_19_20_21_22_23_24_25_26_27_28_29_30_31_32_33_34_35_36",
    "label": "buildings",
    "id": 73,
    "face_vertex_idxs": [
      [
        302,
        303,
        304,
        305,
        306,
        307,
        308,
        309,
        310,
        311,
        312,
        313,
        314,
        315,
        316,
        317,
        318,
        319,
        320,
        321,
        322
      ]
    ],
    "face_material_idxs": [
      0
    ]
  },
  {
    "name": "newTerrain_0",
    "label": "terrain",
    "id": 74,
    "face_vertex_idxs": [
      [
        323,
        324,
        325,
        326
      ]
    ],
    "face_material_idxs": [
      0
    ]
  }
]