[
  {
    "name": "buildings_0",
    "label": "buildings",
    "id": 0,
    "face_vertex_idxs": [
      [
        0,
        1,
        2,
        3,
        4,
        5
      ],
      [
        6,
        7,
        8,
        9,
        10,
        11
      ],
      [
        0,
        1,
        7,
        6
      ],
      [
        1,
        2,
        8,
        7
      ],
      [
        2,
        3,
        9,
        8
      ],
      [
        3,
        4,
        10,
        9
      ],
      [
        4,
        5,
        11,
        10
      ],
      [
        5,
        0,
        6,
        11
      ]
    ],
    "face_material_idxs": [
      0,
      0,
      0,
      0,
      0,
      0,
      0,
      0
    ]
  },
  {
    "name": "buildings_0_1",
    "label": "buildings",
    "id": 1,
    "face_vertex_idxs": [
      [
        12,
        13,
        14,
        15,
        16
      ],
      [
        17,
        18,
        19,
        20,
        21
      ],
      [
        12,
        13,
        18,
        17
      ],
      [
        13,
        14,
        19,
        18
      ],
      [
        14,
        15,
        20,
        19
      ],
      [
        15,
        16,
        21,
        20
      ],
      [
        16,
        12,
        17,
        21
      ]
    ],
    "face_material_idxs": [
      0,
      0,
      0,
      0,
      0,
      0,
      0
    ]
  },
  {
    "name": "buildings_0_1_2",
    "label": "buildings",
    "id": 2,
    "face_vertex_idxs": [
      [
        22,
        23,
        24,
        25,
        26,
        27,
        28
      ],
      [
        29,
        30,
        31,
        32,
        33,
        34,
        35
      ],
      [
        22,
        23,
        30,
        29
      ],
      [
        23,
        24,
        31,
        30
      ],
      [
        24,
        25,
        32,
        31
      ],
      [
        25,
        26,
        33,
        32
      ],
      [
        26,
        27,
        34,
        33
      ],
      [
        27,
        28,
        35,
        34
      ],
      [
        28,
        22,
        29,
        35
      ]
    ],
    "face_material_idxs": [
      0,
      0,
      0,
      0,
      0,
      0,
      0,
      0,
      0
    ]
  },
  {
    "name": "buildings_0_1_2_3",
    "label": "buildings",
    "id": 3,
    "face_vertex_idxs": [
      [
        36,
        37,
        38,
        39,
        40,
        41,
        42,
        43
      ]
    ],
    "face_material_idxs": [
      0
    ]
  },
  {
    "name": "buildings_0_1_2_3_4",
    "label": "buildings",
    "id": 4,
    "face_vertex_idxs": [
      [
        44,
        45,
        46,
        47
      ],
      [
        48,
        49,
        50,
        51
      ],
      [
        44,
        45,
        49,
        48
      ],
      [
        45,
        46,
        50,
        49
      ],
      [
        46,
        47,
        51,
        50
      ],
      [
        47,
        44,
        48,
        51
      ]
    ],
    "face_material_idxs": [
      0,
      0,
      0,
      0,
      0,
      0
    ]
  },
  {
    "name": "buildings_0_1_2_3_4_5",
    "label": "buildings",
    "id": 5,
    "face_vertex_idxs": [
      [
        52,
        53,
        54,
        55
      ],
      [
        56,
        57,
        58,
        59
      ],
      [
        52,
        53,
        57,
        56
      ],
      [
        53,
        54,
        58,
        57
      ],
      [
        54,
        55,
        59,
        58
      ],
      [
        55,
        52,
        56,
        59
      ]
    ],
    "face_material_idxs": [
      0,
      0,
      0,
      0,
      0,
      0
    ]
  },
  {
    "name": "buildings_0_1_2_3_4_5_6",
    "label": "buildings",
    "id": 6,
    "face_vertex_idxs": [
      [
        60,
        61,
        62,
        63,
        64,
        65,
        66,
        67,
        68,
        69
      ],
      [
        70,
        71,
        72,
        73,
        74,
        75,
        76,
        77,
        78,
        79
      ],
      [
        60,
        61,
        71,
        70
      ],
      [
        61,
        62,
        72,
        71
      ],
      [
        62,
        63,
        73,
        72
      ],
      [
        63,
        64,
        74,
        73
      ],
      [
        64,
        65,
        75,
        74
      ],
      [
        65,
        66,
        76,
        75
      ],
      [
        66,
        67,
        77,
        76
      ],
      [
        67,
        68,
        78,
        77
      ],
      [
        68,
        69,
        79,
        78
      ],
      [
        69,
        60,
        70,
        79
      ]
    ],
    "face_material_idxs": [
      0,
      0,
      0,
      0,
      0,
      0,
      0,
      0,
      0,
      0,
      0,
      0
    ]
  },
  {
    "name": "buildings_0_1_2_3_4_5_6_7",
    "label": "buildings",
    "id": 7,
    "face_vertex_idxs": [
      [
        80,
        81,
        82,
        83,
        84
      ],
      [
        85,
        86,
        87,
        88,
        89
      ],
      [
        80,
        81,
        86,
        85
      ],
      [
        81,
        82,
        87,
        86
      ],
      [
        82,
        83,
        88,
        87
      ],
      [
        83,
        84,
        89,
        88
      ],
      [
        84,
        80,
        85,
        89
      ]
    ],
    "face_material_idxs": [
      0,
      0,
      0,
      0,
      0,
      0,
      0
    ]
  },
  {
    "name": "buildings_0_1_2_3_4_5_6_7_8",
    "label": "buildings",
    "id": 8,
    "face_vertex_idxs": [
      [
        90,
        91,
        92,
        93,
        94,
        95,
        96,
        97
      ]
    ],
    "face_material_idxs": [
      0
    ]
  },
  {
    "name": "buildings_0_1_2_3_4_5_6_7_8_9",
    "label": "buildings",
    "id": 9,
    "face_vertex_idxs": [
      [
        98,
        99,
        100,
        101,
        102,
        103,
        104,
        105,
        106,
        107
      ]
    ],
    "face_material_idxs": [
      0
    ]
  },
  {
    "name": "buildings_0_1_2_3_4_5_6_7_8_9_10",
    "label": "buildings",
    "id": 10,
    "face_vertex_idxs": [
      [
        108,
        109,
        110,
        111,
        112
      ]
    ],
    "face_material_idxs": [
      0
    ]
  },
  {
    "name": "buildings_0_1_2_3_4_5_6_7_8_9_10_11",
    "label": "buildings",
    "id": 11,
    "face_vertex_idxs": [
      [
        113,
        114,
        115,
        116,
        117,
        118
      ]
    ],
    "face_material_idxs": [
      0
    ]
  },
  {
    "name": "buildings_0_1_2_3_4_5_6_7_8_9_10_11_12",
    "label": "buildings",
    "id": 12,
    "face_vertex_idxs": [
      [
        119,
        120,
        121,
        122,
        123,
        124,
        125
      ]
    ],
    "face_material_idxs": [
      0
    ]
  },
  {
    "name": "buildings_0_1_2_3_4_5_6_7_8_9_10_11_12_13",
    "label": "buildings",
    "id": 13,
    "face_vertex_idxs": [
      [
        126,
        127,
        128,
        129,
        130,
        131,
        132,
        133,
        134
      ]
    ],
    "face_material_idxs": [
      0
    ]
  },
  {
    "name": "buildings_0_1_2_3_4_5_6_7_8_9_10_11_12_13_14",
    "label": "buildings",
    "id": 14,
    "face_vertex_idxs": [
      [
        135,
        136,
        137,
        138
      ]
    ],
    "face_material_idxs": [
      0
    ]
  },
  {
    "name": "buildings_0_1_2_3_4_5_6_7_8_9_10_11_12_13_14_15",
    "label": "buildings",
    "id": 15,
    "face_vertex_idxs": [
      [
        139,
        140,
        141,
        142
      ]
    ],
    "face_material_idxs": [
      0
    ]
  },
  {
    "name": "buildings_0_1_2_3_4_5_6_7_8_9_10_11_12_13_14_15_16",
    "label": "buildings",
    "id": 16,
    "face_vertex_idxs": [
      [
        143,
        144,
        145,
        146
      ]
    ],
    "face_material_idxs": [
      0
    ]
  },
  {
    "name": "buildings_0_1_2_3_4_5_6_7_8_9_10_11_12_13_14_15_16_17",
    "label": "buildings",
    "id": 17,
    "face_vertex_idxs": [
      [
        147,
        148,
        149,
        150,
        151,
        152
      ]
    ],
    "face_material_idxs": [
      0
    ]
  },
  {
    "name": "buildings_0_1_2_3_4_5_6_7_8_9_10_11_12_13_14_15_16_17_18",
    "label": "buildings",
    "id": 18,
    "face_vertex_idxs": [
      [
        153,
        154,
        155,
        156,
        157,
        158,
        159,
        160,
        161,
        162,
        163,
        164
      ]
    ],
    "face_material_idxs": [
      0
    ]
  },
  {
    "name": "buildings_0_1_2_3_4_5_6_7_8_9_10_11_12_13_14_15_16_17_18_19",
    "label": "buildings",
    "id": 19,
    "face_vertex_idxs": [
      [
        165,
        166,
        167,
        168,
        169,
        170
      ]
    ],
    "face_material_idxs": [
      0
    ]
  },
  {
    "name": "buildings_0_1_2_3_4_5_6_7_8_9_10_11_12_13_14_15_16_17_18_19_20",
    "label": "buildings",
    "id": 20,
    "face_vertex_idxs": [
      [
        171,
        172,
        173,
        174
      ]
    ],
    "face_material_idxs": [
      0
    ]
  },
  {
    "name": "buildings_0_1_2_3_4_5_6_7_8_9_10_11_12_13_14_15_16_17_18_19_20_21",
    "label": "buildings",
    "id": 21,
    "face_vertex_idxs": [
      [
        175,
        176,
        177,
        178,
        179,
        180
      ]
    ],
    "face_material_idxs": [
      0
    ]
  },
  {
    "name": "buildings_0_1_2_3_4_5_6_7_8_9_10_11_12_13_14_15_16_17_18_19_20_21_22",
    "label": "buildings",
    "id": 22,
    "face_vertex_idxs": [
      [
        181,
        182,
        183,
        184,
        185,
        186
      ]
    ],
    "face_material_idxs": [
      0
    ]
  },
  {
    "name": "buildings_0_1_2_3_4_5_6_7_8_9_10_11_12_13_14_15_16_17_18_19_20_21_22_23",
    "label": "buildings",
    "id": 23,
    "face_vertex_idxs": [
      [
        187,
        188,
        189,
        190
      ]
    ],
    "face_material_idxs": [
      0
    ]
  },
  {
    "name": "buildings_0_1_2_3_4_5_6_7_8_9_10_11_12_13_14_15_16_17_18_19_20_21_22_23_24",
    "label": "buildings",
    "id": 24,
    "face_vertex_idxs": [
      [
        191,
        192,
        193,
        194,
        195,
        196
      ]
    ],
    "face_material_idxs": [
      0
    ]
  },
  {
    "name": "buildings_0_1_2_3_4_5_6_7_8_9_10_11_12_13_14_15_16_17_18_19_20_21_22_23_24_25",
    "label": "buildings",
    "id": 25,
    "face_vertex_idxs": [
      [
        197,
        198,
        199,
        200,
        201,
        202
      ]
    ],
    "face_material_idxs": [
      0
    ]
  },
  {
    "name": "buildings_0_1_2_3_4_5_6_7_8_9_10_11_12_13_14_15_16_17_18_19_20_21_22_23_24_25_26",
    "label": "buildings",
    "id": 26,
    "face_vertex_idxs": [
      [
        203,
        204,
        205,
        206,
        207
      ]
    ],
    "face_material_idxs": [
      0
    ]
  },
  {
    "name": "buildings_0_1_2_3_4_5_6_7_8_9_10_11_12_13_14_15_16_17_18_19_20_21_22_23_24_25_26_27",
    "label": "buildings",
    "id": 27,
    "face_vertex_idxs": [
      [
        208,
        209,
        210,
        211,
        212,
        213
      ]
    ],
    "face_material_idxs": [
      0
    ]
  },
  {
    "name": "buildings_0_1_2_3_4_5_6_7_8_9_10_11_12_13_14_15_16_17_18_19_20_21_22_23_24_25_26_27_28",
    "label": "buildings",
    "id": 28,
    "face_vertex_idxs": [
      [
        214,
        215,
        216,
        217,
        218,
        219,
        220,
        221,
        222
      ]
    ],
    "face_material_idxs": [
      0
    ]
  },
  {
    "name": "buildings_0_1_2_3_4_5_6_7_8_9_10_11_12_13_14_15_16_17_18_19_20_21_22_23_24_25_26_27_28_29",
    "label": "buildings",
    "id": 29,
    "face_vertex_idxs": [
      [
        223,
        224,
        225,
        226,
        227,
        228,
        229
      ]
    ],
    "face_material_idxs": [
      0
    ]
  },
  {
    "name": "buildings_0_1_2_3_4_5_6_7_8_9_10_11_12_13_14_15_16_17_18_19_20_21_22_23_24_25_26_27_28_29_30",
    "label": "buildings",
    "id": 30,
    "face_vertex_idxs": [
      [
        230,
        231,
        232,
        233,
        234
      ]
    ],
    "face_material_idxs": [
      0
    ]
  },
  {
    "name": "buildings_0_1_2_3_4_5_6_7_8_9_10_11_12_13_14_15_16_17_18_19_20_21_22_23_24_25_26_27_28_29_30_31",
    "label": "buildings",
    "id": 31,
    "face_vertex_idxs": [
      [
        235,
        236,
        237,
        238,
        239
      ]
    ],
    "face_material_idxs": [
      0
    ]
  },
  {
    "name": "buildings_0_1_2_3_4_5_6_7_8_9_10_11_12_13_14_15_16_17_18_19_20_21_22_23_24_25_26_27_28_29_30_31_32",
    "label": "buildings",
    "id": 32,
    "face_vertex_idxs": [
      [
        240,
        241,
        242,
        243,
        244
      ]
    ],
    "face_material_idxs": [
      0
    ]
  },
  {
    "name": "buildings_0_1_2_3_4_5_6_7_8_9_10_11_12_13_14_15_16_17_18_19_20_21_22_23_24_25_26_27_28_29_30_31_32_33",
    "label": "buildings",
    "id": 33,
    "face_vertex_idxs": [
      [
        245,
        246,
        247,
        248,
        249
      ]
    ],
    "face_material_idxs": [
      0
    ]
  },
  {
    "name": "buildings_0_1_2_3_4_5_6_7_8_9_10_11_12_13_14_15_16_17_18_19_20_21_22_23_24_25_26_27_28_29_30_31_32_33_34",
    "label": "buildings",
    "id": 34,
    "face_vertex_idxs": [
      [
        250,
        251,
        252,
        253,
        254
      ]
    ],
    "face_material_idxs": [
      0
    ]
  },
  {
    "name": "buildings_0_1_2_3_4_5_6_7_8_9_10_11_12_13_14_15_16_17_18_19_20_21_22_23_24_25_26_27_28_29_30_31_32_33_34_35",
    "label": "buildings",
    "id": 35,
    "face_vertex_idxs": [
      [
        255,
        256,
        257,
        258,
        259
      ]
    ],
    "face_material_idxs": [
      0
    ]
  },
  {
    "name": "buildings_0_1_2_3_4_5_6_7_8_9_10_11_12_13_14_15_16_17_18_19_20_21_22_23_24_25_26_27_28_29_30_31_32_33_34_35_36",
    "label": "buildings",
    "id": 36,
    "face_vertex_idxs": [
      [
        260,
        261,
        262,
        263,
        264,
        265,
        266,
        267
      ]
    ],
    "face_material_idxs": [
      0
    ]
  },
  {
    "name": "buildings_0_1_2_3_4_5_6_7_8_9_10_11_12_13_14_15_16_17_18_19_20_21_22_23_24_25_26_27_28_29_30_31_32_33_34_35_36_37",
    "label": "buildings",
    "id": 37,
    "face_vertex_idxs": [
      [
        268,
        269,
        270,
        271,
        272
      ]
    ],
    "face_material_idxs": [
      0
    ]
  },
  {
    "name": "buildings_0_1_2_3_4_5_6_7_8_9_10_11_12_13_14_15_16_17_18_19_20_21_22_23_24_25_26_27_28_29_30_31_32_33_34_35_36_37_38",
    "label": "buildings",
    "id": 38,
    "face_vertex_idxs": [
      [
        273,
        274,
        275,
        276,
        277
      ]
    ],
    "face_material_idxs": [
      0
    ]
  },
  {
    "name": "buildings_0_1_2_3_4_5_6_7_8_9_10_11_12_13_14_15_16_17_18_19_20_21_22_23_24_25_26_27_28_29_30_31_32_33_34_35_36_37_38_39",
    "label": "buildings",
    "id": 39,
    "face_vertex_idxs": [
      [
        278,
        279,
        280,
        281,
        282,
        283
      ]
    ],
    "face_material_idxs": [
      0
    ]
  },
  {
    "name": "buildings_0_1_2_3_4_5_6_7_8_9_10_11_12_13_14_15_16_17_18_19_20_21_22_23_24_25_26_27_28_29_30_31_32_33_34_35_36_37_38_39_40",
    "label": "buildings",
    "id": 40,
    "face_vertex_idxs": [
      [
        284,
        285,
        286,
        287
      ]
    ],
    "face_material_idxs": [
      0
    ]
  },
  {
    "name": "buildings_0_1_2_3_4_5_6_7_8_9_10_11_12_13_14_15_16_17_18_19_20_21_22_23_24_25_26_27_28_29_30_31_32_33_34_35_36_37_38_39_40_41",
    "label": "buildings",
    "id": 41,
    "face_vertex_idxs": [
      [
        288,
        289,
        290,
        291,
        292,
        293,
        294,
        295,
        296
      ]
    ],
    "face_material_idxs": [
      0
    ]
  },
  {
    "name": "buildings_0_1_2_3_4_5_6_7_8_9_10_11_12_13_14_15_16_17_18_19_20_21_22_23_24_25_26_27_28_29_30_31_32_33_34_35_36_37_38_39_40_41_42",
    "label": "buildings",
    "id": 42,
    "face_vertex_idxs": [
      [
        297,
        298,
        299,
        300
      ]
    ],
    "face_material_idxs": [
      0
    ]
  },
  {
    "name": "buildings_0_1_2_3_4_5_6_7_8_9_10_11_12_13_14_15_16_17_18_19_20_21_22_23_24_25_26_27_28_29_30_31_32_33_34_35_36_37_38_39_40_41_42_43",
    "label": "buildings",
    "id": 43,
    "face_vertex_idxs": [
      [
        301,
        302,
        303,
        304,
        305
      ]
    ],
    "face_material_idxs": [
      0
    ]
  },
  {
    "name": "buildings_0_1_2_3_4_5_6_7_8_9_10_11_12_13_14_15_16_17_18_19_20_21_22_23_24_25_26_27_28_29_30_31_32_33_34_35_36_37_38_39_40_41_42_43_44",
    "label": "buildings",
    "id": 44,
    "face_vertex_idxs": [
      [
        306,
        307,
        308,
        309,
        310
      ]
    ],
    "face_material_idxs": [
      0
    ]
  },
  {
    "name": "buildings_0_1_2_3_4_5_6_7_8_9_10_11_12_13_14_15_16_17_18_19_20_21_22_23_24_25_26_27_28_29_30_31_32_33_34_35_36_37_38_39_40_41_42_43_44_45",
    "label": "buildings",
    "id": 45,
    "face_vertex_idxs": [
      [
        311,
        312,
        313,
        314,
        315
      ]
    ],
    "face_material_idxs": [
      0
    ]
  },
  {
    "name": "buildings_0_1_2_3_4_5_6_7_8_9_10_11_12_13_14_15_16_17_18_19_20_21_22_23_24_25_26_27_28_29_30_31_32_33_34_35_36_37_38_39_40_41_42_43_44_45_46",
    "label": "buildings",
    "id": 46,
    "face_vertex_idxs": [
      [
        316,
        317,
        318,
        319,
        320
      ]
    ],
    "face_material_idxs": [
      0
    ]
  },
  {
    "name": "buildings_0_1_2_3_4_5_6_7_8_9_10_11_12_13_14_15_16_17_18_19_20_21_22_23_24_25_26_27_28_29_30_31_32_33_34_35_36_37_38_39_40_41_42_43_44_45_46_47",
    "label": "buildings",
    "id": 47,
    "face_vertex_idxs": [
      [
        321,
        322,
        323,
        324
      ]
    ],
    "face_material_idxs": [
      0
    ]
  },
  {
    "name": "buildings_0_1_2_3_4_5_6_7_8_9_10_11_12_13_14_15_16_17_18_19_20_21_22_23_24_25_26_27_28_29_30_31_32_33_34_35_36_37_38_39_40_41_42_43_44_45_46_47_48",
    "label": "buildings",
    "id": 48,
    "face_vertex_idxs": [
      [
        325,
        326,
        327,
        328,
        329
      ]
    ],
    "face_material_idxs": [
      0
    ]
  },
  {
    "name": "buildings_0_1_2_3_4_5_6_7_8_9_10_11_12_13_14_15_16_17_18_19_20_21_22_23_24_25_26_27_28_29_30_31_32_33_34_35_36_37_38_39_40_41_42_43_44_45_46_47_48_49",
    "label": "buildings",
    "id": 49,
    "face_vertex_idxs": [
      [
        330,
        331,
        332,
        333,
        334,
        335,
        336
      ]
    ],
    "face_material_idxs": [
      0
    ]
  },
  {
    "name": "buildings_0_1_2_3_4_5_6_7_8_9_10_11_12_13_14_15_16_17_18_19_20_21_22_23_24_25_26_27_28_29_30_31_32_33_34_35_36_37_38_39_40_41_42_43_44_45_46_47_48_49_50",
    "label": "buildings",
    "id": 50,
    "face_vertex_idxs": [
      [
        337,
        338,
        339,
        340,
        341,
        342
      ]
    ],
    "face_material_idxs": [
      0
    ]
  },
  {
    "name": "buildings_0_1_2_3_4_5_6_7_8_9_10_11_12_13_14_15_16_17_18_19_20_21_22_23_24_25_26_27_28_29_30_31_32_33_34_35_36_37_38_39_40_41_42_43_44_45_46_47_48_49_50_51",
    "label": "buildings",
    "id": 51,
    "face_vertex_idxs": [
      [
        343,
        344,
        345,
        346,
        347
      ]
    ],
    "face_material_idxs": [
      0
    ]
  },
  {
    "name": "buildings_0_1_2_3_4_5_6_7_8_9_10_11_12_13_14_15_16_17_18_19_20_21_22_23_24_25_26_27_28_29_30_31_32_33_34_35_36_37_38_39_40_41_42_43_44_45_46_47_48_49_50_51_52",
    "label": "buildings",
    "id": 52,
    "face_vertex_idxs": [
      [
        348,
        349,
        350,
        351
      ]
    ],
    "face_material_idxs": [
      0
    ]
  },
  {
    "name": "buildings_0_1_2_3_4_5_6_7_8_9_10_11_12_13_14_15_16_17_18_19_20_21_22_23_24_25_26_27_28_29_30_31_32_33_34_35_36_37_38_39_40_41_42_43_44_45_46_47_48_49_50_51_52_53",
    "label": "buildings",
    "id": 53,
    "face_vertex_idxs": [
      [
        352,
        353,
        354,
        355
      ]
    ],
    "face_material_idxs": [
      0
    ]
  },
  {
    "name": "buildings_0_1_2_3_4_5_6_7_8_9_10_11_12_13_14_15_16_17_18_19_20_21_22_23_24_25_26_27_28_29_30_31_32_33_34_35_36_37_38_39_40_41_42_43_44_45_46_47_48_49_50_51_52_53_54",
    "label": "buildings",
    "id": 54,
    "face_vertex_idxs": [
      [
        356,
        357,
        358,
        359,
        360
      ]
    ],
    "face_material_idxs": [
      0
    ]
  },
  {
    "name": "roads_0",
    "label": "buildings",
    "id": 55,
    "face_vertex_idxs": [
      [
        0,
        1,
        2,
        3,
        4,
        5
      ],
      [
        6,
        7,
        8,
        9,
        10,
        11
      ],
      [
        0,
        1,
        7,
        6
      ],
      [
        1,
        2,
        8,
        7
      ],
      [
        2,
        3,
        9,
        8
      ],
      [
        3,
        4,
        10,
        9
      ],
      [
        4,
        5,
        11,
        10
      ],
      [
        5,
        0,
        6,
        11
      ]
    ],
    "face_material_idxs": [
      0,
      0,
      0,
      0,
      0,
      0,
      0,
      0
    ]
  },
  {
    "name": "roads_0_1",
    "label": "buildings",
    "id": 56,
    "face_vertex_idxs": [
      [
        12,
        13,
        14,
        15,
        16
      ],
      [
        17,
        18,
        19,
        20,
        21
      ],
      [
        12,
        13,
        18,
        17
      ],
      [
        13,
        14,
        19,
        18
      ],
      [
        14,
        15,
        20,
        19
      ],
      [
        15,
        16,
        21,
        20
      ],
      [
        16,
        12,
        17,
        21
      ]
    ],
    "face_material_idxs": [
      0,
      0,
      0,
      0,
      0,
      0,
      0
    ]
  },
  {
    "name": "roads_0_1_2",
    "label": "buildings",
    "id": 57,
    "face_vertex_idxs": [
      [
        22,
        23,
        24,
        25,
        26,
        27,
        28
      ],
      [
        29,
        30,
        31,
        32,
        33,
        34,
        35
      ],
      [
        22,
        23,
        30,
        29
      ],
      [
        23,
        24,
        31,
        30
      ],
      [
        24,
        25,
        32,
        31
      ],
      [
        25,
        26,
        33,
        32
      ],
      [
        26,
        27,
        34,
        33
      ],
      [
        27,
        28,
        35,
        34
      ],
      [
        28,
        22,
        29,
        35
      ]
    ],
    "face_material_idxs": [
      0,
      0,
      0,
      0,
      0,
      0,
      0,
      0,
      0
    ]
  },
  {
    "name": "roads_0_1_2_3",
    "label": "buildings",
    "id": 58,
    "face_vertex_idxs": [
      [
        36,
        37,
        38,
        39,
        40,
        41,
        42,
        43
      ]
    ],
    "face_material_idxs": [
      0
    ]
  },
  {
    "name": "roads_0_1_2_3_4",
    "label": "buildings",
    "id": 59,
    "face_vertex_idxs": [
      [
        44,
        45,
        46,
        47
      ],
      [
        48,
        49,
        50,
        51
      ],
      [
        44,
        45,
        49,
        48
      ],
      [
        45,
        46,
        50,
        49
      ],
      [
        46,
        47,
        51,
        50
      ],
      [
        47,
        44,
        48,
        51
      ]
    ],
    "face_material_idxs": [
      0,
      0,
      0,
      0,
      0,
      0
    ]
  },
  {
    "name": "roads_0_1_2_3_4_5",
    "label": "buildings",
    "id": 60,
    "face_vertex_idxs": [
      [
        52,
        53,
        54,
        55
      ],
      [
        56,
        57,
        58,
        59
      ],
      [
        52,
        53,
        57,
        56
      ],
      [
        53,
        54,
        58,
        57
      ],
      [
        54,
        55,
        59,
        58
      ],
      [
        55,
        52,
        56,
        59
      ]
    ],
    "face_material_idxs": [
      0,
      0,
      0,
      0,
      0,
      0
    ]
  },
  {
    "name": "roads_0_1_2_3_4_5_6",
    "label": "buildings",
    "id": 61,
    "face_vertex_idxs": [
      [
        60,
        61,
        62,
        63,
        64,
        65,
        66,
        67,
        68,
        69
      ],
      [
        70,
        71,
        72,
        73,
        74,
        75,
        76,
        77,
        78,
        79
      ],
      [
        60,
        61,
        71,
        70
      ],
      [
        61,
        62,
        72,
        71
      ],
      [
        62,
        63,
        73,
        72
      ],
      [
        63,
        64,
        74,
        73
      ],
      [
        64,
        65,
        75,
        74
      ],
      [
        65,
        66,
        76,
        75
      ],
      [
        66,
        67,
        77,
        76
      ],
      [
        67,
        68,
        78,
        77
      ],
      [
        68,
        69,
        79,
        78
      ],
      [
        69,
        60,
        70,
        79
      ]
    ],
    "face_material_idxs": [
      0,
      0,
      0,
      0,
      0,
      0,
      0,
      0,
      0,
      0,
      0,
      0
    ]
  },
  {
    "name": "roads_0_1_2_3_4_5_6_7",
    "label": "buildings",
    "id": 62,
    "face_vertex_idxs": [
      [
        80,
        81,
        82,
        83,
        84
      ],
      [
        85,
        86,
        87,
        88,
        89
      ],
      [
        80,
        81,
        86,
        85
      ],
      [
        81,
        82,
        87,
        86
      ],
      [
        82,
        83,
        88,
        87
      ],
      [
        83,
        84,
        89,
        88
      ],
      [
        84,
        80,
        85,
        89
      ]
    ],
    "face_material_idxs": [
      0,
      0,
      0,
      0,
      0,
      0,
      0
    ]
  },
  {
    "name": "roads_0_1_2_3_4_5_6_7_8",
    "label": "buildings",
    "id": 63,
    "face_vertex_idxs": [
      [
        90,
        91,
        92,
        93,
        94,
        95,
        96,
        97
      ]
    ],
    "face_material_idxs": [
      0
    ]
  },
  {
    "name": "roads_0_1_2_3_4_5_6_7_8_9",
    "label": "buildings",
    "id": 64,
    "face_vertex_idxs": [
      [
        98,
        99,
        100,
        101,
        102,
        103,
        104,
        105,
        106,
        107
      ]
    ],
    "face_material_idxs": [
      0
    ]
  },
  {
    "name": "roads_0_1_2_3_4_5_6_7_8_9_10",
    "label": "buildings",
    "id": 65,
    "face_vertex_idxs": [
      [
        108,
        109,
        110,
        111,
        112
      ]
    ],
    "face_material_idxs": [
      0
    ]
  },
  {
    "name": "roads_0_1_2_3_4_5_6_7_8_9_10_11",
    "label": "buildings",
    "id": 66,
    "face_vertex_idxs": [
      [
        113,
        114,
        115,
        116,
        117,
        118
      ]
    ],
    "face_material_idxs": [
      0
    ]
  },
  {
    "name": "roads_0_1_2_3_4_5_6_7_8_9_10_11_12",
    "label": "buildings",
    "id": 67,
    "face_vertex_idxs": [
      [
        119,
        120,
        121,
        122,
        123,
        124,
        125
      ]
    ],
    "face_material_idxs": [
      0
    ]
  },
  {
    "name": "roads_0_1_2_3_4_5_6_7_8_9_10_11_12_13",
    "label": "buildings",
    "id": 68,
    "face_vertex_idxs": [
      [
        126,
        127,
        128,
        129,
        130,
        131,
        132,
        133,
        134
      ]
    ],
    "face_material_idxs": [
      0
    ]
  },
  {
    "name": "roads_0_1_2_3_4_5_6_7_8_9_10_11_12_13_14",
    "label": "buildings",
    "id": 69,
    "face_vertex_idxs": [
      [
        135,
        136,
        137,
        138
      ]
    ],
    "face_material_idxs": [
      0
    ]
  },
  {
    "name": "roads_0_1_2_3_4_5_6_7_8_9_10_11_12_13_14_15",
    "label": "buildings",
    "id": 70,
    "face_vertex_idxs": [
      [
        139,
        140,
        141,
        142
      ]
    ],
    "face_material_idxs": [
      0
    ]
  },
  {
    "name": "roads_0_1_2_3_4_5_6_7_8_9_10_11_12_13_14_15_16",
    "label": "buildings",
    "id": 71,
    "face_vertex_idxs": [
      [
        143,
        144,
        145,
        146
      ]
    ],
    "face_material_idxs": [
      0
    ]
  },
  {
    "name": "roads_0_1_2_3_4_5_6_7_8_9_10_11_12_13_14_15_16_17",
    "label": "buildings",
    "id": 72,
    "face_vertex_idxs": [
      [
        147,
        148,
        149,
        150,
        151,
        152
      ]
    ],
    "face_material_idxs": [
      0
    ]
  },
  {
    "name": "roads_0_1_2_3_4_5_6_7_8_9_10_11_12_13_14_15_16_17_18",
    "label": "buildings",
    "id": 73,
    "face_vertex_idxs": [
      [
        153,
        154,
        155,
        156,
        157,
        158,
        159,
        160,
        161,
        162,
        163,
        164
      ]
    ],
    "face_material_idxs": [
      0
    ]
  },
  {
    "name": "roads_0_1_2_3_4_5_6_7_8_9_10_11_12_13_14_15_16_17_18_19",
    "label": "buildings",
    "id": 74,
    "face_vertex_idxs": [
      [
        165,
        166,
        167,
        168,
        169,
        170
      ]
    ],
    "face_material_idxs": [
      0
    ]
  },
  {
    "name": "roads_0_1_2_3_4_5_6_7_8_9_10_11_12_13_14_15_16_17_18_19_20",
    "label": "buildings",
    "id": 75,
    "face_vertex_idxs": [
      [
        171,
        172,
        173,
        174
      ]
    ],
    "face_material_idxs": [
      0
    ]
  },
  {
    "name": "roads_0_1_2_3_4_5_6_7_8_9_10_11_12_13_14_15_16_17_18_19_20_21",
    "label": "buildings",
    "id": 76,
    "face_vertex_idxs": [
      [
        175,
        176,
        177,
        178,
        179,
        180
      ]
    ],
    "face_material_idxs": [
      0
    ]
  },
  {
    "name": "roads_0_1_2_3_4_5_6_7_8_9_10_11_12_13_14_15_16_17_18_19_20_21_22",
    "label": "buildings",
    "id": 77,
    "face_vertex_idxs": [
      [
        181,
        182,
        183,
        184,
        185,
        186
      ]
    ],
    "face_material_idxs": [
      0
    ]
  },
  {
    "name": "roads_0_1_2_3_4_5_6_7_8_9_10_11_12_13_14_15_16_17_18_19_20_21_22_23",
    "label": "buildings",
    "id": 78,
    "face_vertex_idxs": [
      [
        187,
        188,
        189,
        190
      ]
    ],
    "face_material_idxs": [
      0
    ]
  },
  {
    "name": "roads_0_1_2_3_4_5_6_7_8_9_10_11_12_13_14_15_16_17_18_19_20_21_22_23_24",
    "label": "buildings",
    "id": 79,
    "face_vertex_idxs": [
      [
        191,
        192,
        193,
        194,
        195,
        196
      ]
    ],
    "face_material_idxs": [
      0
    ]
  },
  {
    "name": "roads_0_1_2_3_4_5_6_7_8_9_10_11_12_13_14_15_16_17_18_19_20_21_22_23_24_25",
    "label": "buildings",
    "id": 80,
    "face_vertex_idxs": [
      [
        197,
        198,
        199,
        200,
        201,
        202
      ]
    ],
    "face_material_idxs": [
      0
    ]
  },
  {
    "name": "roads_0_1_2_3_4_5_6_7_8_9_10_11_12_13_14_15_16_17_18_19_20_21_22_23_24_25_26",
    "label": "buildings",
    "id": 81,
    "face_vertex_idxs": [
      [
        203,
        204,
        205,
        206,
        207
      ]
    ],
    "face_material_idxs": [
      0
    ]
  },
  {
    "name": "roads_0_1_2_3_4_5_6_7_8_9_10_11_12_13_14_15_16_17_18_19_20_21_22_23_24_25_26_27",
    "label": "buildings",
    "id": 82,
    "face_vertex_idxs": [
      [
        208,
        209,
        210,
        211,
        212,
        213
      ]
    ],
    "face_material_idxs": [
      0
    ]
  },
  {
    "name": "roads_0_1_2_3_4_5_6_7_8_9_10_11_12_13_14_15_16_17_18_19_20_21_22_23_24_25_26_27_28",
    "label": "buildings",
    "id": 83,
    "face_vertex_idxs": [
      [
        214,
        215,
        216,
        217,
        218,
        219,
        220,
        221,
        222
      ]
    ],
    "face_material_idxs": [
      0
    ]
  },
  {
    "name": "roads_0_1_2_3_4_5_6_7_8_9_10_11_12_13_14_15_16_17_18_19_20_21_22_23_24_25_26_27_28_29",
    "label": "buildings",
    "id": 84,
    "face_vertex_idxs": [
      [
        223,
        224,
        225,
        226,
        227,
        228,
        229
      ]
    ],
    "face_material_idxs": [
      0
    ]
  },
  {
    "name": "roads_0_1_2_3_4_5_6_7_8_9_10_11_12_13_14_15_16_17_18_19_20_21_22_23_24_25_26_27_28_29_30",
    "label": "buildings",
    "id": 85,
    "face_vertex_idxs": [
      [
        230,
        231,
        232,
        233,
        234
      ]
    ],
    "face_material_idxs": [
      0
    ]
  },
  {
    "name": "roads_0_1_2_3_4_5_6_7_8_9_10_11_12_13_14_15_16_17_18_19_20_21_22_23_24_25_26_27_28_29_30_31",
    "label": "buildings",
    "id": 86,
    "face_vertex_idxs": [
      [
        235,
        236,
        237,
        238,
        239
      ]
    ],
    "face_material_idxs": [
      0
    ]
  },
  {
    "name": "roads_0_1_2_3_4_5_6_7_8_9_10_11_12_13_14_15_16_17_18_19_20_21_22_23_24_25_26_27_28_29_30_31_32",
    "label": "buildings",
    "id": 87,
    "face_vertex_idxs": [
      [
        240,
        241,
        242,
        243,
        244
      ]
    ],
    "face_material_idxs": [
      0
    ]
  },
  {
    "name": "roads_0_1_2_3_4_5_6_7_8_9_10_11_12_13_14_15_16_17_18_19_20_21_22_23_24_25_26_27_28_29_30_31_32_33",
    "label": "buildings",
    "id": 88,
    "face_vertex_idxs": [
      [
        245,
        246,
        247,
        248,
        249
      ]
    ],
    "face_material_idxs": [
      0
    ]
  },
  {
    "name": "roads_0_1_2_3_4_5_6_7_8_9_10_11_12_13_14_15_16_17_18_19_20_21_22_23_24_25_26_27_28_29_30_31_32_33_34",
    "label": "buildings",
    "id": 89,
    "face_vertex_idxs": [
      [
        250,
        251,
        252,
        253,
        254
      ]
    ],
    "face_material_idxs": [
      0
    ]
  },
  {
    "name": "roads_0_1_2_3_4_5_6_7_8_9_10_11_12_13_14_15_16_17_18_19_20_21_22_23_24_25_26_27_28_29_30_31_32_33_34_35",
    "label": "buildings",
    "id": 90,
    "face_vertex_idxs": [
      [
        255,
        256,
        257,
        258,
        259
      ]
    ],
    "face_material_idxs": [
      0
    ]
  },
  {
    "name": "roads_0_1_2_3_4_5_6_7_8_9_10_11_12_13_14_15_16_17_18_19_20_21_22_23_24_25_26_27_28_29_30_31_32_33_34_35_36",
    "label": "buildings",
    "id": 91,
    "face_vertex_idxs": [
      [
        260,
        261,
        262,
        263,
        264,
        265,
        266,
        267
      ]
    ],
    "face_material_idxs": [
      0
    ]
  },
  {
    "name": "roads_0_1_2_3_4_5_6_7_8_9_10_11_12_13_14_15_16_17_18_19_20_21_22_23_24_25_26_27_28_29_30_31_32_33_34_35_36_37",
    "label": "buildings",
    "id": 92,
    "face_vertex_idxs": [
      [
        268,
        269,
        270,
        271,
        272
      ]
    ],
    "face_material_idxs": [
      0
    ]
  },
  {
    "name": "roads_0_1_2_3_4_5_6_7_8_9_10_11_12_13_14_15_16_17_18_19_20_21_22_23_24_25_26_27_28_29_30_31_32_33_34_35_36_37_38",
    "label": "buildings",
    "id": 93,
    "face_vertex_idxs": [
      [
        273,
        274,
        275,
        276,
        277
      ]
    ],
    "face_material_idxs": [
      0
    ]
  },
  {
    "name": "roads_0_1_2_3_4_5_6_7_8_9_10_11_12_13_14_15_16_17_18_19_20_21_22_23_24_25_26_27_28_29_30_31_32_33_34_35_36_37_38_39",
    "label": "buildings",
    "id": 94,
    "face_vertex_idxs": [
      [
        278,
        279,
        280,
        281,
        282,
        283
      ]
    ],
    "face_material_idxs": [
      0
    ]
  },
  {
    "name": "roads_0_1_2_3_4_5_6_7_8_9_10_11_12_13_14_15_16_17_18_19_20_21_22_23_24_25_26_27_28_29_30_31_32_33_34_35_36_37_38_39_40",
    "label": "buildings",
    "id": 95,
    "face_vertex_idxs": [
      [
        284,
        285,
        286,
        287
      ]
    ],
    "face_material_idxs": [
      0
    ]
  },
  {
    "name": "roads_0_1_2_3_4_5_6_7_8_9_10_11_12_13_14_15_16_17_18_19_20_21_22_23_24_25_26_27_28_29_30_31_32_33_34_35_36_37_38_39_40_41",
    "label": "buildings",
    "id": 96,
    "face_vertex_idxs": [
      [
        288,
        289,
        290,
        291,
        292,
        293,
        294,
        295,
        296
      ]
    ],
    "face_material_idxs": [
      0
    ]
  },
  {
    "name": "roads_0_1_2_3_4_5_6_7_8_9_10_11_12_13_14_15_16_17_18_19_20_21_22_23_24_25_26_27_28_29_30_31_32_33_34_35_36_37_38_39_40_41_42",
    "label": "buildings",
    "id": 97,
    "face_vertex_idxs": [
      [
        297,
        298,
        299,
        300
      ]
    ],
    "face_material_idxs": [
      0
    ]
  },
  {
    "name": "roads_0_1_2_3_4_5_6_7_8_9_10_11_12_13_14_15_16_17_18_19_20_21_22_23_24_25_26_27_28_29_30_31_32_33_34_35_36_37_38_39_40_41_42_43",
    "label": "buildings",
    "id": 98,
    "face_vertex_idxs": [
      [
        301,
        302,
        303,
        304,
        305
      ]
    ],
    "face_material_idxs": [
      0
    ]
  },
  {
    "name": "roads_0_1_2_3_4_5_6_7_8_9_10_11_12_13_14_15_16_17_18_19_20_21_22_23_24_25_26_27_28_29_30_31_32_33_34_35_36_37_38_39_40_41_42_43_44",
    "label": "buildings",
    "id": 99,
    "face_vertex_idxs": [
      [
        306,
        307,
        308,
        309,
        310
      ]
    ],
    "face_material_idxs": [
      0
    ]
  },
  {
    "name": "roads_0_1_2_3_4_5_6_7_8_9_10_11_12_13_14_15_16_17_18_19_20_21_22_23_24_25_26_27_28_29_30_31_32_33_34_35_36_37_38_39_40_41_42_43_44_45",
    "label": "buildings",
    "id": 100,
    "face_vertex_idxs": [
      [
        311,
        312,
        313,
        314,
        315
      ]
    ],
    "face_material_idxs": [
      0
    ]
  },
  {
    "name": "roads_0_1_2_3_4_5_6_7_8_9_10_11_12_13_14_15_16_17_18_19_20_21_22_23_24_25_26_27_28_29_30_31_32_33_34_35_36_37_38_39_40_41_42_43_44_45_46",
    "label": "buildings",
    "id": 101,
    "face_vertex_idxs": [
      [
        316,
        317,
        318,
        319,
        320
      ]
    ],
    "face_material_idxs": [
      0
    ]
  },
  {
    "name": "roads_0_1_2_3_4_5_6_7_8_9_10_11_12_13_14_15_16_17_18_19_20_21_22_23_24_25_26_27_28_29_30_31_32_33_34_35_36_37_38_39_40_41_42_43_44_45_46_47",
    "label": "buildings",
    "id": 102,
    "face_vertex_idxs": [
      [
        321,
        322,
        323,
        324
      ]
    ],
    "face_material_idxs": [
      0
    ]
  },
  {
    "name": "roads_0_1_2_3_4_5_6_7_8_9_10_11_12_13_14_15_16_17_18_19_20_21_22_23_24_25_26_27_28_29_30_31_32_33_34_35_36_37_38_39_40_41_42_43_44_45_46_47_48",
    "label": "buildings",
    "id": 103,
    "face_vertex_idxs": [
      [
        325,
        326,
        327,
        328,
        329
      ]
    ],
    "face_material_idxs": [
      0
    ]
  },
  {
    "name": "roads_0_1_2_3_4_5_6_7_8_9_10_11_12_13_14_15_16_17_18_19_20_21_22_23_24_25_26_27_28_29_30_31_32_33_34_35_36_37_38_39_40_41_42_43_44_45_46_47_48_49",
    "label": "buildings",
    "id": 104,
    "face_vertex_idxs": [
      [
        330,
        331,
        332,
        333,
        334,
        335,
        336
      ]
    ],
    "face_material_idxs": [
      0
    ]
  },
  {
    "name": "roads_0_1_2_3_4_5_6_7_8_9_10_11_12_13_14_15_16_17_18_19_20_21_22_23_24_25_26_27_28_29_30_31_32_33_34_35_36_37_38_39_40_41_42_43_44_45_46_47_48_49_50",
    "label": "buildings",
    "id": 105,
    "face_vertex_idxs": [
      [
        337,
        338,
        339,
        340,
        341,
        342
      ]
    ],
    "face_material_idxs": [
      0
    ]
  },
  {
    "name": "roads_0_1_2_3_4_5_6_7_8_9_10_11_12_13_14_15_16_17_18_19_20_21_22_23_24_25_26_27_28_29_30_31_32_33_34_35_36_37_38_39_40_41_42_43_44_45_46_47_48_49_50_51",
    "label": "buildings",
    "id": 106,
    "face_vertex_idxs": [
      [
        343,
        344,
        345,
        346,
        347
      ]
    ],
    "face_material_idxs": [
      0
    ]
  },
  {
    "name": "roads_0_1_2_3_4_5_6_7_8_9_10_11_12_13_14_15_16_17_18_19_20_21_22_23_24_25_26_27_28_29_30_31_32_33_34_35_36_37_38_39_40_41_42_43_44_45_46_47_48_49_50_51_52",
    "label": "buildings",
    "id": 107,
    "face_vertex_idxs": [
      [
        348,
        349,
        350,
        351
      ]
    ],
    "face_material_idxs": [
      0
    ]
  },
  {
    "name": "roads_0_1_2_3_4_5_6_7_8_9_10_11_12_13_14_15_16_17_18_19_20_21_22_23_24_25_26_27_28_29_30_31_32_33_34_35_36_37_38_39_40_41_42_43_44_45_46_47_48_49_50_51_52_53",
    "label": "buildings",
    "id": 108,
    "face_vertex_idxs": [
      [
        352,
        353,
        354,
        355
      ]
    ],
    "face_material_idxs": [
      0
    ]
  },
  {
    "name": "roads_0_1_2_3_4_5_6_7_8_9_10_11_12_13_14_15_16_17_18_19_20_21_22_23_24_25_26_27_28_29_30_31_32_33_34_35_36_37_38_39_40_41_42_43_44_45_46_47_48_49_50_51_52_53_54",
    "label": "buildings",
    "id": 109,
    "face_vertex_idxs": [
      [
        356,
        357,
        358,
        359,
        360
      ]
    ],
    "face_material_idxs": [
      0
    ]
  },
  {
    "name": "newTerrain_0",
    "label": "terrain",
    "id": 110,
    "face_vertex_idxs": [
      [
        361,
        362,
        363,
        364
      ]
    ],
    "face_material_idxs": [
      0
    ]
  }
]