[
  {
    "name": "buildings_0",
    "label": "buildings",
    "id": 0,
    "face_vertex_idxs": [
      [
        0,
        1,
        2,
        3
      ],
      [
        4,
        5,
        6,
        7
      ],
      [
        0,
        1,
        5,
        4
      ],
      [
        1,
        2,
        6,
        5
      ],
      [
        2,
        3,
        7,
        6
      ],
      [
        3,
        0,
        4,
        7
      ]
    ],
    "face_material_idxs": [
      0,
      0,
      0,
      0,
      0,
      0
    ]
  },
  {
    "name": "buildings_0_1",
    "label": "buildings",
    "id": 1,
    "face_vertex_idxs": [
      [
        8,
        9,
        10,
        11
      ],
      [
        12,
        13,
        14,
        15
      ],
      [
        8,
        9,
        13,
        12
      ],
      [
        9,
        10,
        14,
        13
      ],
      [
        10,
        11,
        15,
        14
      ],
      [
        11,
        8,
        12,
        15
      ]
    ],
    "face_material_idxs": [
      0,
      0,
      0,
      0,
      0,
      0
    ]
  },
  {
    "name": "buildings_0_1_2",
    "label": "buildings",
    "id": 2,
    "face_vertex_idxs": [
      [
        16,
        17,
        18,
        19,
        20,
        21
      ],
      [
        22,
        23,
        24,
        25,
        26,
        27
      ],
      [
        16,
        17,
        23,
        22
      ],
      [
        17,
        18,
        24,
        23
      ],
      [
        18,
        19,
        25,
        24
      ],
      [
        19,
        20,
        26,
        25
      ],
      [
        20,
        21,
        27,
        26
      ],
      [
        21,
        16,
        22,
        27
      ]
    ],
    "face_material_idxs": [
      0,
      0,
      0,
      0,
      0,
      0,
      0,
      0
    ]
  },
  {
    "name": "buildings_0_1_2_3",
    "label": "buildings",
    "id": 3,
    "face_vertex_idxs": [
      [
        28,
        29,
        30,
        31,
        32
      ],
      [
        33,
        34,
        35,
        36,
        37
      ],
      [
        28,
        29,
        34,
        33
      ],
      [
        29,
        30,
        35,
        34
      ],
      [
        30,
        31,
        36,
        35
      ],
      [
        31,
        32,
        37,
        36
      ],
      [
        32,
        28,
        33,
        37
      ]
    ],
    "face_material_idxs": [
      0,
      0,
      0,
      0,
      0,
      0,
      0
    ]
  },
  {
    "name": "buildings_0_1_2_3_4",
    "label": "buildings",
    "id": 4,
    "face_vertex_idxs": [
      [
        38,
        39,
        40,
        41
      ],
      [
        42,
        43,
        44,
        45
      ],
      [
        38,
        39,
        43,
        42
      ],
      [
        39,
        40,
        44,
        43
      ],
      [
        40,
        41,
        45,
        44
      ],
      [
        41,
        38,
        42,
        45
      ]
    ],
    "face_material_idxs": [
      0,
      0,
      0,
      0,
      0,
      0
    ]
  },
  {
    "name": "buildings_0_1_2_3_4_5",
    "label": "buildings",
    "id": 5,
    "face_vertex_idxs": [
      [
        46,
        47,
        48,
        49,
        50
      ],
      [
        51,
        52,
        53,
        54,
        55
      ],
      [
        46,
        47,
        52,
        51
      ],
      [
        47,
        48,
        53,
        52
      ],
      [
        48,
        49,
        54,
        53
      ],
      [
        49,
        50,
        55,
        54
      ],
      [
        50,
        46,
        51,
        55
      ]
    ],
    "face_material_idxs": [
      0,
      0,
      0,
      0,
      0,
      0,
      0
    ]
  },
  {
    "name": "buildings_0_1_2_3_4_5_6",
    "label": "buildings",
    "id": 6,
    "face_vertex_idxs": [
      [
        56,
        57,
        58,
        59
      ],
      [
        60,
        61,
        62,
        63
      ],
      [
        56,
        57,
        61,
        60
      ],
      [
        57,
        58,
        62,
        61
      ],
      [
        58,
        59,
        63,
        62
      ],
      [
        59,
        56,
        60,
        63
      ]
    ],
    "face_material_idxs": [
      0,
      0,
      0,
      0,
      0,
      0
    ]
  },
  {
    "name": "buildings_0_1_2_3_4_5_6_7",
    "label": "buildings",
    "id": 7,
    "face_vertex_idxs": [
      [
        64,
        65,
        66,
        67
      ],
      [
        68,
        69,
        70,
        71
      ],
      [
        64,
        65,
        69,
        68
      ],
      [
        65,
        66,
        70,
        69
      ],
      [
        66,
        67,
        71,
        70
      ],
      [
        67,
        64,
        68,
        71
      ]
    ],
    "face_material_idxs": [
      0,
      0,
      0,
      0,
      0,
      0
    ]
  },
  {
    "name": "buildings_0_1_2_3_4_5_6_7_8",
    "label": "buildings",
    "id": 8,
    "face_vertex_idxs": [
      [
        72,
        73,
        74,
        75
      ],
      [
        76,
        77,
        78,
        79
      ],
      [
        72,
        73,
        77,
        76
      ],
      [
        73,
        74,
        78,
        77
      ],
      [
        74,
        75,
        79,
        78
      ],
      [
        75,
        72,
        76,
        79
      ]
    ],
    "face_material_idxs": [
      0,
      0,
      0,
      0,
      0,
      0
    ]
  },
  {
    "name": "buildings_0_1_2_3_4_5_6_7_8_9",
    "label": "buildings",
    "id": 9,
    "face_vertex_idxs": [
      [
        80,
        81,
        82,
        83,
        84
      ],
      [
        85,
        86,
        87,
        88,
        89
      ],
      [
        80,
        81,
        86,
        85
      ],
      [
        81,
        82,
        87,
        86
      ],
      [
        82,
        83,
        88,
        87
      ],
      [
        83,
        84,
        89,
        88
      ],
      [
        84,
        80,
        85,
        89
      ]
    ],
    "face_material_idxs": [
      0,
      0,
      0,
      0,
      0,
      0,
      0
    ]
  },
  {
    "name": "buildings_0_1_2_3_4_5_6_7_8_9_10",
    "label": "buildings",
    "id": 10,
    "face_vertex_idxs": [
      [
        90,
        91,
        92,
        93
      ],
      [
        94,
        95,
        96,
        97
      ],
      [
        90,
        91,
        95,
        94
      ],
      [
        91,
        92,
        96,
        95
      ],
      [
        92,
        93,
        97,
        96
      ],
      [
        93,
        90,
        94,
        97
      ]
    ],
    "face_material_idxs": [
      0,
      0,
      0,
      0,
      0,
      0
    ]
  },
  {
    "name": "buildings_0_1_2_3_4_5_6_7_8_9_10_11",
    "label": "buildings",
    "id": 11,
    "face_vertex_idxs": [
      [
        98,
        99,
        100,
        101
      ],
      [
        102,
        103,
        104,
        105
      ],
      [
        98,
        99,
        103,
        102
      ],
      [
        99,
        100,
        104,
        103
      ],
      [
        100,
        101,
        105,
        104
      ],
      [
        101,
        98,
        102,
        105
      ]
    ],
    "face_material_idxs": [
      0,
      0,
      0,
      0,
      0,
      0
    ]
  },
  {
    "name": "buildings_0_1_2_3_4_5_6_7_8_9_10_11_12",
    "label": "buildings",
    "id": 12,
    "face_vertex_idxs": [
      [
        106,
        107,
        108,
        109
      ],
      [
        110,
        111,
        112,
        113
      ],
      [
        106,
        107,
        111,
        110
      ],
      [
        107,
        108,
        112,
        111
      ],
      [
        108,
        109,
        113,
        112
      ],
      [
        109,
        106,
        110,
        113
      ]
    ],
    "face_material_idxs": [
      0,
      0,
      0,
      0,
      0,
      0
    ]
  },
  {
    "name": "buildings_0_1_2_3_4_5_6_7_8_9_10_11_12_13",
    "label": "buildings",
    "id": 13,
    "face_vertex_idxs": [
      [
        114,
        115,
        116,
        117
      ],
      [
        118,
        119,
        120,
        121
      ],
      [
        114,
        115,
        119,
        118
      ],
      [
        115,
        116,
        120,
        119
      ],
      [
        116,
        117,
        121,
        120
      ],
      [
        117,
        114,
        118,
        121
      ]
    ],
    "face_material_idxs": [
      0,
      0,
      0,
      0,
      0,
      0
    ]
  },
  {
    "name": "buildings_0_1_2_3_4_5_6_7_8_9_10_11_12_13_14",
    "label": "buildings",
    "id": 14,
    "face_vertex_idxs": [
      [
        122,
        123,
        124,
        125
      ],
      [
        126,
        127,
        128,
        129
      ],
      [
        122,
        123,
        127,
        126
      ],
      [
        123,
        124,
        128,
        127
      ],
      [
        124,
        125,
        129,
        128
      ],
      [
        125,
        122,
        126,
        129
      ]
    ],
    "face_material_idxs": [
      0,
      0,
      0,
      0,
      0,
      0
    ]
  },
  {
    "name": "buildings_0_1_2_3_4_5_6_7_8_9_10_11_12_13_14_15",
    "label": "buildings",
    "id": 15,
    "face_vertex_idxs": [
      [
        130,
        131,
        132,
        133,
        134,
        135
      ],
      [
        136,
        137,
        138,
        139,
        140,
        141
      ],
      [
        130,
        131,
        137,
        136
      ],
      [
        131,
        132,
        138,
        137
      ],
      [
        132,
        133,
        139,
        138
      ],
      [
        133,
        134,
        140,
        139
      ],
      [
        134,
        135,
        141,
        140
      ],
      [
        135,
        130,
        136,
        141
      ]
    ],
    "face_material_idxs": [
      0,
      0,
      0,
      0,
      0,
      0,
      0,
      0
    ]
  },
  {
    "name": "buildings_0_1_2_3_4_5_6_7_8_9_10_11_12_13_14_15_16",
    "label": "buildings",
    "id": 16,
    "face_vertex_idxs": [
      [
        142,
        143,
        144,
        145
      ],
      [
        146,
        147,
        148,
        149
      ],
      [
        142,
        143,
        147,
        146
      ],
      [
        143,
        144,
        148,
        147
      ],
      [
        144,
        145,
        149,
        148
      ],
      [
        145,
        142,
        146,
        149
      ]
    ],
    "face_material_idxs": [
      0,
      0,
      0,
      0,
      0,
      0
    ]
  },
  {
    "name": "buildings_0_1_2_3_4_5_6_7_8_9_10_11_12_13_14_15_16_17",
    "label": "buildings",
    "id": 17,
    "face_vertex_idxs": [
      [
        150,
        151,
        152,
        153
      ],
      [
        154,
        155,
        156,
        157
      ],
      [
        150,
        151,
        155,
        154
      ],
      [
        151,
        152,
        156,
        155
      ],
      [
        152,
        153,
        157,
        156
      ],
      [
        153,
        150,
        154,
        157
      ]
    ],
    "face_material_idxs": [
      0,
      0,
      0,
      0,
      0,
      0
    ]
  },
  {
    "name": "buildings_0_1_2_3_4_5_6_7_8_9_10_11_12_13_14_15_16_17_18",
    "label": "buildings",
    "id": 18,
    "face_vertex_idxs": [
      [
        158,
        159,
        160,
        161
      ],
      [
        162,
        163,
        164,
        165
      ],
      [
        158,
        159,
        163,
        162
      ],
      [
        159,
        160,
        164,
        163
      ],
      [
        160,
        161,
        165,
        164
      ],
      [
        161,
        158,
        162,
        165
      ]
    ],
    "face_material_idxs": [
      0,
      0,
      0,
      0,
      0,
      0
    ]
  },
  {
    "name": "buildings_0_1_2_3_4_5_6_7_8_9_10_11_12_13_14_15_16_17_18_19",
    "label": "buildings",
    "id": 19,
    "face_vertex_idxs": [
      [
        166,
        167,
        168,
        169
      ],
      [
        170,
        171,
        172,
        173
      ],
      [
        166,
        167,
        171,
        170
      ],
      [
        167,
        168,
        172,
        171
      ],
      [
        168,
        169,
        173,
        172
      ],
      [
        169,
        166,
        170,
        173
      ]
    ],
    "face_material_idxs": [
      0,
      0,
      0,
      0,
      0,
      0
    ]
  },
  {
    "name": "buildings_0_1_2_3_4_5_6_7_8_9_10_11_12_13_14_15_16_17_18_19_20",
    "label": "buildings",
    "id": 20,
    "face_vertex_idxs": [
      [
        174,
        175,
        176,
        177
      ],
      [
        178,
        179,
        180,
        181
      ],
      [
        174,
        175,
        179,
        178
      ],
      [
        175,
        176,
        180,
        179
      ],
      [
        176,
        177,
        181,
        180
      ],
      [
        177,
        174,
        178,
        181
      ]
    ],
    "face_material_idxs": [
      0,
      0,
      0,
      0,
      0,
      0
    ]
  },
  {
    "name": "buildings_0_1_2_3_4_5_6_7_8_9_10_11_12_13_14_15_16_17_18_19_20_21",
    "label": "buildings",
    "id": 21,
    "face_vertex_idxs": [
      [
        182,
        183,
        184,
        185
      ],
      [
        186,
        187,
        188,
        189
      ],
      [
        182,
        183,
        187,
        186
      ],
      [
        183,
        184,
        188,
        187
      ],
      [
        184,
        185,
        189,
        188
      ],
      [
        185,
        182,
        186,
        189
      ]
    ],
    "face_material_idxs": [
      0,
      0,
      0,
      0,
      0,
      0
    ]
  },
  {
    "name": "buildings_0_1_2_3_4_5_6_7_8_9_10_11_12_13_14_15_16_17_18_19_20_21_22",
    "label": "buildings",
    "id": 22,
    "face_vertex_idxs": [
      [
        190,
        191,
        192,
        193
      ],
      [
        194,
        195,
        196,
        197
      ],
      [
        190,
        191,
        195,
        194
      ],
      [
        191,
        192,
        196,
        195
      ],
      [
        192,
        193,
        197,
        196
      ],
      [
        193,
        190,
        194,
        197
      ]
    ],
    "face_material_idxs": [
      0,
      0,
      0,
      0,
      0,
      0
    ]
  },
  {
    "name": "buildings_0_1_2_3_4_5_6_7_8_9_10_11_12_13_14_15_16_17_18_19_20_21_22_23",
    "label": "buildings",
    "id": 23,
    "face_vertex_idxs": [
      [
        198,
        199,
        200,
        201
      ],
      [
        202,
        203,
        204,
        205
      ],
      [
        198,
        199,
        203,
        202
      ],
      [
        199,
        200,
        204,
        203
      ],
      [
        200,
        201,
        205,
        204
      ],
      [
        201,
        198,
        202,
        205
      ]
    ],
    "face_material_idxs": [
      0,
      0,
      0,
      0,
      0,
      0
    ]
  },
  {
    "name": "buildings_0_1_2_3_4_5_6_7_8_9_10_11_12_13_14_15_16_17_18_19_20_21_22_23_24",
    "label": "buildings",
    "id": 24,
    "face_vertex_idxs": [
      [
        206,
        207,
        208,
        209
      ],
      [
        210,
        211,
        212,
        213
      ],
      [
        206,
        207,
        211,
        210
      ],
      [
        207,
        208,
        212,
        211
      ],
      [
        208,
        209,
        213,
        212
      ],
      [
        209,
        206,
        210,
        213
      ]
    ],
    "face_material_idxs": [
      0,
      0,
      0,
      0,
      0,
      0
    ]
  },
  {
    "name": "buildings_0_1_2_3_4_5_6_7_8_9_10_11_12_13_14_15_16_17_18_19_20_21_22_23_24_25",
    "label": "buildings",
    "id": 25,
    "face_vertex_idxs": [
      [
        214,
        215,
        216,
        217
      ],
      [
        218,
        219,
        220,
        221
      ],
      [
        214,
        215,
        219,
        218
      ],
      [
        215,
        216,
        220,
        219
      ],
      [
        216,
        217,
        221,
        220
      ],
      [
        217,
        214,
        218,
        221
      ]
    ],
    "face_material_idxs": [
      0,
      0,
      0,
      0,
      0,
      0
    ]
  },
  {
    "name": "buildings_0_1_2_3_4_5_6_7_8_9_10_11_12_13_14_15_16_17_18_19_20_21_22_23_24_25_26",
    "label": "buildings",
    "id": 26,
    "face_vertex_idxs": [
      [
        222,
        223,
        224,
        225
      ],
      [
        226,
        227,
        228,
        229
      ],
      [
        222,
        223,
        227,
        226
      ],
      [
        223,
        224,
        228,
        227
      ],
      [
        224,
        225,
        229,
        228
      ],
      [
        225,
        222,
        226,
        229
      ]
    ],
    "face_material_idxs": [
      0,
      0,
      0,
      0,
      0,
      0
    ]
  },
  {
    "name": "buildings_0_1_2_3_4_5_6_7_8_9_10_11_12_13_14_15_16_17_18_19_20_21_22_23_24_25_26_27",
    "label": "buildings",
    "id": 27,
    "face_vertex_idxs": [
      [
        230,
        231,
        232,
        233
      ],
      [
        234,
        235,
        236,
        237
      ],
      [
        230,
        231,
        235,
        234
      ],
      [
        231,
        232,
        236,
        235
      ],
      [
        232,
        233,
        237,
        236
      ],
      [
        233,
        230,
        234,
        237
      ]
    ],
    "face_material_idxs": [
      0,
      0,
      0,
      0,
      0,
      0
    ]
  },
  {
    "name": "buildings_0_1_2_3_4_5_6_7_8_9_10_11_12_13_14_15_16_17_18_19_20_21_22_23_24_25_26_27_28",
    "label": "buildings",
    "id": 28,
    "face_vertex_idxs": [
      [
        238,
        239,
        240,
        241,
        242
      ],
      [
        243,
        244,
        245,
        246,
        247
      ],
      [
        238,
        239,
        244,
        243
      ],
      [
        239,
        240,
        245,
        244
      ],
      [
        240,
        241,
        246,
        245
      ],
      [
        241,
        242,
        247,
        246
      ],
      [
        242,
        238,
        243,
        247
      ]
    ],
    "face_material_idxs": [
      0,
      0,
      0,
      0,
      0,
      0,
      0
    ]
  },
  {
    "name": "buildings_0_1_2_3_4_5_6_7_8_9_10_11_12_13_14_15_16_17_18_19_20_21_22_23_24_25_26_27_28_29",
    "label": "buildings",
    "id": 29,
    "face_vertex_idxs": [
      [
        248,
        249,
        250,
        251
      ],
      [
        252,
        253,
        254,
        255
      ],
      [
        248,
        249,
        253,
        252
      ],
      [
        249,
        250,
        254,
        253
      ],
      [
        250,
        251,
        255,
        254
      ],
      [
        251,
        248,
        252,
        255
      ]
    ],
    "face_material_idxs": [
      0,
      0,
      0,
      0,
      0,
      0
    ]
  },
  {
    "name": "buildings_0_1_2_3_4_5_6_7_8_9_10_11_12_13_14_15_16_17_18_19_20_21_22_23_24_25_26_27_28_29_30",
    "label": "buildings",
    "id": 30,
    "face_vertex_idxs": [
      [
        256,
        257,
        258,
        259
      ],
      [
        260,
        261,
        262,
        263
      ],
      [
        256,
        257,
        261,
        260
      ],
      [
        257,
        258,
        262,
        261
      ],
      [
        258,
        259,
        263,
        262
      ],
      [
        259,
        256,
        260,
        263
      ]
    ],
    "face_material_idxs": [
      0,
      0,
      0,
      0,
      0,
      0
    ]
  },
  {
    "name": "buildings_0_1_2_3_4_5_6_7_8_9_10_11_12_13_14_15_16_17_18_19_20_21_22_23_24_25_26_27_28_29_30_31",
    "label": "buildings",
    "id": 31,
    "face_vertex_idxs": [
      [
        264,
        265,
        266,
        267
      ],
      [
        268,
        269,
        270,
        271
      ],
      [
        264,
        265,
        269,
        268
      ],
      [
        265,
        266,
        270,
        269
      ],
      [
        266,
        267,
        271,
        270
      ],
      [
        267,
        264,
        268,
        271
      ]
    ],
    "face_material_idxs": [
      0,
      0,
      0,
      0,
      0,
      0
    ]
  },
  {
    "name": "buildings_0_1_2_3_4_5_6_7_8_9_10_11_12_13_14_15_16_17_18_19_20_21_22_23_24_25_26_27_28_29_30_31_32",
    "label": "buildings",
    "id": 32,
    "face_vertex_idxs": [
      [
        272,
        273,
        274,
        275
      ],
      [
        276,
        277,
        278,
        279
      ],
      [
        272,
        273,
        277,
        276
      ],
      [
        273,
        274,
        278,
        277
      ],
      [
        274,
        275,
        279,
        278
      ],
      [
        275,
        272,
        276,
        279
      ]
    ],
    "face_material_idxs": [
      0,
      0,
      0,
      0,
      0,
      0
    ]
  },
  {
    "name": "buildings_0_1_2_3_4_5_6_7_8_9_10_11_12_13_14_15_16_17_18_19_20_21_22_23_24_25_26_27_28_29_30_31_32_33",
    "label": "buildings",
    "id": 33,
    "face_vertex_idxs": [
      [
        280,
        281,
        282,
        283,
        284
      ],
      [
        285,
        286,
        287,
        288,
        289
      ],
      [
        280,
        281,
        286,
        285
      ],
      [
        281,
        282,
        287,
        286
      ],
      [
        282,
        283,
        288,
        287
      ],
      [
        283,
        284,
        289,
        288
      ],
      [
        284,
        280,
        285,
        289
      ]
    ],
    "face_material_idxs": [
      0,
      0,
      0,
      0,
      0,
      0,
      0
    ]
  },
  {
    "name": "buildings_0_1_2_3_4_5_6_7_8_9_10_11_12_13_14_15_16_17_18_19_20_21_22_23_24_25_26_27_28_29_30_31_32_33_34",
    "label": "buildings",
    "id": 34,
    "face_vertex_idxs": [
      [
        290,
        291,
        292,
        293,
        294
      ],
      [
        295,
        296,
        297,
        298,
        299
      ],
      [
        290,
        291,
        296,
        295
      ],
      [
        291,
        292,
        297,
        296
      ],
      [
        292,
        293,
        298,
        297
      ],
      [
        293,
        294,
        299,
        298
      ],
      [
        294,
        290,
        295,
        299
      ]
    ],
    "face_material_idxs": [
      0,
      0,
      0,
      0,
      0,
      0,
      0
    ]
  },
  {
    "name": "buildings_0_1_2_3_4_5_6_7_8_9_10_11_12_13_14_15_16_17_18_19_20_21_22_23_24_25_26_27_28_29_30_31_32_33_34_35",
    "label": "buildings",
    "id": 35,
    "face_vertex_idxs": [
      [
        300,
        301,
        302,
        303
      ],
      [
        304,
        305,
        306,
        307
      ],
      [
        300,
        301,
        305,
        304
      ],
      [
        301,
        302,
        306,
        305
      ],
      [
        302,
        303,
        307,
        306
      ],
      [
        303,
        300,
        304,
        307
      ]
    ],
    "face_material_idxs": [
      0,
      0,
      0,
      0,
      0,
      0
    ]
  },
  {
    "name": "buildings_0_1_2_3_4_5_6_7_8_9_10_11_12_13_14_15_16_17_18_19_20_21_22_23_24_25_26_27_28_29_30_31_32_33_34_35_36",
    "label": "buildings",
    "id": 36,
    "face_vertex_idxs": [
      [
        308,
        309,
        310,
        311
      ],
      [
        312,
        313,
        314,
        315
      ],
      [
        308,
        309,
        313,
        312
      ],
      [
        309,
        310,
        314,
        313
      ],
      [
        310,
        311,
        315,
        314
      ],
      [
        311,
        308,
        312,
        315
      ]
    ],
    "face_material_idxs": [
      0,
      0,
      0,
      0,
      0,
      0
    ]
  },
  {
    "name": "buildings_0_1_2_3_4_5_6_7_8_9_10_11_12_13_14_15_16_17_18_19_20_21_22_23_24_25_26_27_28_29_30_31_32_33_34_35_36_37",
    "label": "buildings",
    "id": 37,
    "face_vertex_idxs": [
      [
        316,
        317,
        318,
        319
      ],
      [
        320,
        321,
        322,
        323
      ],
      [
        316,
        317,
        321,
        320
      ],
      [
        317,
        318,
        322,
        321
      ],
      [
        318,
        319,
        323,
        322
      ],
      [
        319,
        316,
        320,
        323
      ]
    ],
    "face_material_idxs": [
      0,
      0,
      0,
      0,
      0,
      0
    ]
  },
  {
    "name": "buildings_0_1_2_3_4_5_6_7_8_9_10_11_12_13_14_15_16_17_18_19_20_21_22_23_24_25_26_27_28_29_30_31_32_33_34_35_36_37_38",
    "label": "buildings",
    "id": 38,
    "face_vertex_idxs": [
      [
        324,
        325,
        326,
        327
      ],
      [
        328,
        329,
        330,
        331
      ],
      [
        324,
        325,
        329,
        328
      ],
      [
        325,
        326,
        330,
        329
      ],
      [
        326,
        327,
        331,
        330
      ],
      [
        327,
        324,
        328,
        331
      ]
    ],
    "face_material_idxs": [
      0,
      0,
      0,
      0,
      0,
      0
    ]
  },
  {
    "name": "buildings_0_1_2_3_4_5_6_7_8_9_10_11_12_13_14_15_16_17_18_19_20_21_22_23_24_25_26_27_28_29_30_31_32_33_34_35_36_37_38_39",
    "label": "buildings",
    "id": 39,
    "face_vertex_idxs": [
      [
        332,
        333,
        334,
        335,
        336,
        337,
        338,
        339,
        340
      ]
    ],
    "face_material_idxs": [
      0
    ]
  },
  {
    "name": "buildings_0_1_2_3_4_5_6_7_8_9_10_11_12_13_14_15_16_17_18_19_20_21_22_23_24_25_26_27_28_29_30_31_32_33_34_35_36_37_38_39_40",
    "label": "buildings",
    "id": 40,
    "face_vertex_idxs": [
      [
        341,
        342,
        343,
        344,
        345,
        346,
        347,
        348
      ]
    ],
    "face_material_idxs": [
      0
    ]
  },
  {
    "name": "buildings_0_1_2_3_4_5_6_7_8_9_10_11_12_13_14_15_16_17_18_19_20_21_22_23_24_25_26_27_28_29_30_31_32_33_34_35_36_37_38_39_40_41",
    "label": "buildings",
    "id": 41,
    "face_vertex_idxs": [
      [
        349,
        350,
        351,
        352,
        353,
        354,
        355,
        356
      ]
    ],
    "face_material_idxs": [
      0
    ]
  },
  {
    "name": "buildings_0_1_2_3_4_5_6_7_8_9_10_11_12_13_14_15_16_17_18_19_20_21_22_23_24_25_26_27_28_29_30_31_32_33_34_35_36_37_38_39_40_41_42",
    "label": "buildings",
    "id": 42,
    "face_vertex_idxs": [
      [
        357,
        358,
        359,
        360,
        361,
        362,
        363,
        364
      ]
    ],
    "face_material_idxs": [
      0
    ]
  },
  {
    "name": "buildings_0_1_2_3_4_5_6_7_8_9_10_11_12_13_14_15_16_17_18_19_20_21_22_23_24_25_26_27_28_29_30_31_32_33_34_35_36_37_38_39_40_41_42_43",
    "label": "buildings",
    "id": 43,
    "face_vertex_idxs": [
      [
        365,
        366,
        367,
        368,
        369,
        370,
        371
      ]
    ],
    "face_material_idxs": [
      0
    ]
  },
  {
    "name": "buildings_0_1_2_3_4_5_6_7_8_9_10_11_12_13_14_15_16_17_18_19_20_21_22_23_24_25_26_27_28_29_30_31_32_33_34_35_36_37_38_39_40_41_42_43_44",
    "label": "buildings",
    "id": 44,
    "face_vertex_idxs": [
      [
        372,
        373,
        374,
        375,
        376,
        377,
        378
      ]
    ],
    "face_material_idxs": [
      0
    ]
  },
  {
    "name": "roads_0",
    "label": "buildings",
    "id": 45,
    "face_vertex_idxs": [
      [
        0,
        1,
        2,
        3
      ],
      [
        4,
        5,
        6,
        7
      ],
      [
        0,
        1,
        5,
        4
      ],
      [
        1,
        2,
        6,
        5
      ],
      [
        2,
        3,
        7,
        6
      ],
      [
        3,
        0,
        4,
        7
      ]
    ],
    "face_material_idxs": [
      0,
      0,
      0,
      0,
      0,
      0
    ]
  },
  {
    "name": "roads_0_1",
    "label": "buildings",
    "id": 46,
    "face_vertex_idxs": [
      [
        8,
        9,
        10,
        11
      ],
      [
        12,
        13,
        14,
        15
      ],
      [
        8,
        9,
        13,
        12
      ],
      [
        9,
        10,
        14,
        13
      ],
      [
        10,
        11,
        15,
        14
      ],
      [
        11,
        8,
        12,
        15
      ]
    ],
    "face_material_idxs": [
      0,
      0,
      0,
      0,
      0,
      0
    ]
  },
  {
    "name": "roads_0_1_2",
    "label": "buildings",
    "id": 47,
    "face_vertex_idxs": [
      [
        16,
        17,
        18,
        19,
        20,
        21
      ],
      [
        22,
        23,
        24,
        25,
        26,
        27
      ],
      [
        16,
        17,
        23,
        22
      ],
      [
        17,
        18,
        24,
        23
      ],
      [
        18,
        19,
        25,
        24
      ],
      [
        19,
        20,
        26,
        25
      ],
      [
        20,
        21,
        27,
        26
      ],
      [
        21,
        16,
        22,
        27
      ]
    ],
    "face_material_idxs": [
      0,
      0,
      0,
      0,
      0,
      0,
      0,
      0
    ]
  },
  {
    "name": "roads_0_1_2_3",
    "label": "buildings",
    "id": 48,
    "face_vertex_idxs": [
      [
        28,
        29,
        30,
        31,
        32
      ],
      [
        33,
        34,
        35,
        36,
        37
      ],
      [
        28,
        29,
        34,
        33
      ],
      [
        29,
        30,
        35,
        34
      ],
      [
        30,
        31,
        36,
        35
      ],
      [
        31,
        32,
        37,
        36
      ],
      [
        32,
        28,
        33,
        37
      ]
    ],
    "face_material_idxs": [
      0,
      0,
      0,
      0,
      0,
      0,
      0
    ]
  },
  {
    "name": "roads_0_1_2_3_4",
    "label": "buildings",
    "id": 49,
    "face_vertex_idxs": [
      [
        38,
        39,
        40,
        41
      ],
      [
        42,
        43,
        44,
        45
      ],
      [
        38,
        39,
        43,
        42
      ],
      [
        39,
        40,
        44,
        43
      ],
      [
        40,
        41,
        45,
        44
      ],
      [
        41,
        38,
        42,
        45
      ]
    ],
    "face_material_idxs": [
      0,
      0,
      0,
      0,
      0,
      0
    ]
  },
  {
    "name": "roads_0_1_2_3_4_5",
    "label": "buildings",
    "id": 50,
    "face_vertex_idxs": [
      [
        46,
        47,
        48,
        49,
        50
      ],
      [
        51,
        52,
        53,
        54,
        55
      ],
      [
        46,
        47,
        52,
        51
      ],
      [
        47,
        48,
        53,
        52
      ],
      [
        48,
        49,
        54,
        53
      ],
      [
        49,
        50,
        55,
        54
      ],
      [
        50,
        46,
        51,
        55
      ]
    ],
    "face_material_idxs": [
      0,
      0,
      0,
      0,
      0,
      0,
      0
    ]
  },
  {
    "name": "roads_0_1_2_3_4_5_6",
    "label": "buildings",
    "id": 51,
    "face_vertex_idxs": [
      [
        56,
        57,
        58,
        59
      ],
      [
        60,
        61,
        62,
        63
      ],
      [
        56,
        57,
        61,
        60
      ],
      [
        57,
        58,
        62,
        61
      ],
      [
        58,
        59,
        63,
        62
      ],
      [
        59,
        56,
        60,
        63
      ]
    ],
    "face_material_idxs": [
      0,
      0,
      0,
      0,
      0,
      0
    ]
  },
  {
    "name": "roads_0_1_2_3_4_5_6_7",
    "label": "buildings",
    "id": 52,
    "face_vertex_idxs": [
      [
        64,
        65,
        66,
        67
      ],
      [
        68,
        69,
        70,
        71
      ],
      [
        64,
        65,
        69,
        68
      ],
      [
        65,
        66,
        70,
        69
      ],
      [
        66,
        67,
        71,
        70
      ],
      [
        67,
        64,
        68,
        71
      ]
    ],
    "face_material_idxs": [
      0,
      0,
      0,
      0,
      0,
      0
    ]
  },
  {
    "name": "roads_0_1_2_3_4_5_6_7_8",
    "label": "buildings",
    "id": 53,
    "face_vertex_idxs": [
      [
        72,
        73,
        74,
        75
      ],
      [
        76,
        77,
        78,
        79
      ],
      [
        72,
        73,
        77,
        76
      ],
      [
        73,
        74,
        78,
        77
      ],
      [
        74,
        75,
        79,
        78
      ],
      [
        75,
        72,
        76,
        79
      ]
    ],
    "face_material_idxs": [
      0,
      0,
      0,
      0,
      0,
      0
    ]
  },
  {
    "name": "roads_0_1_2_3_4_5_6_7_8_9",
    "label": "buildings",
    "id": 54,
    "face_vertex_idxs": [
      [
        80,
        81,
        82,
        83,
        84
      ],
      [
        85,
        86,
        87,
        88,
        89
      ],
      [
        80,
        81,
        86,
        85
      ],
      [
        81,
        82,
        87,
        86
      ],
      [
        82,
        83,
        88,
        87
      ],
      [
        83,
        84,
        89,
        88
      ],
      [
        84,
        80,
        85,
        89
      ]
    ],
    "face_material_idxs": [
      0,
      0,
      0,
      0,
      0,
      0,
      0
    ]
  },
  {
    "name": "roads_0_1_2_3_4_5_6_7_8_9_10",
    "label": "buildings",
    "id": 55,
    "face_vertex_idxs": [
      [
        90,
        91,
        92,
        93
      ],
      [
        94,
        95,
        96,
        97
      ],
      [
        90,
        91,
        95,
        94
      ],
      [
        91,
        92,
        96,
        95
      ],
      [
        92,
        93,
        97,
        96
      ],
      [
        93,
        90,
        94,
        97
      ]
    ],
    "face_material_idxs": [
      0,
      0,
      0,
      0,
      0,
      0
    ]
  },
  {
    "name": "roads_0_1_2_3_4_5_6_7_8_9_10_11",
    "label": "buildings",
    "id": 56,
    "face_vertex_idxs": [
      [
        98,
        99,
        100,
        101
      ],
      [
        102,
        103,
        104,
        105
      ],
      [
        98,
        99,
        103,
        102
      ],
      [
        99,
        100,
        104,
        103
      ],
      [
        100,
        101,
        105,
        104
      ],
      [
        101,
        98,
        102,
        105
      ]
    ],
    "face_material_idxs": [
      0,
      0,
      0,
      0,
      0,
      0
    ]
  },
  {
    "name": "roads_0_1_2_3_4_5_6_7_8_9_10_11_12",
    "label": "buildings",
    "id": 57,
    "face_vertex_idxs": [
      [
        106,
        107,
        108,
        109
      ],
      [
        110,
        111,
        112,
        113
      ],
      [
        106,
        107,
        111,
        110
      ],
      [
        107,
        108,
        112,
        111
      ],
      [
        108,
        109,
        113,
        112
      ],
      [
        109,
        106,
        110,
        113
      ]
    ],
    "face_material_idxs": [
      0,
      0,
      0,
      0,
      0,
      0
    ]
  },
  {
    "name": "roads_0_1_2_3_4_5_6_7_8_9_10_11_12_13",
    "label": "buildings",
    "id": 58,
    "face_vertex_idxs": [
      [
        114,
        115,
        116,
        117
      ],
      [
        118,
        119,
        120,
        121
      ],
      [
        114,
        115,
        119,
        118
      ],
      [
        115,
        116,
        120,
        119
      ],
      [
        116,
        117,
        121,
        120
      ],
      [
        117,
        114,
        118,
        121
      ]
    ],
    "face_material_idxs": [
      0,
      0,
      0,
      0,
      0,
      0
    ]
  },
  {
    "name": "roads_0_1_2_3_4_5_6_7_8_9_10_11_12_13_14",
    "label": "buildings",
    "id": 59,
    "face_vertex_idxs": [
      [
        122,
        123,
        124,
        125
      ],
      [
        126,
        127,
        128,
        129
      ],
      [
        122,
        123,
        127,
        126
      ],
      [
        123,
        124,
        128,
        127
      ],
      [
        124,
        125,
        129,
        128
      ],
      [
        125,
        122,
        126,
        129
      ]
    ],
    "face_material_idxs": [
      0,
      0,
      0,
      0,
      0,
      0
    ]
  },
  {
    "name": "roads_0_1_2_3_4_5_6_7_8_9_10_11_12_13_14_15",
    "label": "buildings",
    "id": 60,
    "face_vertex_idxs": [
      [
        130,
        131,
        132,
        133,
        134,
        135
      ],
      [
        136,
        137,
        138,
        139,
        140,
        141
      ],
      [
        130,
        131,
        137,
        136
      ],
      [
        131,
        132,
        138,
        137
      ],
      [
        132,
        133,
        139,
        138
      ],
      [
        133,
        134,
        140,
        139
      ],
      [
        134,
        135,
        141,
        140
      ],
      [
        135,
        130,
        136,
        141
      ]
    ],
    "face_material_idxs": [
      0,
      0,
      0,
      0,
      0,
      0,
      0,
      0
    ]
  },
  {
    "name": "roads_0_1_2_3_4_5_6_7_8_9_10_11_12_13_14_15_16",
    "label": "buildings",
    "id": 61,
    "face_vertex_idxs": [
      [
        142,
        143,
        144,
        145
      ],
      [
        146,
        147,
        148,
        149
      ],
      [
        142,
        143,
        147,
        146
      ],
      [
        143,
        144,
        148,
        147
      ],
      [
        144,
        145,
        149,
        148
      ],
      [
        145,
        142,
        146,
        149
      ]
    ],
    "face_material_idxs": [
      0,
      0,
      0,
      0,
      0,
      0
    ]
  },
  {
    "name": "roads_0_1_2_3_4_5_6_7_8_9_10_11_12_13_14_15_16_17",
    "label": "buildings",
    "id": 62,
    "face_vertex_idxs": [
      [
        150,
        151,
        152,
        153
      ],
      [
        154,
        155,
        156,
        157
      ],
      [
        150,
        151,
        155,
        154
      ],
      [
        151,
        152,
        156,
        155
      ],
      [
        152,
        153,
        157,
        156
      ],
      [
        153,
        150,
        154,
        157
      ]
    ],
    "face_material_idxs": [
      0,
      0,
      0,
      0,
      0,
      0
    ]
  },
  {
    "name": "roads_0_1_2_3_4_5_6_7_8_9_10_11_12_13_14_15_16_17_18",
    "label": "buildings",
    "id": 63,
    "face_vertex_idxs": [
      [
        158,
        159,
        160,
        161
      ],
      [
        162,
        163,
        164,
        165
      ],
      [
        158,
        159,
        163,
        162
      ],
      [
        159,
        160,
        164,
        163
      ],
      [
        160,
        161,
        165,
        164
      ],
      [
        161,
        158,
        162,
        165
      ]
    ],
    "face_material_idxs": [
      0,
      0,
      0,
      0,
      0,
      0
    ]
  },
  {
    "name": "roads_0_1_2_3_4_5_6_7_8_9_10_11_12_13_14_15_16_17_18_19",
    "label": "buildings",
    "id": 64,
    "face_vertex_idxs": [
      [
        166,
        167,
        168,
        169
      ],
      [
        170,
        171,
        172,
        173
      ],
      [
        166,
        167,
        171,
        170
      ],
      [
        167,
        168,
        172,
        171
      ],
      [
        168,
        169,
        173,
        172
      ],
      [
        169,
        166,
        170,
        173
      ]
    ],
    "face_material_idxs": [
      0,
      0,
      0,
      0,
      0,
      0
    ]
  },
  {
    "name": "roads_0_1_2_3_4_5_6_7_8_9_10_11_12_13_14_15_16_17_18_19_20",
    "label": "buildings",
    "id": 65,
    "face_vertex_idxs": [
      [
        174,
        175,
        176,
        177
      ],
      [
        178,
        179,
        180,
        181
      ],
      [
        174,
        175,
        179,
        178
      ],
      [
        175,
        176,
        180,
        179
      ],
      [
        176,
        177,
        181,
        180
      ],
      [
        177,
        174,
        178,
        181
      ]
    ],
    "face_material_idxs": [
      0,
      0,
      0,
      0,
      0,
      0
    ]
  },
  {
    "name": "roads_0_1_2_3_4_5_6_7_8_9_10_11_12_13_14_15_16_17_18_19_20_21",
    "label": "buildings",
    "id": 66,
    "face_vertex_idxs": [
      [
        182,
        183,
        184,
        185
      ],
      [
        186,
        187,
        188,
        189
      ],
      [
        182,
        183,
        187,
        186
      ],
      [
        183,
        184,
        188,
        187
      ],
      [
        184,
        185,
        189,
        188
      ],
      [
        185,
        182,
        186,
        189
      ]
    ],
    "face_material_idxs": [
      0,
      0,
      0,
      0,
      0,
      0
    ]
  },
  {
    "name": "roads_0_1_2_3_4_5_6_7_8_9_10_11_12_13_14_15_16_17_18_19_20_21_22",
    "label": "buildings",
    "id": 67,
    "face_vertex_idxs": [
      [
        190,
        191,
        192,
        193
      ],
      [
        194,
        195,
        196,
        197
      ],
      [
        190,
        191,
        195,
        194
      ],
      [
        191,
        192,
        196,
        195
      ],
      [
        192,
        193,
        197,
        196
      ],
      [
        193,
        190,
        194,
        197
      ]
    ],
    "face_material_idxs": [
      0,
      0,
      0,
      0,
      0,
      0
    ]
  },
  {
    "name": "roads_0_1_2_3_4_5_6_7_8_9_10_11_12_13_14_15_16_17_18_19_20_21_22_23",
    "label": "buildings",
    "id": 68,
    "face_vertex_idxs": [
      [
        198,
        199,
        200,
        201
      ],
      [
        202,
        203,
        204,
        205
      ],
      [
        198,
        199,
        203,
        202
      ],
      [
        199,
        200,
        204,
        203
      ],
      [
        200,
        201,
        205,
        204
      ],
      [
        201,
        198,
        202,
        205
      ]
    ],
    "face_material_idxs": [
      0,
      0,
      0,
      0,
      0,
      0
    ]
  },
  {
    "name": "roads_0_1_2_3_4_5_6_7_8_9_10_11_12_13_14_15_16_17_18_19_20_21_22_23_24",
    "label": "buildings",
    "id": 69,
    "face_vertex_idxs": [
      [
        206,
        207,
        208,
        209
      ],
      [
        210,
        211,
        212,
        213
      ],
      [
        206,
        207,
        211,
        210
      ],
      [
        207,
        208,
        212,
        211
      ],
      [
        208,
        209,
        213,
        212
      ],
      [
        209,
        206,
        210,
        213
      ]
    ],
    "face_material_idxs": [
      0,
      0,
      0,
      0,
      0,
      0
    ]
  },
  {
    "name": "roads_0_1_2_3_4_5_6_7_8_9_10_11_12_13_14_15_16_17_18_19_20_21_22_23_24_25",
    "label": "buildings",
    "id": 70,
    "face_vertex_idxs": [
      [
        214,
        215,
        216,
        217
      ],
      [
        218,
        219,
        220,
        221
      ],
      [
        214,
        215,
        219,
        218
      ],
      [
        215,
        216,
        220,
        219
      ],
      [
        216,
        217,
        221,
        220
      ],
      [
        217,
        214,
        218,
        221
      ]
    ],
    "face_material_idxs": [
      0,
      0,
      0,
      0,
      0,
      0
    ]
  },
  {
    "name": "roads_0_1_2_3_4_5_6_7_8_9_10_11_12_13_14_15_16_17_18_19_20_21_22_23_24_25_26",
    "label": "buildings",
    "id": 71,
    "face_vertex_idxs": [
      [
        222,
        223,
        224,
        225
      ],
      [
        226,
        227,
        228,
        229
      ],
      [
        222,
        223,
        227,
        226
      ],
      [
        223,
        224,
        228,
        227
      ],
      [
        224,
        225,
        229,
        228
      ],
      [
        225,
        222,
        226,
        229
      ]
    ],
    "face_material_idxs": [
      0,
      0,
      0,
      0,
      0,
      0
    ]
  },
  {
    "name": "roads_0_1_2_3_4_5_6_7_8_9_10_11_12_13_14_15_16_17_18_19_20_21_22_23_24_25_26_27",
    "label": "buildings",
    "id": 72,
    "face_vertex_idxs": [
      [
        230,
        231,
        232,
        233
      ],
      [
        234,
        235,
        236,
        237
      ],
      [
        230,
        231,
        235,
        234
      ],
      [
        231,
        232,
        236,
        235
      ],
      [
        232,
        233,
        237,
        236
      ],
      [
        233,
        230,
        234,
        237
      ]
    ],
    "face_material_idxs": [
      0,
      0,
      0,
      0,
      0,
      0
    ]
  },
  {
    "name": "roads_0_1_2_3_4_5_6_7_8_9_10_11_12_13_14_15_16_17_18_19_20_21_22_23_24_25_26_27_28",
    "label": "buildings",
    "id": 73,
    "face_vertex_idxs": [
      [
        238,
        239,
        240,
        241,
        242
      ],
      [
        243,
        244,
        245,
        246,
        247
      ],
      [
        238,
        239,
        244,
        243
      ],
      [
        239,
        240,
        245,
        244
      ],
      [
        240,
        241,
        246,
        245
      ],
      [
        241,
        242,
        247,
        246
      ],
      [
        242,
        238,
        243,
        247
      ]
    ],
    "face_material_idxs": [
      0,
      0,
      0,
      0,
      0,
      0,
      0
    ]
  },
  {
    "name": "roads_0_1_2_3_4_5_6_7_8_9_10_11_12_13_14_15_16_17_18_19_20_21_22_23_24_25_26_27_28_29",
    "label": "buildings",
    "id": 74,
    "face_vertex_idxs": [
      [
        248,
        249,
        250,
        251
      ],
      [
        252,
        253,
        254,
        255
      ],
      [
        248,
        249,
        253,
        252
      ],
      [
        249,
        250,
        254,
        253
      ],
      [
        250,
        251,
        255,
        254
      ],
      [
        251,
        248,
        252,
        255
      ]
    ],
    "face_material_idxs": [
      0,
      0,
      0,
      0,
      0,
      0
    ]
  },
  {
    "name": "roads_0_1_2_3_4_5_6_7_8_9_10_11_12_13_14_15_16_17_18_19_20_21_22_23_24_25_26_27_28_29_30",
    "label": "buildings",
    "id": 75,
    "face_vertex_idxs": [
      [
        256,
        257,
        258,
        259
      ],
      [
        260,
        261,
        262,
        263
      ],
      [
        256,
        257,
        261,
        260
      ],
      [
        257,
        258,
        262,
        261
      ],
      [
        258,
        259,
        263,
        262
      ],
      [
        259,
        256,
        260,
        263
      ]
    ],
    "face_material_idxs": [
      0,
      0,
      0,
      0,
      0,
      0
    ]
  },
  {
    "name": "roads_0_1_2_3_4_5_6_7_8_9_10_11_12_13_14_15_16_17_18_19_20_21_22_23_24_25_26_27_28_29_30_31",
    "label": "buildings",
    "id": 76,
    "face_vertex_idxs": [
      [
        264,
        265,
        266,
        267
      ],
      [
        268,
        269,
        270,
        271
      ],
      [
        264,
        265,
        269,
        268
      ],
      [
        265,
        266,
        270,
        269
      ],
      [
        266,
        267,
        271,
        270
      ],
      [
        267,
        264,
        268,
        271
      ]
    ],
    "face_material_idxs": [
      0,
      0,
      0,
      0,
      0,
      0
    ]
  },
  {
    "name": "roads_0_1_2_3_4_5_6_7_8_9_10_11_12_13_14_15_16_17_18_19_20_21_22_23_24_25_26_27_28_29_30_31_32",
    "label": "buildings",
    "id": 77,
    "face_vertex_idxs": [
      [
        272,
        273,
        274,
        275
      ],
      [
        276,
        277,
        278,
        279
      ],
      [
        272,
        273,
        277,
        276
      ],
      [
        273,
        274,
        278,
        277
      ],
      [
        274,
        275,
        279,
        278
      ],
      [
        275,
        272,
        276,
        279
      ]
    ],
    "face_material_idxs": [
      0,
      0,
      0,
      0,
      0,
      0
    ]
  },
  {
    "name": "roads_0_1_2_3_4_5_6_7_8_9_10_11_12_13_14_15_16_17_18_19_20_21_22_23_24_25_26_27_28_29_30_31_32_33",
    "label": "buildings",
    "id": 78,
    "face_vertex_idxs": [
      [
        280,
        281,
        282,
        283,
        284
      ],
      [
        285,
        286,
        287,
        288,
        289
      ],
      [
        280,
        281,
        286,
        285
      ],
      [
        281,
        282,
        287,
        286
      ],
      [
        282,
        283,
        288,
        287
      ],
      [
        283,
        284,
        289,
        288
      ],
      [
        284,
        280,
        285,
        289
      ]
    ],
    "face_material_idxs": [
      0,
      0,
      0,
      0,
      0,
      0,
      0
    ]
  },
  {
    "name": "roads_0_1_2_3_4_5_6_7_8_9_10_11_12_13_14_15_16_17_18_19_20_21_22_23_24_25_26_27_28_29_30_31_32_33_34",
    "label": "buildings",
    "id": 79,
    "face_vertex_idxs": [
      [
        290,
        291,
        292,
        293,
        294
      ],
      [
        295,
        296,
        297,
        298,
        299
      ],
      [
        290,
        291,
        296,
        295
      ],
      [
        291,
        292,
        297,
        296
      ],
      [
        292,
        293,
        298,
        297
      ],
      [
        293,
        294,
        299,
        298
      ],
      [
        294,
        290,
        295,
        299
      ]
    ],
    "face_material_idxs": [
      0,
      0,
      0,
      0,
      0,
      0,
      0
    ]
  },
  {
    "name": "roads_0_1_2_3_4_5_6_7_8_9_10_11_12_13_14_15_16_17_18_19_20_21_22_23_24_25_26_27_28_29_30_31_32_33_34_35",
    "label": "buildings",
    "id": 80,
    "face_vertex_idxs": [
      [
        300,
        301,
        302,
        303
      ],
      [
        304,
        305,
        306,
        307
      ],
      [
        300,
        301,
        305,
        304
      ],
      [
        301,
        302,
        306,
        305
      ],
      [
        302,
        303,
        307,
        306
      ],
      [
        303,
        300,
        304,
        307
      ]
    ],
    "face_material_idxs": [
      0,
      0,
      0,
      0,
      0,
      0
    ]
  },
  {
    "name": "roads_0_1_2_3_4_5_6_7_8_9_10_11_12_13_14_15_16_17_18_19_20_21_22_23_24_25_26_27_28_29_30_31_32_33_34_35_36",
    "label": "buildings",
    "id": 81,
    "face_vertex_idxs": [
      [
        308,
        309,
        310,
        311
      ],
      [
        312,
        313,
        314,
        315
      ],
      [
        308,
        309,
        313,
        312
      ],
      [
        309,
        310,
        314,
        313
      ],
      [
        310,
        311,
        315,
        314
      ],
      [
        311,
        308,
        312,
        315
      ]
    ],
    "face_material_idxs": [
      0,
      0,
      0,
      0,
      0,
      0
    ]
  },
  {
    "name": "roads_0_1_2_3_4_5_6_7_8_9_10_11_12_13_14_15_16_17_18_19_20_21_22_23_24_25_26_27_28_29_30_31_32_33_34_35_36_37",
    "label": "buildings",
    "id": 82,
    "face_vertex_idxs": [
      [
        316,
        317,
        318,
        319
      ],
      [
        320,
        321,
        322,
        323
      ],
      [
        316,
        317,
        321,
        320
      ],
      [
        317,
        318,
        322,
        321
      ],
      [
        318,
        319,
        323,
        322
      ],
      [
        319,
        316,
        320,
        323
      ]
    ],
    "face_material_idxs": [
      0,
      0,
      0,
      0,
      0,
      0
    ]
  },
  {
    "name": "roads_0_1_2_3_4_5_6_7_8_9_10_11_12_13_14_15_16_17_18_19_20_21_22_23_24_25_26_27_28_29_30_31_32_33_34_35_36_37_38",
    "label": "buildings",
    "id": 83,
    "face_vertex_idxs": [
      [
        324,
        325,
        326,
        327
      ],
      [
        328,
        329,
        330,
        331
      ],
      [
        324,
        325,
        329,
        328
      ],
      [
        325,
        326,
        330,
        329
      ],
      [
        326,
        327,
        331,
        330
      ],
      [
        327,
        324,
        328,
        331
      ]
    ],
    "face_material_idxs": [
      0,
      0,
      0,
      0,
      0,
      0
    ]
  },
  {
    "name": "roads_0_1_2_3_4_5_6_7_8_9_10_11_12_13_14_15_16_17_18_19_20_21_22_23_24_25_26_27_28_29_30_31_32_33_34_35_36_37_38_39",
    "label": "buildings",
    "id": 84,
    "face_vertex_idxs": [
      [
        332,
        333,
        334,
        335,
        336,
        337,
        338,
        339,
        340
      ]
    ],
    "face_material_idxs": [
      0
    ]
  },
  {
    "name": "roads_0_1_2_3_4_5_6_7_8_9_10_11_12_13_14_15_16_17_18_19_20_21_22_23_24_25_26_27_28_29_30_31_32_33_34_35_36_37_38_39_40",
    "label": "buildings",
    "id": 85,
    "face_vertex_idxs": [
      [
        341,
        342,
        343,
        344,
        345,
        346,
        347,
        348
      ]
    ],
    "face_material_idxs": [
      0
    ]
  },
  {
    "name": "roads_0_1_2_3_4_5_6_7_8_9_10_11_12_13_14_15_16_17_18_19_20_21_22_23_24_25_26_27_28_29_30_31_32_33_34_35_36_37_38_39_40_41",
    "label": "buildings",
    "id": 86,
    "face_vertex_idxs": [
      [
        349,
        350,
        351,
        352,
        353,
        354,
        355,
        356
      ]
    ],
    "face_material_idxs": [
      0
    ]
  },
  {
    "name": "roads_0_1_2_3_4_5_6_7_8_9_10_11_12_13_14_15_16_17_18_19_20_21_22_23_24_25_26_27_28_29_30_31_32_33_34_35_36_37_38_39_40_41_42",
    "label": "buildings",
    "id": 87,
    "face_vertex_idxs": [
      [
        357,
        358,
        359,
        360,
        361,
        362,
        363,
        364
      ]
    ],
    "face_material_idxs": [
      0
    ]
  },
  {
    "name": "roads_0_1_2_3_4_5_6_7_8_9_10_11_12_13_14_15_16_17_18_19_20_21_22_23_24_25_26_27_28_29_30_31_32_33_34_35_36_37_38_39_40_41_42_43",
    "label": "buildings",
    "id": 88,
    "face_vertex_idxs": [
      [
        365,
        366,
        367,
        368,
        369,
        370,
        371
      ]
    ],
    "face_material_idxs": [
      0
    ]
  },
  {
    "name": "roads_0_1_2_3_4_5_6_7_8_9_10_11_12_13_14_15_16_17_18_19_20_21_22_23_24_25_26_27_28_29_30_31_32_33_34_35_36_37_38_39_40_41_42_43_44",
    "label": "buildings",
    "id": 89,
    "face_vertex_idxs": [
      [
        372,
        373,
        374,
        375,
        376,
        377,
        378
      ]
    ],
    "face_material_idxs": [
      0
    ]
  },
  {
    "name": "newTerrain_0",
    "label": "terrain",
    "id": 90,
    "face_vertex_idxs": [
      [
        379,
        380,
        381,
        382
      ]
    ],
    "face_material_idxs": [
      0
    ]
  }
]