[
  {
    "name": "buildings_0",
    "label": "buildings",
    "id": 0,
    "face_vertex_idxs": [
      [
        0,
        1,
        2,
        3
      ],
      [
        4,
        5,
        6,
        7
      ],
      [
        0,
        1,
        5,
        4
      ],
      [
        1,
        2,
        6,
        5
      ],
      [
        2,
        3,
        7,
        6
      ],
      [
        3,
        0,
        4,
        7
      ]
    ],
    "face_material_idxs": [
      0,
      0,
      0,
      0,
      0,
      0
    ]
  },
  {
    "name": "buildings_0_1",
    "label": "buildings",
    "id": 1,
    "face_vertex_idxs": [
      [
        8,
        9,
        10,
        11
      ],
      [
        12,
        13,
        14,
        15
      ],
      [
        8,
        9,
        13,
        12
      ],
      [
        9,
        10,
        14,
        13
      ],
      [
        10,
        11,
        15,
        14
      ],
      [
        11,
        8,
        12,
        15
      ]
    ],
    "face_material_idxs": [
      0,
      0,
      0,
      0,
      0,
      0
    ]
  },
  {
    "name": "buildings_0_1_2",
    "label": "buildings",
    "id": 2,
    "face_vertex_idxs": [
      [
        16,
        17,
        18,
        19,
        20,
        21
      ],
      [
        22,
        23,
        24,
        25,
        26,
        27
      ],
      [
        16,
        17,
        23,
        22
      ],
      [
        17,
        18,
        24,
        23
      ],
      [
        18,
        19,
        25,
        24
      ],
      [
        19,
        20,
        26,
        25
      ],
      [
        20,
        21,
        27,
        26
      ],
      [
        21,
        16,
        22,
        27
      ]
    ],
    "face_material_idxs": [
      0,
      0,
      0,
      0,
      0,
      0,
      0,
      0
    ]
  },
  {
    "name": "buildings_0_1_2_3",
    "label": "buildings",
    "id": 3,
    "face_vertex_idxs": [
      [
        28,
        29,
        30,
        31,
        32,
        33
      ],
      [
        34,
        35,
        36,
        37,
        38,
        39
      ],
      [
        28,
        29,
        35,
        34
      ],
      [
        29,
        30,
        36,
        35
      ],
      [
        30,
        31,
        37,
        36
      ],
      [
        31,
        32,
        38,
        37
      ],
      [
        32,
        33,
        39,
        38
      ],
      [
        33,
        28,
        34,
        39
      ]
    ],
    "face_material_idxs": [
      0,
      0,
      0,
      0,
      0,
      0,
      0,
      0
    ]
  },
  {
    "name": "buildings_0_1_2_3_4",
    "label": "buildings",
    "id": 4,
    "face_vertex_idxs": [
      [
        40,
        41,
        42,
        43,
        44
      ],
      [
        45,
        46,
        47,
        48,
        49
      ],
      [
        40,
        41,
        46,
        45
      ],
      [
        41,
        42,
        47,
        46
      ],
      [
        42,
        43,
        48,
        47
      ],
      [
        43,
        44,
        49,
        48
      ],
      [
        44,
        40,
        45,
        49
      ]
    ],
    "face_material_idxs": [
      0,
      0,
      0,
      0,
      0,
      0,
      0
    ]
  },
  {
    "name": "buildings_0_1_2_3_4_5",
    "label": "buildings",
    "id": 5,
    "face_vertex_idxs": [
      [
        50,
        51,
        52,
        53,
        54
      ],
      [
        55,
        56,
        57,
        58,
        59
      ],
      [
        50,
        51,
        56,
        55
      ],
      [
        51,
        52,
        57,
        56
      ],
      [
        52,
        53,
        58,
        57
      ],
      [
        53,
        54,
        59,
        58
      ],
      [
        54,
        50,
        55,
        59
      ]
    ],
    "face_material_idxs": [
      0,
      0,
      0,
      0,
      0,
      0,
      0
    ]
  },
  {
    "name": "buildings_0_1_2_3_4_5_6",
    "label": "buildings",
    "id": 6,
    "face_vertex_idxs": [
      [
        60,
        61,
        62,
        63
      ],
      [
        64,
        65,
        66,
        67
      ],
      [
        60,
        61,
        65,
        64
      ],
      [
        61,
        62,
        66,
        65
      ],
      [
        62,
        63,
        67,
        66
      ],
      [
        63,
        60,
        64,
        67
      ]
    ],
    "face_material_idxs": [
      0,
      0,
      0,
      0,
      0,
      0
    ]
  },
  {
    "name": "buildings_0_1_2_3_4_5_6_7",
    "label": "buildings",
    "id": 7,
    "face_vertex_idxs": [
      [
        68,
        69,
        70,
        71,
        72,
        73
      ],
      [
        74,
        75,
        76,
        77,
        78,
        79
      ],
      [
        68,
        69,
        75,
        74
      ],
      [
        69,
        70,
        76,
        75
      ],
      [
        70,
        71,
        77,
        76
      ],
      [
        71,
        72,
        78,
        77
      ],
      [
        72,
        73,
        79,
        78
      ],
      [
        73,
        68,
        74,
        79
      ]
    ],
    "face_material_idxs": [
      0,
      0,
      0,
      0,
      0,
      0,
      0,
      0
    ]
  },
  {
    "name": "buildings_0_1_2_3_4_5_6_7_8",
    "label": "buildings",
    "id": 8,
    "face_vertex_idxs": [
      [
        80,
        81,
        82,
        83
      ],
      [
        84,
        85,
        86,
        87
      ],
      [
        80,
        81,
        85,
        84
      ],
      [
        81,
        82,
        86,
        85
      ],
      [
        82,
        83,
        87,
        86
      ],
      [
        83,
        80,
        84,
        87
      ]
    ],
    "face_material_idxs": [
      0,
      0,
      0,
      0,
      0,
      0
    ]
  },
  {
    "name": "buildings_0_1_2_3_4_5_6_7_8_9",
    "label": "buildings",
    "id": 9,
    "face_vertex_idxs": [
      [
        88,
        89,
        90,
        91,
        92,
        93
      ],
      [
        94,
        95,
        96,
        97,
        98,
        99
      ],
      [
        88,
        89,
        95,
        94
      ],
      [
        89,
        90,
        96,
        95
      ],
      [
        90,
        91,
        97,
        96
      ],
      [
        91,
        92,
        98,
        97
      ],
      [
        92,
        93,
        99,
        98
      ],
      [
        93,
        88,
        94,
        99
      ]
    ],
    "face_material_idxs": [
      0,
      0,
      0,
      0,
      0,
      0,
      0,
      0
    ]
  },
  {
    "name": "buildings_0_1_2_3_4_5_6_7_8_9_10",
    "label": "buildings",
    "id": 10,
    "face_vertex_idxs": [
      [
        100,
        101,
        102,
        103,
        104
      ],
      [
        105,
        106,
        107,
        108,
        109
      ],
      [
        100,
        101,
        106,
        105
      ],
      [
        101,
        102,
        107,
        106
      ],
      [
        102,
        103,
        108,
        107
      ],
      [
        103,
        104,
        109,
        108
      ],
      [
        104,
        100,
        105,
        109
      ]
    ],
    "face_material_idxs": [
      0,
      0,
      0,
      0,
      0,
      0,
      0
    ]
  },
  {
    "name": "buildings_0_1_2_3_4_5_6_7_8_9_10_11",
    "label": "buildings",
    "id": 11,
    "face_vertex_idxs": [
      [
        110,
        111,
        112,
        113
      ],
      [
        114,
        115,
        116,
        117
      ],
      [
        110,
        111,
        115,
        114
      ],
      [
        111,
        112,
        116,
        115
      ],
      [
        112,
        113,
        117,
        116
      ],
      [
        113,
        110,
        114,
        117
      ]
    ],
    "face_material_idxs": [
      0,
      0,
      0,
      0,
      0,
      0
    ]
  },
  {
    "name": "buildings_0_1_2_3_4_5_6_7_8_9_10_11_12",
    "label": "buildings",
    "id": 12,
    "face_vertex_idxs": [
      [
        118,
        119,
        120,
        121,
        122
      ]
    ],
    "face_material_idxs": [
      0
    ]
  },
  {
    "name": "buildings_0_1_2_3_4_5_6_7_8_9_10_11_12_13",
    "label": "buildings",
    "id": 13,
    "face_vertex_idxs": [
      [
        123,
        124,
        125,
        126,
        127,
        128,
        129,
        130
      ]
    ],
    "face_material_idxs": [
      0
    ]
  },
  {
    "name": "buildings_0_1_2_3_4_5_6_7_8_9_10_11_12_13_14",
    "label": "buildings",
    "id": 14,
    "face_vertex_idxs": [
      [
        131,
        132,
        133,
        134,
        135,
        136,
        137,
        138
      ]
    ],
    "face_material_idxs": [
      0
    ]
  },
  {
    "name": "buildings_0_1_2_3_4_5_6_7_8_9_10_11_12_13_14_15",
    "label": "buildings",
    "id": 15,
    "face_vertex_idxs": [
      [
        139,
        140,
        141,
        142,
        143,
        144,
        145,
        146,
        147,
        148
      ]
    ],
    "face_material_idxs": [
      0
    ]
  },
  {
    "name": "buildings_0_1_2_3_4_5_6_7_8_9_10_11_12_13_14_15_16",
    "label": "buildings",
    "id": 16,
    "face_vertex_idxs": [
      [
        149,
        150,
        151,
        152,
        153
      ]
    ],
    "face_material_idxs": [
      0
    ]
  },
  {
    "name": "buildings_0_1_2_3_4_5_6_7_8_9_10_11_12_13_14_15_16_17",
    "label": "buildings",
    "id": 17,
    "face_vertex_idxs": [
      [
        154,
        155,
        156,
        157,
        158
      ]
    ],
    "face_material_idxs": [
      0
    ]
  },
  {
    "name": "buildings_0_1_2_3_4_5_6_7_8_9_10_11_12_13_14_15_16_17_18",
    "label": "buildings",
    "id": 18,
    "face_vertex_idxs": [
      [
        159,
        160,
        161,
        162,
        163
      ]
    ],
    "face_material_idxs": [
      0
    ]
  },
  {
    "name": "buildings_0_1_2_3_4_5_6_7_8_9_10_11_12_13_14_15_16_17_18_19",
    "label": "buildings",
    "id": 19,
    "face_vertex_idxs": [
      [
        164,
        165,
        166,
        167,
        168
      ]
    ],
    "face_material_idxs": [
      0
    ]
  },
  {
    "name": "buildings_0_1_2_3_4_5_6_7_8_9_10_11_12_13_14_15_16_17_18_19_20",
    "label": "buildings",
    "id": 20,
    "face_vertex_idxs": [
      [
        169,
        170,
        171,
        172,
        173,
        174
      ]
    ],
    "face_material_idxs": [
      0
    ]
  },
  {
    "name": "buildings_0_1_2_3_4_5_6_7_8_9_10_11_12_13_14_15_16_17_18_19_20_21",
    "label": "buildings",
    "id": 21,
    "face_vertex_idxs": [
      [
        175,
        176,
        177,
        178,
        179,
        180
      ]
    ],
    "face_material_idxs": [
      0
    ]
  },
  {
    "name": "buildings_0_1_2_3_4_5_6_7_8_9_10_11_12_13_14_15_16_17_18_19_20_21_22",
    "label": "buildings",
    "id": 22,
    "face_vertex_idxs": [
      [
        181,
        182,
        183,
        184,
        185,
        186,
        187
      ]
    ],
    "face_material_idxs": [
      0
    ]
  },
  {
    "name": "buildings_0_1_2_3_4_5_6_7_8_9_10_11_12_13_14_15_16_17_18_19_20_21_22_23",
    "label": "buildings",
    "id": 23,
    "face_vertex_idxs": [
      [
        188,
        189,
        190,
        191,
        192,
        193
      ]
    ],
    "face_material_idxs": [
      0
    ]
  },
  {
    "name": "buildings_0_1_2_3_4_5_6_7_8_9_10_11_12_13_14_15_16_17_18_19_20_21_22_23_24",
    "label": "buildings",
    "id": 24,
    "face_vertex_idxs": [
      [
        194,
        195,
        196,
        197,
        198,
        199
      ]
    ],
    "face_material_idxs": [
      0
    ]
  },
  {
    "name": "buildings_0_1_2_3_4_5_6_7_8_9_10_11_12_13_14_15_16_17_18_19_20_21_22_23_24_25",
    "label": "buildings",
    "id": 25,
    "face_vertex_idxs": [
      [
        200,
        201,
        202,
        203
      ]
    ],
    "face_material_idxs": [
      0
    ]
  },
  {
    "name": "buildings_0_1_2_3_4_5_6_7_8_9_10_11_12_13_14_15_16_17_18_19_20_21_22_23_24_25_26",
    "label": "buildings",
    "id": 26,
    "face_vertex_idxs": [
      [
        204,
        205,
        206,
        207,
        208,
        209,
        210,
        211
      ]
    ],
    "face_material_idxs": [
      0
    ]
  },
  {
    "name": "buildings_0_1_2_3_4_5_6_7_8_9_10_11_12_13_14_15_16_17_18_19_20_21_22_23_24_25_26_27",
    "label": "buildings",
    "id": 27,
    "face_vertex_idxs": [
      [
        212,
        213,
        214,
        215,
        216
      ]
    ],
    "face_material_idxs": [
      0
    ]
  },
  {
    "name": "buildings_0_1_2_3_4_5_6_7_8_9_10_11_12_13_14_15_16_17_18_19_20_21_22_23_24_25_26_27_28",
    "label": "buildings",
    "id": 28,
    "face_vertex_idxs": [
      [
        217,
        218,
        219,
        220,
        221
      ]
    ],
    "face_material_idxs": [
      0
    ]
  },
  {
    "name": "buildings_0_1_2_3_4_5_6_7_8_9_10_11_12_13_14_15_16_17_18_19_20_21_22_23_24_25_26_27_28_29",
    "label": "buildings",
    "id": 29,
    "face_vertex_idxs": [
      [
        222,
        223,
        224,
        225,
        226
      ]
    ],
    "face_material_idxs": [
      0
    ]
  },
  {
    "name": "buildings_0_1_2_3_4_5_6_7_8_9_10_11_12_13_14_15_16_17_18_19_20_21_22_23_24_25_26_27_28_29_30",
    "label": "buildings",
    "id": 30,
    "face_vertex_idxs": [
      [
        227,
        228,
        229,
        230,
        231
      ]
    ],
    "face_material_idxs": [
      0
    ]
  },
  {
    "name": "buildings_0_1_2_3_4_5_6_7_8_9_10_11_12_13_14_15_16_17_18_19_20_21_22_23_24_25_26_27_28_29_30_31",
    "label": "buildings",
    "id": 31,
    "face_vertex_idxs": [
      [
        232,
        233,
        234,
        235,
        236
      ]
    ],
    "face_material_idxs": [
      0
    ]
  },
  {
    "name": "buildings_0_1_2_3_4_5_6_7_8_9_10_11_12_13_14_15_16_17_18_19_20_21_22_23_24_25_26_27_28_29_30_31_32",
    "label": "buildings",
    "id": 32,
    "face_vertex_idxs": [
      [
        237,
        238,
        239,
        240,
        241
      ]
    ],
    "face_material_idxs": [
      0
    ]
  },
  {
    "name": "buildings_0_1_2_3_4_5_6_7_8_9_10_11_12_13_14_15_16_17_18_19_20_21_22_23_24_25_26_27_28_29_30_31_32_33",
    "label": "buildings",
    "id": 33,
    "face_vertex_idxs": [
      [
        242,
        243,
        244,
        245,
        246
      ]
    ],
    "face_material_idxs": [
      0
    ]
  },
  {
    "name": "buildings_0_1_2_3_4_5_6_7_8_9_10_11_12_13_14_15_16_17_18_19_20_21_22_23_24_25_26_27_28_29_30_31_32_33_34",
    "label": "buildings",
    "id": 34,
    "face_vertex_idxs": [
      [
        247,
        248,
        249,
        250,
        251
      ]
    ],
    "face_material_idxs": [
      0
    ]
  },
  {
    "name": "buildings_0_1_2_3_4_5_6_7_8_9_10_11_12_13_14_15_16_17_18_19_20_21_22_23_24_25_26_27_28_29_30_31_32_33_34_35",
    "label": "buildings",
    "id": 35,
    "face_vertex_idxs": [
      [
        252,
        253,
        254,
        255,
        256
      ]
    ],
    "face_material_idxs": [
      0
    ]
  },
  {
    "name": "buildings_0_1_2_3_4_5_6_7_8_9_10_11_12_13_14_15_16_17_18_19_20_21_22_23_24_25_26_27_28_29_30_31_32_33_34_35_36",
    "label": "buildings",
    "id": 36,
    "face_vertex_idxs": [
      [
        257,
        258,
        259,
        260,
        261
      ]
    ],
    "face_material_idxs": [
      0
    ]
  },
  {
    "name": "buildings_0_1_2_3_4_5_6_7_8_9_10_11_12_13_14_15_16_17_18_19_20_21_22_23_24_25_26_27_28_29_30_31_32_33_34_35_36_37",
    "label": "buildings",
    "id": 37,
    "face_vertex_idxs": [
      [
        262,
        263,
        264,
        265,
        266
      ]
    ],
    "face_material_idxs": [
      0
    ]
  },
  {
    "name": "buildings_0_1_2_3_4_5_6_7_8_9_10_11_12_13_14_15_16_17_18_19_20_21_22_23_24_25_26_27_28_29_30_31_32_33_34_35_36_37_38",
    "label": "buildings",
    "id": 38,
    "face_vertex_idxs": [
      [
        267,
        268,
        269,
        270,
        271
      ]
    ],
    "face_material_idxs": [
      0
    ]
  },
  {
    "name": "buildings_0_1_2_3_4_5_6_7_8_9_10_11_12_13_14_15_16_17_18_19_20_21_22_23_24_25_26_27_28_29_30_31_32_33_34_35_36_37_38_39",
    "label": "buildings",
    "id": 39,
    "face_vertex_idxs": [
      [
        272,
        273,
        274,
        275,
        276
      ]
    ],
    "face_material_idxs": [
      0
    ]
  },
  {
    "name": "buildings_0_1_2_3_4_5_6_7_8_9_10_11_12_13_14_15_16_17_18_19_20_21_22_23_24_25_26_27_28_29_30_31_32_33_34_35_36_37_38_39_40",
    "label": "buildings",
    "id": 40,
    "face_vertex_idxs": [
      [
        277,
        278,
        279,
        280,
        281
      ]
    ],
    "face_material_idxs": [
      0
    ]
  },
  {
    "name": "buildings_0_1_2_3_4_5_6_7_8_9_10_11_12_13_14_15_16_17_18_19_20_21_22_23_24_25_26_27_28_29_30_31_32_33_34_35_36_37_38_39_40_41",
    "label": "buildings",
    "id": 41,
    "face_vertex_idxs": [
      [
        282,
        283,
        284,
        285,
        286
      ]
    ],
    "face_material_idxs": [
      0
    ]
  },
  {
    "name": "buildings_0_1_2_3_4_5_6_7_8_9_10_11_12_13_14_15_16_17_18_19_20_21_22_23_24_25_26_27_28_29_30_31_32_33_34_35_36_37_38_39_40_41_42",
    "label": "buildings",
    "id": 42,
    "face_vertex_idxs": [
      [
        287,
        288,
        289,
        290,
        291
      ]
    ],
    "face_material_idxs": [
      0
    ]
  },
  {
    "name": "buildings_0_1_2_3_4_5_6_7_8_9_10_11_12_13_14_15_16_17_18_19_20_21_22_23_24_25_26_27_28_29_30_31_32_33_34_35_36_37_38_39_40_41_42_43",
    "label": "buildings",
    "id": 43,
    "face_vertex_idxs": [
      [
        292,
        293,
        294,
        295,
        296
      ]
    ],
    "face_material_idxs": [
      0
    ]
  },
  {
    "name": "buildings_0_1_2_3_4_5_6_7_8_9_10_11_12_13_14_15_16_17_18_19_20_21_22_23_24_25_26_27_28_29_30_31_32_33_34_35_36_37_38_39_40_41_42_43_44",
    "label": "buildings",
    "id": 44,
    "face_vertex_idxs": [
      [
        297,
        298,
        299,
        300,
        301
      ]
    ],
    "face_material_idxs": [
      0
    ]
  },
  {
    "name": "buildings_0_1_2_3_4_5_6_7_8_9_10_11_12_13_14_15_16_17_18_19_20_21_22_23_24_25_26_27_28_29_30_31_32_33_34_35_36_37_38_39_40_41_42_43_44_45",
    "label": "buildings",
    "id": 45,
    "face_vertex_idxs": [
      [
        302,
        303,
        304,
        305,
        306
      ]
    ],
    "face_material_idxs": [
      0
    ]
  },
  {
    "name": "buildings_0_1_2_3_4_5_6_7_8_9_10_11_12_13_14_15_16_17_18_19_20_21_22_23_24_25_26_27_28_29_30_31_32_33_34_35_36_37_38_39_40_41_42_43_44_45_46",
    "label": "buildings",
    "id": 46,
    "face_vertex_idxs": [
      [
        307,
        308,
        309,
        310,
        311
      ]
    ],
    "face_material_idxs": [
      0
    ]
  },
  {
    "name": "buildings_0_1_2_3_4_5_6_7_8_9_10_11_12_13_14_15_16_17_18_19_20_21_22_23_24_25_26_27_28_29_30_31_32_33_34_35_36_37_38_39_40_41_42_43_44_45_46_47",
    "label": "buildings",
    "id": 47,
    "face_vertex_idxs": [
      [
        312,
        313,
        314,
        315,
        316,
        317
      ]
    ],
    "face_material_idxs": [
      0
    ]
  },
  {
    "name": "buildings_0_1_2_3_4_5_6_7_8_9_10_11_12_13_14_15_16_17_18_19_20_21_22_23_24_25_26_27_28_29_30_31_32_33_34_35_36_37_38_39_40_41_42_43_44_45_46_47_48",
    "label": "buildings",
    "id": 48,
    "face_vertex_idxs": [
      [
        318,
        319,
        320,
        321,
        322
      ]
    ],
    "face_material_idxs": [
      0
    ]
  },
  {
    "name": "buildings_0_1_2_3_4_5_6_7_8_9_10_11_12_13_14_15_16_17_18_19_20_21_22_23_24_25_26_27_28_29_30_31_32_33_34_35_36_37_38_39_40_41_42_43_44_45_46_47_48_49",
    "label": "buildings",
    "id": 49,
    "face_vertex_idxs": [
      [
        323,
        324,
        325,
        326,
        327
      ]
    ],
    "face_material_idxs": [
      0
    ]
  },
  {
    "name": "buildings_0_1_2_3_4_5_6_7_8_9_10_11_12_13_14_15_16_17_18_19_20_21_22_23_24_25_26_27_28_29_30_31_32_33_34_35_36_37_38_39_40_41_42_43_44_45_46_47_48_49_50",
    "label": "buildings",
    "id": 50,
    "face_vertex_idxs": [
      [
        328,
        329,
        330,
        331,
        332
      ]
    ],
    "face_material_idxs": [
      0
    ]
  },
  {
    "name": "buildings_0_1_2_3_4_5_6_7_8_9_10_11_12_13_14_15_16_17_18_19_20_21_22_23_24_25_26_27_28_29_30_31_32_33_34_35_36_37_38_39_40_41_42_43_44_45_46_47_48_49_50_51",
    "label": "buildings",
    "id": 51,
    "face_vertex_idxs": [
      [
        333,
        334,
        335,
        336
      ]
    ],
    "face_material_idxs": [
      0
    ]
  },
  {
    "name": "buildings_0_1_2_3_4_5_6_7_8_9_10_11_12_13_14_15_16_17_18_19_20_21_22_23_24_25_26_27_28_29_30_31_32_33_34_35_36_37_38_39_40_41_42_43_44_45_46_47_48_49_50_51_52",
    "label": "buildings",
    "id": 52,
    "face_vertex_idxs": [
      [
        337,
        338,
        339,
        340,
        341
      ]
    ],
    "face_material_idxs": [
      0
    ]
  },
  {
    "name": "roads_0",
    "label": "buildings",
    "id": 53,
    "face_vertex_idxs": [
      [
        0,
        1,
        2,
        3
      ],
      [
        4,
        5,
        6,
        7
      ],
      [
        0,
        1,
        5,
        4
      ],
      [
        1,
        2,
        6,
        5
      ],
      [
        2,
        3,
        7,
        6
      ],
      [
        3,
        0,
        4,
        7
      ]
    ],
    "face_material_idxs": [
      0,
      0,
      0,
      0,
      0,
      0
    ]
  },
  {
    "name": "roads_0_1",
    "label": "buildings",
    "id": 54,
    "face_vertex_idxs": [
      [
        8,
        9,
        10,
        11
      ],
      [
        12,
        13,
        14,
        15
      ],
      [
        8,
        9,
        13,
        12
      ],
      [
        9,
        10,
        14,
        13
      ],
      [
        10,
        11,
        15,
        14
      ],
      [
        11,
        8,
        12,
        15
      ]
    ],
    "face_material_idxs": [
      0,
      0,
      0,
      0,
      0,
      0
    ]
  },
  {
    "name": "roads_0_1_2",
    "label": "buildings",
    "id": 55,
    "face_vertex_idxs": [
      [
        16,
        17,
        18,
        19,
        20,
        21
      ],
      [
        22,
        23,
        24,
        25,
        26,
        27
      ],
      [
        16,
        17,
        23,
        22
      ],
      [
        17,
        18,
        24,
        23
      ],
      [
        18,
        19,
        25,
        24
      ],
      [
        19,
        20,
        26,
        25
      ],
      [
        20,
        21,
        27,
        26
      ],
      [
        21,
        16,
        22,
        27
      ]
    ],
    "face_material_idxs": [
      0,
      0,
      0,
      0,
      0,
      0,
      0,
      0
    ]
  },
  {
    "name": "roads_0_1_2_3",
    "label": "buildings",
    "id": 56,
    "face_vertex_idxs": [
      [
        28,
        29,
        30,
        31,
        32,
        33
      ],
      [
        34,
        35,
        36,
        37,
        38,
        39
      ],
      [
        28,
        29,
        35,
        34
      ],
      [
        29,
        30,
        36,
        35
      ],
      [
        30,
        31,
        37,
        36
      ],
      [
        31,
        32,
        38,
        37
      ],
      [
        32,
        33,
        39,
        38
      ],
      [
        33,
        28,
        34,
        39
      ]
    ],
    "face_material_idxs": [
      0,
      0,
      0,
      0,
      0,
      0,
      0,
      0
    ]
  },
  {
    "name": "roads_0_1_2_3_4",
    "label": "buildings",
    "id": 57,
    "face_vertex_idxs": [
      [
        40,
        41,
        42,
        43,
        44
      ],
      [
        45,
        46,
        47,
        48,
        49
      ],
      [
        40,
        41,
        46,
        45
      ],
      [
        41,
        42,
        47,
        46
      ],
      [
        42,
        43,
        48,
        47
      ],
      [
        43,
        44,
        49,
        48
      ],
      [
        44,
        40,
        45,
        49
      ]
    ],
    "face_material_idxs": [
      0,
      0,
      0,
      0,
      0,
      0,
      0
    ]
  },
  {
    "name": "roads_0_1_2_3_4_5",
    "label": "buildings",
    "id": 58,
    "face_vertex_idxs": [
      [
        50,
        51,
        52,
        53,
        54
      ],
      [
        55,
        56,
        57,
        58,
        59
      ],
      [
        50,
        51,
        56,
        55
      ],
      [
        51,
        52,
        57,
        56
      ],
      [
        52,
        53,
        58,
        57
      ],
      [
        53,
        54,
        59,
        58
      ],
      [
        54,
        50,
        55,
        59
      ]
    ],
    "face_material_idxs": [
      0,
      0,
      0,
      0,
      0,
      0,
      0
    ]
  },
  {
    "name": "roads_0_1_2_3_4_5_6",
    "label": "buildings",
    "id": 59,
    "face_vertex_idxs": [
      [
        60,
        61,
        62,
        63
      ],
      [
        64,
        65,
        66,
        67
      ],
      [
        60,
        61,
        65,
        64
      ],
      [
        61,
        62,
        66,
        65
      ],
      [
        62,
        63,
        67,
        66
      ],
      [
        63,
        60,
        64,
        67
      ]
    ],
    "face_material_idxs": [
      0,
      0,
      0,
      0,
      0,
      0
    ]
  },
  {
    "name": "roads_0_1_2_3_4_5_6_7",
    "label": "buildings",
    "id": 60,
    "face_vertex_idxs": [
      [
        68,
        69,
        70,
        71,
        72,
        73
      ],
      [
        74,
        75,
        76,
        77,
        78,
        79
      ],
      [
        68,
        69,
        75,
        74
      ],
      [
        69,
        70,
        76,
        75
      ],
      [
        70,
        71,
        77,
        76
      ],
      [
        71,
        72,
        78,
        77
      ],
      [
        72,
        73,
        79,
        78
      ],
      [
        73,
        68,
        74,
        79
      ]
    ],
    "face_material_idxs": [
      0,
      0,
      0,
      0,
      0,
      0,
      0,
      0
    ]
  },
  {
    "name": "roads_0_1_2_3_4_5_6_7_8",
    "label": "buildings",
    "id": 61,
    "face_vertex_idxs": [
      [
        80,
        81,
        82,
        83
      ],
      [
        84,
        85,
        86,
        87
      ],
      [
        80,
        81,
        85,
        84
      ],
      [
        81,
        82,
        86,
        85
      ],
      [
        82,
        83,
        87,
        86
      ],
      [
        83,
        80,
        84,
        87
      ]
    ],
    "face_material_idxs": [
      0,
      0,
      0,
      0,
      0,
      0
    ]
  },
  {
    "name": "roads_0_1_2_3_4_5_6_7_8_9",
    "label": "buildings",
    "id": 62,
    "face_vertex_idxs": [
      [
        88,
        89,
        90,
        91,
        92,
        93
      ],
      [
        94,
        95,
        96,
        97,
        98,
        99
      ],
      [
        88,
        89,
        95,
        94
      ],
      [
        89,
        90,
        96,
        95
      ],
      [
        90,
        91,
        97,
        96
      ],
      [
        91,
        92,
        98,
        97
      ],
      [
        92,
        93,
        99,
        98
      ],
      [
        93,
        88,
        94,
        99
      ]
    ],
    "face_material_idxs": [
      0,
      0,
      0,
      0,
      0,
      0,
      0,
      0
    ]
  },
  {
    "name": "roads_0_1_2_3_4_5_6_7_8_9_10",
    "label": "buildings",
    "id": 63,
    "face_vertex_idxs": [
      [
        100,
        101,
        102,
        103,
        104
      ],
      [
        105,
        106,
        107,
        108,
        109
      ],
      [
        100,
        101,
        106,
        105
      ],
      [
        101,
        102,
        107,
        106
      ],
      [
        102,
        103,
        108,
        107
      ],
      [
        103,
        104,
        109,
        108
      ],
      [
        104,
        100,
        105,
        109
      ]
    ],
    "face_material_idxs": [
      0,
      0,
      0,
      0,
      0,
      0,
      0
    ]
  },
  {
    "name": "roads_0_1_2_3_4_5_6_7_8_9_10_11",
    "label": "buildings",
    "id": 64,
    "face_vertex_idxs": [
      [
        110,
        111,
        112,
        113
      ],
      [
        114,
        115,
        116,
        117
      ],
      [
        110,
        111,
        115,
        114
      ],
      [
        111,
        112,
        116,
        115
      ],
      [
        112,
        113,
        117,
        116
      ],
      [
        113,
        110,
        114,
        117
      ]
    ],
    "face_material_idxs": [
      0,
      0,
      0,
      0,
      0,
      0
    ]
  },
  {
    "name": "roads_0_1_2_3_4_5_6_7_8_9_10_11_12",
    "label": "buildings",
    "id": 65,
    "face_vertex_idxs": [
      [
        118,
        119,
        120,
        121,
        122
      ]
    ],
    "face_material_idxs": [
      0
    ]
  },
  {
    "name": "roads_0_1_2_3_4_5_6_7_8_9_10_11_12_13",
    "label": "buildings",
    "id": 66,
    "face_vertex_idxs": [
      [
        123,
        124,
        125,
        126,
        127,
        128,
        129,
        130
      ]
    ],
    "face_material_idxs": [
      0
    ]
  },
  {
    "name": "roads_0_1_2_3_4_5_6_7_8_9_10_11_12_13_14",
    "label": "buildings",
    "id": 67,
    "face_vertex_idxs": [
      [
        131,
        132,
        133,
        134,
        135,
        136,
        137,
        138
      ]
    ],
    "face_material_idxs": [
      0
    ]
  },
  {
    "name": "roads_0_1_2_3_4_5_6_7_8_9_10_11_12_13_14_15",
    "label": "buildings",
    "id": 68,
    "face_vertex_idxs": [
      [
        139,
        140,
        141,
        142,
        143,
        144,
        145,
        146,
        147,
        148
      ]
    ],
    "face_material_idxs": [
      0
    ]
  },
  {
    "name": "roads_0_1_2_3_4_5_6_7_8_9_10_11_12_13_14_15_16",
    "label": "buildings",
    "id": 69,
    "face_vertex_idxs": [
      [
        149,
        150,
        151,
        152,
        153
      ]
    ],
    "face_material_idxs": [
      0
    ]
  },
  {
    "name": "roads_0_1_2_3_4_5_6_7_8_9_10_11_12_13_14_15_16_17",
    "label": "buildings",
    "id": 70,
    "face_vertex_idxs": [
      [
        154,
        155,
        156,
        157,
        158
      ]
    ],
    "face_material_idxs": [
      0
    ]
  },
  {
    "name": "roads_0_1_2_3_4_5_6_7_8_9_10_11_12_13_14_15_16_17_18",
    "label": "buildings",
    "id": 71,
    "face_vertex_idxs": [
      [
        159,
        160,
        161,
        162,
        163
      ]
    ],
    "face_material_idxs": [
      0
    ]
  },
  {
    "name": "roads_0_1_2_3_4_5_6_7_8_9_10_11_12_13_14_15_16_17_18_19",
    "label": "buildings",
    "id": 72,
    "face_vertex_idxs": [
      [
        164,
        165,
        166,
        167,
        168
      ]
    ],
    "face_material_idxs": [
      0
    ]
  },
  {
    "name": "roads_0_1_2_3_4_5_6_7_8_9_10_11_12_13_14_15_16_17_18_19_20",
    "label": "buildings",
    "id": 73,
    "face_vertex_idxs": [
      [
        169,
        170,
        171,
        172,
        173,
        174
      ]
    ],
    "face_material_idxs": [
      0
    ]
  },
  {
    "name": "roads_0_1_2_3_4_5_6_7_8_9_10_11_12_13_14_15_16_17_18_19_20_21",
    "label": "buildings",
    "id": 74,
    "face_vertex_idxs": [
      [
        175,
        176,
        177,
        178,
        179,
        180
      ]
    ],
    "face_material_idxs": [
      0
    ]
  },
  {
    "name": "roads_0_1_2_3_4_5_6_7_8_9_10_11_12_13_14_15_16_17_18_19_20_21_22",
    "label": "buildings",
    "id": 75,
    "face_vertex_idxs": [
      [
        181,
        182,
        183,
        184,
        185,
        186,
        187
      ]
    ],
    "face_material_idxs": [
      0
    ]
  },
  {
    "name": "roads_0_1_2_3_4_5_6_7_8_9_10_11_12_13_14_15_16_17_18_19_20_21_22_23",
    "label": "buildings",
    "id": 76,
    "face_vertex_idxs": [
      [
        188,
        189,
        190,
        191,
        192,
        193
      ]
    ],
    "face_material_idxs": [
      0
    ]
  },
  {
    "name": "roads_0_1_2_3_4_5_6_7_8_9_10_11_12_13_14_15_16_17_18_19_20_21_22_23_24",
    "label": "buildings",
    "id": 77,
    "face_vertex_idxs": [
      [
        194,
        195,
        196,
        197,
        198,
        199
      ]
    ],
    "face_material_idxs": [
      0
    ]
  },
  {
    "name": "roads_0_1_2_3_4_5_6_7_8_9_10_11_12_13_14_15_16_17_18_19_20_21_22_23_24_25",
    "label": "buildings",
    "id": 78,
    "face_vertex_idxs": [
      [
        200,
        201,
        202,
        203
      ]
    ],
    "face_material_idxs": [
      0
    ]
  },
  {
    "name": "roads_0_1_2_3_4_5_6_7_8_9_10_11_12_13_14_15_16_17_18_19_20_21_22_23_24_25_26",
    "label": "buildings",
    "id": 79,
    "face_vertex_idxs": [
      [
        204,
        205,
        206,
        207,
        208,
        209,
        210,
        211
      ]
    ],
    "face_material_idxs": [
      0
    ]
  },
  {
    "name": "roads_0_1_2_3_4_5_6_7_8_9_10_11_12_13_14_15_16_17_18_19_20_21_22_23_24_25_26_27",
    "label": "buildings",
    "id": 80,
    "face_vertex_idxs": [
      [
        212,
        213,
        214,
        215,
        216
      ]
    ],
    "face_material_idxs": [
      0
    ]
  },
  {
    "name": "roads_0_1_2_3_4_5_6_7_8_9_10_11_12_13_14_15_16_17_18_19_20_21_22_23_24_25_26_27_28",
    "label": "buildings",
    "id": 81,
    "face_vertex_idxs": [
      [
        217,
        218,
        219,
        220,
        221
      ]
    ],
    "face_material_idxs": [
      0
    ]
  },
  {
    "name": "roads_0_1_2_3_4_5_6_7_8_9_10_11_12_13_14_15_16_17_18_19_20_21_22_23_24_25_26_27_28_29",
    "label": "buildings",
    "id": 82,
    "face_vertex_idxs": [
      [
        222,
        223,
        224,
        225,
        226
      ]
    ],
    "face_material_idxs": [
      0
    ]
  },
  {
    "name": "roads_0_1_2_3_4_5_6_7_8_9_10_11_12_13_14_15_16_17_18_19_20_21_22_23_24_25_26_27_28_29_30",
    "label": "buildings",
    "id": 83,
    "face_vertex_idxs": [
      [
        227,
        228,
        229,
        230,
        231
      ]
    ],
    "face_material_idxs": [
      0
    ]
  },
  {
    "name": "roads_0_1_2_3_4_5_6_7_8_9_10_11_12_13_14_15_16_17_18_19_20_21_22_23_24_25_26_27_28_29_30_31",
    "label": "buildings",
    "id": 84,
    "face_vertex_idxs": [
      [
        232,
        233,
        234,
        235,
        236
      ]
    ],
    "face_material_idxs": [
      0
    ]
  },
  {
    "name": "roads_0_1_2_3_4_5_6_7_8_9_10_11_12_13_14_15_16_17_18_19_20_21_22_23_24_25_26_27_28_29_30_31_32",
    "label": "buildings",
    "id": 85,
    "face_vertex_idxs": [
      [
        237,
        238,
        239,
        240,
        241
      ]
    ],
    "face_material_idxs": [
      0
    ]
  },
  {
    "name": "roads_0_1_2_3_4_5_6_7_8_9_10_11_12_13_14_15_16_17_18_19_20_21_22_23_24_25_26_27_28_29_30_31_32_33",
    "label": "buildings",
    "id": 86,
    "face_vertex_idxs": [
      [
        242,
        243,
        244,
        245,
        246
      ]
    ],
    "face_material_idxs": [
      0
    ]
  },
  {
    "name": "roads_0_1_2_3_4_5_6_7_8_9_10_11_12_13_14_15_16_17_18_19_20_21_22_23_24_25_26_27_28_29_30_31_32_33_34",
    "label": "buildings",
    "id": 87,
    "face_vertex_idxs": [
      [
        247,
        248,
        249,
        250,
        251
      ]
    ],
    "face_material_idxs": [
      0
    ]
  },
  {
    "name": "roads_0_1_2_3_4_5_6_7_8_9_10_11_12_13_14_15_16_17_18_19_20_21_22_23_24_25_26_27_28_29_30_31_32_33_34_35",
    "label": "buildings",
    "id": 88,
    "face_vertex_idxs": [
      [
        252,
        253,
        254,
        255,
        256
      ]
    ],
    "face_material_idxs": [
      0
    ]
  },
  {
    "name": "roads_0_1_2_3_4_5_6_7_8_9_10_11_12_13_14_15_16_17_18_19_20_21_22_23_24_25_26_27_28_29_30_31_32_33_34_35_36",
    "label": "buildings",
    "id": 89,
    "face_vertex_idxs": [
      [
        257,
        258,
        259,
        260,
        261
      ]
    ],
    "face_material_idxs": [
      0
    ]
  },
  {
    "name": "roads_0_1_2_3_4_5_6_7_8_9_10_11_12_13_14_15_16_17_18_19_20_21_22_23_24_25_26_27_28_29_30_31_32_33_34_35_36_37",
    "label": "buildings",
    "id": 90,
    "face_vertex_idxs": [
      [
        262,
        263,
        264,
        265,
        266
      ]
    ],
    "face_material_idxs": [
      0
    ]
  },
  {
    "name": "roads_0_1_2_3_4_5_6_7_8_9_10_11_12_13_14_15_16_17_18_19_20_21_22_23_24_25_26_27_28_29_30_31_32_33_34_35_36_37_38",
    "label": "buildings",
    "id": 91,
    "face_vertex_idxs": [
      [
        267,
        268,
        269,
        270,
        271
      ]
    ],
    "face_material_idxs": [
      0
    ]
  },
  {
    "name": "roads_0_1_2_3_4_5_6_7_8_9_10_11_12_13_14_15_16_17_18_19_20_21_22_23_24_25_26_27_28_29_30_31_32_33_34_35_36_37_38_39",
    "label": "buildings",
    "id": 92,
    "face_vertex_idxs": [
      [
        272,
        273,
        274,
        275,
        276
      ]
    ],
    "face_material_idxs": [
      0
    ]
  },
  {
    "name": "roads_0_1_2_3_4_5_6_7_8_9_10_11_12_13_14_15_16_17_18_19_20_21_22_23_24_25_26_27_28_29_30_31_32_33_34_35_36_37_38_39_40",
    "label": "buildings",
    "id": 93,
    "face_vertex_idxs": [
      [
        277,
        278,
        279,
        280,
        281
      ]
    ],
    "face_material_idxs": [
      0
    ]
  },
  {
    "name": "roads_0_1_2_3_4_5_6_7_8_9_10_11_12_13_14_15_16_17_18_19_20_21_22_23_24_25_26_27_28_29_30_31_32_33_34_35_36_37_38_39_40_41",
    "label": "buildings",
    "id": 94,
    "face_vertex_idxs": [
      [
        282,
        283,
        284,
        285,
        286
      ]
    ],
    "face_material_idxs": [
      0
    ]
  },
  {
    "name": "roads_0_1_2_3_4_5_6_7_8_9_10_11_12_13_14_15_16_17_18_19_20_21_22_23_24_25_26_27_28_29_30_31_32_33_34_35_36_37_38_39_40_41_42",
    "label": "buildings",
    "id": 95,
    "face_vertex_idxs": [
      [
        287,
        288,
        289,
        290,
        291
      ]
    ],
    "face_material_idxs": [
      0
    ]
  },
  {
    "name": "roads_0_1_2_3_4_5_6_7_8_9_10_11_12_13_14_15_16_17_18_19_20_21_22_23_24_25_26_27_28_29_30_31_32_33_34_35_36_37_38_39_40_41_42_43",
    "label": "buildings",
    "id": 96,
    "face_vertex_idxs": [
      [
        292,
        293,
        294,
        295,
        296
      ]
    ],
    "face_material_idxs": [
      0
    ]
  },
  {
    "name": "roads_0_1_2_3_4_5_6_7_8_9_10_11_12_13_14_15_16_17_18_19_20_21_22_23_24_25_26_27_28_29_30_31_32_33_34_35_36_37_38_39_40_41_42_43_44",
    "label": "buildings",
    "id": 97,
    "face_vertex_idxs": [
      [
        297,
        298,
        299,
        300,
        301
      ]
    ],
    "face_material_idxs": [
      0
    ]
  },
  {
    "name": "roads_0_1_2_3_4_5_6_7_8_9_10_11_12_13_14_15_16_17_18_19_20_21_22_23_24_25_26_27_28_29_30_31_32_33_34_35_36_37_38_39_40_41_42_43_44_45",
    "label": "buildings",
    "id": 98,
    "face_vertex_idxs": [
      [
        302,
        303,
        304,
        305,
        306
      ]
    ],
    "face_material_idxs": [
      0
    ]
  },
  {
    "name": "roads_0_1_2_3_4_5_6_7_8_9_10_11_12_13_14_15_16_17_18_19_20_21_22_23_24_25_26_27_28_29_30_31_32_33_34_35_36_37_38_39_40_41_42_43_44_45_46",
    "label": "buildings",
    "id": 99,
    "face_vertex_idxs": [
      [
        307,
        308,
        309,
        310,
        311
      ]
    ],
    "face_material_idxs": [
      0
    ]
  },
  {
    "name": "roads_0_1_2_3_4_5_6_7_8_9_10_11_12_13_14_15_16_17_18_19_20_21_22_23_24_25_26_27_28_29_30_31_32_33_34_35_36_37_38_39_40_41_42_43_44_45_46_47",
    "label": "buildings",
    "id": 100,
    "face_vertex_idxs": [
      [
        312,
        313,
        314,
        315,
        316,
        317
      ]
    ],
    "face_material_idxs": [
      0
    ]
  },
  {
    "name": "roads_0_1_2_3_4_5_6_7_8_9_10_11_12_13_14_15_16_17_18_19_20_21_22_23_24_25_26_27_28_29_30_31_32_33_34_35_36_37_38_39_40_41_42_43_44_45_46_47_48",
    "label": "buildings",
    "id": 101,
    "face_vertex_idxs": [
      [
        318,
        319,
        320,
        321,
        322
      ]
    ],
    "face_material_idxs": [
      0
    ]
  },
  {
    "name": "roads_0_1_2_3_4_5_6_7_8_9_10_11_12_13_14_15_16_17_18_19_20_21_22_23_24_25_26_27_28_29_30_31_32_33_34_35_36_37_38_39_40_41_42_43_44_45_46_47_48_49",
    "label": "buildings",
    "id": 102,
    "face_vertex_idxs": [
      [
        323,
        324,
        325,
        326,
        327
      ]
    ],
    "face_material_idxs": [
      0
    ]
  },
  {
    "name": "roads_0_1_2_3_4_5_6_7_8_9_10_11_12_13_14_15_16_17_18_19_20_21_22_23_24_25_26_27_28_29_30_31_32_33_34_35_36_37_38_39_40_41_42_43_44_45_46_47_48_49_50",
    "label": "buildings",
    "id": 103,
    "face_vertex_idxs": [
      [
        328,
        329,
        330,
        331,
        332
      ]
    ],
    "face_material_idxs": [
      0
    ]
  },
  {
    "name": "roads_0_1_2_3_4_5_6_7_8_9_10_11_12_13_14_15_16_17_18_19_20_21_22_23_24_25_26_27_28_29_30_31_32_33_34_35_36_37_38_39_40_41_42_43_44_45_46_47_48_49_50_51",
    "label": "buildings",
    "id": 104,
    "face_vertex_idxs": [
      [
        333,
        334,
        335,
        336
      ]
    ],
    "face_material_idxs": [
      0
    ]
  },
  {
    "name": "roads_0_1_2_3_4_5_6_7_8_9_10_11_12_13_14_15_16_17_18_19_20_21_22_23_24_25_26_27_28_29_30_31_32_33_34_35_36_37_38_39_40_41_42_43_44_45_46_47_48_49_50_51_52",
    "label": "buildings",
    "id": 105,
    "face_vertex_idxs": [
      [
        337,
        338,
        339,
        340,
        341
      ]
    ],
    "face_material_idxs": [
      0
    ]
  },
  {
    "name": "newTerrain_0",
    "label": "terrain",
    "id": 106,
    "face_vertex_idxs": [
      [
        342,
        343,
        344,
        345
      ]
    ],
    "face_material_idxs": [
      0
    ]
  }
]