[
  {
    "name": "buildings_0",
    "label": "buildings",
    "id": 0,
    "face_vertex_idxs": [
      [
        0,
        1,
        2,
        3,
        4,
        5
      ],
      [
        6,
        7,
        8,
        9,
        10,
        11
      ],
      [
        0,
        1,
        7,
        6
      ],
      [
        1,
        2,
        8,
        7
      ],
      [
        2,
        3,
        9,
        8
      ],
      [
        3,
        4,
        10,
        9
      ],
      [
        4,
        5,
        11,
        10
      ],
      [
        5,
        0,
        6,
        11
      ]
    ],
    "face_material_idxs": [
      0,
      0,
      0,
      0,
      0,
      0,
      0,
      0
    ]
  },
  {
    "name": "buildings_0_1",
    "label": "buildings",
    "id": 1,
    "face_vertex_idxs": [
      [
        12,
        13,
        14,
        15,
        16,
        17,
        18,
        19,
        20,
        21
      ],
      [
        22,
        23,
        24,
        25,
        26,
        27,
        28,
        29,
        30,
        31
      ],
      [
        12,
        13,
        23,
        22
      ],
      [
        13,
        14,
        24,
        23
      ],
      [
        14,
        15,
        25,
        24
      ],
      [
        15,
        16,
        26,
        25
      ],
      [
        16,
        17,
        27,
        26
      ],
      [
        17,
        18,
        28,
        27
      ],
      [
        18,
        19,
        29,
        28
      ],
      [
        19,
        20,
        30,
        29
      ],
      [
        20,
        21,
        31,
        30
      ],
      [
        21,
        12,
        22,
        31
      ]
    ],
    "face_material_idxs": [
      0,
      0,
      0,
      0,
      0,
      0,
      0,
      0,
      0,
      0,
      0,
      0
    ]
  },
  {
    "name": "buildings_0_1_2",
    "label": "buildings",
    "id": 2,
    "face_vertex_idxs": [
      [
        32,
        33,
        34,
        35,
        36,
        37
      ],
      [
        38,
        39,
        40,
        41,
        42,
        43
      ],
      [
        32,
        33,
        39,
        38
      ],
      [
        33,
        34,
        40,
        39
      ],
      [
        34,
        35,
        41,
        40
      ],
      [
        35,
        36,
        42,
        41
      ],
      [
        36,
        37,
        43,
        42
      ],
      [
        37,
        32,
        38,
        43
      ]
    ],
    "face_material_idxs": [
      0,
      0,
      0,
      0,
      0,
      0,
      0,
      0
    ]
  },
  {
    "name": "buildings_0_1_2_3",
    "label": "buildings",
    "id": 3,
    "face_vertex_idxs": [
      [
        44,
        45,
        46,
        47,
        48,
        49,
        50
      ],
      [
        51,
        52,
        53,
        54,
        55,
        56,
        57
      ],
      [
        44,
        45,
        52,
        51
      ],
      [
        45,
        46,
        53,
        52
      ],
      [
        46,
        47,
        54,
        53
      ],
      [
        47,
        48,
        55,
        54
      ],
      [
        48,
        49,
        56,
        55
      ],
      [
        49,
        50,
        57,
        56
      ],
      [
        50,
        44,
        51,
        57
      ]
    ],
    "face_material_idxs": [
      0,
      0,
      0,
      0,
      0,
      0,
      0,
      0,
      0
    ]
  },
  {
    "name": "buildings_0_1_2_3_4",
    "label": "buildings",
    "id": 4,
    "face_vertex_idxs": [
      [
        58,
        59,
        60,
        61,
        62,
        63,
        64
      ],
      [
        65,
        66,
        67,
        68,
        69,
        70,
        71
      ],
      [
        58,
        59,
        66,
        65
      ],
      [
        59,
        60,
        67,
        66
      ],
      [
        60,
        61,
        68,
        67
      ],
      [
        61,
        62,
        69,
        68
      ],
      [
        62,
        63,
        70,
        69
      ],
      [
        63,
        64,
        71,
        70
      ],
      [
        64,
        58,
        65,
        71
      ]
    ],
    "face_material_idxs": [
      0,
      0,
      0,
      0,
      0,
      0,
      0,
      0,
      0
    ]
  },
  {
    "name": "buildings_0_1_2_3_4_5",
    "label": "buildings",
    "id": 5,
    "face_vertex_idxs": [
      [
        72,
        73,
        74,
        75,
        76
      ],
      [
        77,
        78,
        79,
        80,
        81
      ],
      [
        72,
        73,
        78,
        77
      ],
      [
        73,
        74,
        79,
        78
      ],
      [
        74,
        75,
        80,
        79
      ],
      [
        75,
        76,
        81,
        80
      ],
      [
        76,
        72,
        77,
        81
      ]
    ],
    "face_material_idxs": [
      0,
      0,
      0,
      0,
      0,
      0,
      0
    ]
  },
  {
    "name": "buildings_0_1_2_3_4_5_6",
    "label": "buildings",
    "id": 6,
    "face_vertex_idxs": [
      [
        82,
        83,
        84,
        85,
        86
      ],
      [
        87,
        88,
        89,
        90,
        91
      ],
      [
        82,
        83,
        88,
        87
      ],
      [
        83,
        84,
        89,
        88
      ],
      [
        84,
        85,
        90,
        89
      ],
      [
        85,
        86,
        91,
        90
      ],
      [
        86,
        82,
        87,
        91
      ]
    ],
    "face_material_idxs": [
      0,
      0,
      0,
      0,
      0,
      0,
      0
    ]
  },
  {
    "name": "buildings_0_1_2_3_4_5_6_7",
    "label": "buildings",
    "id": 7,
    "face_vertex_idxs": [
      [
        92,
        93,
        94,
        95,
        96,
        97,
        98
      ],
      [
        99,
        100,
        101,
        102,
        103,
        104,
        105
      ],
      [
        92,
        93,
        100,
        99
      ],
      [
        93,
        94,
        101,
        100
      ],
      [
        94,
        95,
        102,
        101
      ],
      [
        95,
        96,
        103,
        102
      ],
      [
        96,
        97,
        104,
        103
      ],
      [
        97,
        98,
        105,
        104
      ],
      [
        98,
        92,
        99,
        105
      ]
    ],
    "face_material_idxs": [
      0,
      0,
      0,
      0,
      0,
      0,
      0,
      0,
      0
    ]
  },
  {
    "name": "buildings_0_1_2_3_4_5_6_7_8",
    "label": "buildings",
    "id": 8,
    "face_vertex_idxs": [
      [
        106,
        107,
        108,
        109,
        110,
        111
      ],
      [
        112,
        113,
        114,
        115,
        116,
        117
      ],
      [
        106,
        107,
        113,
        112
      ],
      [
        107,
        108,
        114,
        113
      ],
      [
        108,
        109,
        115,
        114
      ],
      [
        109,
        110,
        116,
        115
      ],
      [
        110,
        111,
        117,
        116
      ],
      [
        111,
        106,
        112,
        117
      ]
    ],
    "face_material_idxs": [
      0,
      0,
      0,
      0,
      0,
      0,
      0,
      0
    ]
  },
  {
    "name": "buildings_0_1_2_3_4_5_6_7_8_9",
    "label": "buildings",
    "id": 9,
    "face_vertex_idxs": [
      [
        118,
        119,
        120,
        121,
        122
      ],
      [
        123,
        124,
        125,
        126,
        127
      ],
      [
        118,
        119,
        124,
        123
      ],
      [
        119,
        120,
        125,
        124
      ],
      [
        120,
        121,
        126,
        125
      ],
      [
        121,
        122,
        127,
        126
      ],
      [
        122,
        118,
        123,
        127
      ]
    ],
    "face_material_idxs": [
      0,
      0,
      0,
      0,
      0,
      0,
      0
    ]
  },
  {
    "name": "buildings_0_1_2_3_4_5_6_7_8_9_10",
    "label": "buildings",
    "id": 10,
    "face_vertex_idxs": [
      [
        128,
        129,
        130,
        131,
        132
      ],
      [
        133,
        134,
        135,
        136,
        137
      ],
      [
        128,
        129,
        134,
        133
      ],
      [
        129,
        130,
        135,
        134
      ],
      [
        130,
        131,
        136,
        135
      ],
      [
        131,
        132,
        137,
        136
      ],
      [
        132,
        128,
        133,
        137
      ]
    ],
    "face_material_idxs": [
      0,
      0,
      0,
      0,
      0,
      0,
      0
    ]
  },
  {
    "name": "buildings_0_1_2_3_4_5_6_7_8_9_10_11",
    "label": "buildings",
    "id": 11,
    "face_vertex_idxs": [
      [
        138,
        139,
        140,
        141,
        142
      ],
      [
        143,
        144,
        145,
        146,
        147
      ],
      [
        138,
        139,
        144,
        143
      ],
      [
        139,
        140,
        145,
        144
      ],
      [
        140,
        141,
        146,
        145
      ],
      [
        141,
        142,
        147,
        146
      ],
      [
        142,
        138,
        143,
        147
      ]
    ],
    "face_material_idxs": [
      0,
      0,
      0,
      0,
      0,
      0,
      0
    ]
  },
  {
    "name": "buildings_0_1_2_3_4_5_6_7_8_9_10_11_12",
    "label": "buildings",
    "id": 12,
    "face_vertex_idxs": [
      [
        148,
        149,
        150,
        151,
        152,
        153,
        154
      ],
      [
        155,
        156,
        157,
        158,
        159,
        160,
        161
      ],
      [
        148,
        149,
        156,
        155
      ],
      [
        149,
        150,
        157,
        156
      ],
      [
        150,
        151,
        158,
        157
      ],
      [
        151,
        152,
        159,
        158
      ],
      [
        152,
        153,
        160,
        159
      ],
      [
        153,
        154,
        161,
        160
      ],
      [
        154,
        148,
        155,
        161
      ]
    ],
    "face_material_idxs": [
      0,
      0,
      0,
      0,
      0,
      0,
      0,
      0,
      0
    ]
  },
  {
    "name": "buildings_0_1_2_3_4_5_6_7_8_9_10_11_12_13",
    "label": "buildings",
    "id": 13,
    "face_vertex_idxs": [
      [
        162,
        163,
        164,
        165,
        166,
        167,
        168
      ],
      [
        169,
        170,
        171,
        172,
        173,
        174,
        175
      ],
      [
        162,
        163,
        170,
        169
      ],
      [
        163,
        164,
        171,
        170
      ],
      [
        164,
        165,
        172,
        171
      ],
      [
        165,
        166,
        173,
        172
      ],
      [
        166,
        167,
        174,
        173
      ],
      [
        167,
        168,
        175,
        174
      ],
      [
        168,
        162,
        169,
        175
      ]
    ],
    "face_material_idxs": [
      0,
      0,
      0,
      0,
      0,
      0,
      0,
      0,
      0
    ]
  },
  {
    "name": "buildings_0_1_2_3_4_5_6_7_8_9_10_11_12_13_14",
    "label": "buildings",
    "id": 14,
    "face_vertex_idxs": [
      [
        176,
        177,
        178,
        179,
        180,
        181
      ],
      [
        182,
        183,
        184,
        185,
        186,
        187
      ],
      [
        176,
        177,
        183,
        182
      ],
      [
        177,
        178,
        184,
        183
      ],
      [
        178,
        179,
        185,
        184
      ],
      [
        179,
        180,
        186,
        185
      ],
      [
        180,
        181,
        187,
        186
      ],
      [
        181,
        176,
        182,
        187
      ]
    ],
    "face_material_idxs": [
      0,
      0,
      0,
      0,
      0,
      0,
      0,
      0
    ]
  },
  {
    "name": "buildings_0_1_2_3_4_5_6_7_8_9_10_11_12_13_14_15",
    "label": "buildings",
    "id": 15,
    "face_vertex_idxs": [
      [
        188,
        189,
        190,
        191,
        192,
        193,
        194
      ],
      [
        195,
        196,
        197,
        198,
        199,
        200,
        201
      ],
      [
        188,
        189,
        196,
        195
      ],
      [
        189,
        190,
        197,
        196
      ],
      [
        190,
        191,
        198,
        197
      ],
      [
        191,
        192,
        199,
        198
      ],
      [
        192,
        193,
        200,
        199
      ],
      [
        193,
        194,
        201,
        200
      ],
      [
        194,
        188,
        195,
        201
      ]
    ],
    "face_material_idxs": [
      0,
      0,
      0,
      0,
      0,
      0,
      0,
      0,
      0
    ]
  },
  {
    "name": "buildings_0_1_2_3_4_5_6_7_8_9_10_11_12_13_14_15_16",
    "label": "buildings",
    "id": 16,
    "face_vertex_idxs": [
      [
        202,
        203,
        204,
        205,
        206,
        207,
        208
      ],
      [
        209,
        210,
        211,
        212,
        213,
        214,
        215
      ],
      [
        202,
        203,
        210,
        209
      ],
      [
        203,
        204,
        211,
        210
      ],
      [
        204,
        205,
        212,
        211
      ],
      [
        205,
        206,
        213,
        212
      ],
      [
        206,
        207,
        214,
        213
      ],
      [
        207,
        208,
        215,
        214
      ],
      [
        208,
        202,
        209,
        215
      ]
    ],
    "face_material_idxs": [
      0,
      0,
      0,
      0,
      0,
      0,
      0,
      0,
      0
    ]
  },
  {
    "name": "buildings_0_1_2_3_4_5_6_7_8_9_10_11_12_13_14_15_16_17",
    "label": "buildings",
    "id": 17,
    "face_vertex_idxs": [
      [
        216,
        217,
        218,
        219,
        220
      ],
      [
        221,
        222,
        223,
        224,
        225
      ],
      [
        216,
        217,
        222,
        221
      ],
      [
        217,
        218,
        223,
        222
      ],
      [
        218,
        219,
        224,
        223
      ],
      [
        219,
        220,
        225,
        224
      ],
      [
        220,
        216,
        221,
        225
      ]
    ],
    "face_material_idxs": [
      0,
      0,
      0,
      0,
      0,
      0,
      0
    ]
  },
  {
    "name": "buildings_0_1_2_3_4_5_6_7_8_9_10_11_12_13_14_15_16_17_18",
    "label": "buildings",
    "id": 18,
    "face_vertex_idxs": [
      [
        226,
        227,
        228,
        229,
        230,
        231,
        232,
        233,
        234,
        235
      ],
      [
        236,
        237,
        238,
        239,
        240,
        241,
        242,
        243,
        244,
        245
      ],
      [
        226,
        227,
        237,
        236
      ],
      [
        227,
        228,
        238,
        237
      ],
      [
        228,
        229,
        239,
        238
      ],
      [
        229,
        230,
        240,
        239
      ],
      [
        230,
        231,
        241,
        240
      ],
      [
        231,
        232,
        242,
        241
      ],
      [
        232,
        233,
        243,
        242
      ],
      [
        233,
        234,
        244,
        243
      ],
      [
        234,
        235,
        245,
        244
      ],
      [
        235,
        226,
        236,
        245
      ]
    ],
    "face_material_idxs": [
      0,
      0,
      0,
      0,
      0,
      0,
      0,
      0,
      0,
      0,
      0,
      0
    ]
  },
  {
    "name": "buildings_0_1_2_3_4_5_6_7_8_9_10_11_12_13_14_15_16_17_18_19",
    "label": "buildings",
    "id": 19,
    "face_vertex_idxs": [
      [
        246,
        247,
        248,
        249,
        250,
        251
      ],
      [
        252,
        253,
        254,
        255,
        256,
        257
      ],
      [
        246,
        247,
        253,
        252
      ],
      [
        247,
        248,
        254,
        253
      ],
      [
        248,
        249,
        255,
        254
      ],
      [
        249,
        250,
        256,
        255
      ],
      [
        250,
        251,
        257,
        256
      ],
      [
        251,
        246,
        252,
        257
      ]
    ],
    "face_material_idxs": [
      0,
      0,
      0,
      0,
      0,
      0,
      0,
      0
    ]
  },
  {
    "name": "buildings_0_1_2_3_4_5_6_7_8_9_10_11_12_13_14_15_16_17_18_19_20",
    "label": "buildings",
    "id": 20,
    "face_vertex_idxs": [
      [
        258,
        259,
        260,
        261,
        262,
        263
      ],
      [
        264,
        265,
        266,
        267,
        268,
        269
      ],
      [
        258,
        259,
        265,
        264
      ],
      [
        259,
        260,
        266,
        265
      ],
      [
        260,
        261,
        267,
        266
      ],
      [
        261,
        262,
        268,
        267
      ],
      [
        262,
        263,
        269,
        268
      ],
      [
        263,
        258,
        264,
        269
      ]
    ],
    "face_material_idxs": [
      0,
      0,
      0,
      0,
      0,
      0,
      0,
      0
    ]
  },
  {
    "name": "buildings_0_1_2_3_4_5_6_7_8_9_10_11_12_13_14_15_16_17_18_19_20_21",
    "label": "buildings",
    "id": 21,
    "face_vertex_idxs": [
      [
        270,
        271,
        272,
        273,
        274,
        275
      ],
      [
        276,
        277,
        278,
        279,
        280,
        281
      ],
      [
        270,
        271,
        277,
        276
      ],
      [
        271,
        272,
        278,
        277
      ],
      [
        272,
        273,
        279,
        278
      ],
      [
        273,
        274,
        280,
        279
      ],
      [
        274,
        275,
        281,
        280
      ],
      [
        275,
        270,
        276,
        281
      ]
    ],
    "face_material_idxs": [
      0,
      0,
      0,
      0,
      0,
      0,
      0,
      0
    ]
  },
  {
    "name": "buildings_0_1_2_3_4_5_6_7_8_9_10_11_12_13_14_15_16_17_18_19_20_21_22",
    "label": "buildings",
    "id": 22,
    "face_vertex_idxs": [
      [
        282,
        283,
        284,
        285,
        286,
        287
      ],
      [
        288,
        289,
        290,
        291,
        292,
        293
      ],
      [
        282,
        283,
        289,
        288
      ],
      [
        283,
        284,
        290,
        289
      ],
      [
        284,
        285,
        291,
        290
      ],
      [
        285,
        286,
        292,
        291
      ],
      [
        286,
        287,
        293,
        292
      ],
      [
        287,
        282,
        288,
        293
      ]
    ],
    "face_material_idxs": [
      0,
      0,
      0,
      0,
      0,
      0,
      0,
      0
    ]
  },
  {
    "name": "buildings_0_1_2_3_4_5_6_7_8_9_10_11_12_13_14_15_16_17_18_19_20_21_22_23",
    "label": "buildings",
    "id": 23,
    "face_vertex_idxs": [
      [
        294,
        295,
        296,
        297,
        298,
        299,
        300,
        301
      ],
      [
        302,
        303,
        304,
        305,
        306,
        307,
        308,
        309
      ],
      [
        294,
        295,
        303,
        302
      ],
      [
        295,
        296,
        304,
        303
      ],
      [
        296,
        297,
        305,
        304
      ],
      [
        297,
        298,
        306,
        305
      ],
      [
        298,
        299,
        307,
        306
      ],
      [
        299,
        300,
        308,
        307
      ],
      [
        300,
        301,
        309,
        308
      ],
      [
        301,
        294,
        302,
        309
      ]
    ],
    "face_material_idxs": [
      0,
      0,
      0,
      0,
      0,
      0,
      0,
      0,
      0,
      0
    ]
  },
  {
    "name": "buildings_0_1_2_3_4_5_6_7_8_9_10_11_12_13_14_15_16_17_18_19_20_21_22_23_24",
    "label": "buildings",
    "id": 24,
    "face_vertex_idxs": [
      [
        310,
        311,
        312,
        313,
        314
      ],
      [
        315,
        316,
        317,
        318,
        319
      ],
      [
        310,
        311,
        316,
        315
      ],
      [
        311,
        312,
        317,
        316
      ],
      [
        312,
        313,
        318,
        317
      ],
      [
        313,
        314,
        319,
        318
      ],
      [
        314,
        310,
        315,
        319
      ]
    ],
    "face_material_idxs": [
      0,
      0,
      0,
      0,
      0,
      0,
      0
    ]
  },
  {
    "name": "buildings_0_1_2_3_4_5_6_7_8_9_10_11_12_13_14_15_16_17_18_19_20_21_22_23_24_25",
    "label": "buildings",
    "id": 25,
    "face_vertex_idxs": [
      [
        320,
        321,
        322,
        323,
        324,
        325,
        326
      ],
      [
        327,
        328,
        329,
        330,
        331,
        332,
        333
      ],
      [
        320,
        321,
        328,
        327
      ],
      [
        321,
        322,
        329,
        328
      ],
      [
        322,
        323,
        330,
        329
      ],
      [
        323,
        324,
        331,
        330
      ],
      [
        324,
        325,
        332,
        331
      ],
      [
        325,
        326,
        333,
        332
      ],
      [
        326,
        320,
        327,
        333
      ]
    ],
    "face_material_idxs": [
      0,
      0,
      0,
      0,
      0,
      0,
      0,
      0,
      0
    ]
  },
  {
    "name": "buildings_0_1_2_3_4_5_6_7_8_9_10_11_12_13_14_15_16_17_18_19_20_21_22_23_24_25_26",
    "label": "buildings",
    "id": 26,
    "face_vertex_idxs": [
      [
        334,
        335,
        336,
        337,
        338,
        339,
        340
      ],
      [
        341,
        342,
        343,
        344,
        345,
        346,
        347
      ],
      [
        334,
        335,
        342,
        341
      ],
      [
        335,
        336,
        343,
        342
      ],
      [
        336,
        337,
        344,
        343
      ],
      [
        337,
        338,
        345,
        344
      ],
      [
        338,
        339,
        346,
        345
      ],
      [
        339,
        340,
        347,
        346
      ],
      [
        340,
        334,
        341,
        347
      ]
    ],
    "face_material_idxs": [
      0,
      0,
      0,
      0,
      0,
      0,
      0,
      0,
      0
    ]
  },
  {
    "name": "buildings_0_1_2_3_4_5_6_7_8_9_10_11_12_13_14_15_16_17_18_19_20_21_22_23_24_25_26_27",
    "label": "buildings",
    "id": 27,
    "face_vertex_idxs": [
      [
        348,
        349,
        350,
        351,
        352
      ],
      [
        353,
        354,
        355,
        356,
        357
      ],
      [
        348,
        349,
        354,
        353
      ],
      [
        349,
        350,
        355,
        354
      ],
      [
        350,
        351,
        356,
        355
      ],
      [
        351,
        352,
        357,
        356
      ],
      [
        352,
        348,
        353,
        357
      ]
    ],
    "face_material_idxs": [
      0,
      0,
      0,
      0,
      0,
      0,
      0
    ]
  },
  {
    "name": "buildings_0_1_2_3_4_5_6_7_8_9_10_11_12_13_14_15_16_17_18_19_20_21_22_23_24_25_26_27_28",
    "label": "buildings",
    "id": 28,
    "face_vertex_idxs": [
      [
        358,
        359,
        360,
        361,
        362
      ],
      [
        363,
        364,
        365,
        366,
        367
      ],
      [
        358,
        359,
        364,
        363
      ],
      [
        359,
        360,
        365,
        364
      ],
      [
        360,
        361,
        366,
        365
      ],
      [
        361,
        362,
        367,
        366
      ],
      [
        362,
        358,
        363,
        367
      ]
    ],
    "face_material_idxs": [
      0,
      0,
      0,
      0,
      0,
      0,
      0
    ]
  },
  {
    "name": "buildings_0_1_2_3_4_5_6_7_8_9_10_11_12_13_14_15_16_17_18_19_20_21_22_23_24_25_26_27_28_29",
    "label": "buildings",
    "id": 29,
    "face_vertex_idxs": [
      [
        368,
        369,
        370,
        371,
        372,
        373,
        374,
        375
      ],
      [
        376,
        377,
        378,
        379,
        380,
        381,
        382,
        383
      ],
      [
        368,
        369,
        377,
        376
      ],
      [
        369,
        370,
        378,
        377
      ],
      [
        370,
        371,
        379,
        378
      ],
      [
        371,
        372,
        380,
        379
      ],
      [
        372,
        373,
        381,
        380
      ],
      [
        373,
        374,
        382,
        381
      ],
      [
        374,
        375,
        383,
        382
      ],
      [
        375,
        368,
        376,
        383
      ]
    ],
    "face_material_idxs": [
      0,
      0,
      0,
      0,
      0,
      0,
      0,
      0,
      0,
      0
    ]
  },
  {
    "name": "buildings_0_1_2_3_4_5_6_7_8_9_10_11_12_13_14_15_16_17_18_19_20_21_22_23_24_25_26_27_28_29_30",
    "label": "buildings",
    "id": 30,
    "face_vertex_idxs": [
      [
        384,
        385,
        386,
        387,
        388,
        389
      ],
      [
        390,
        391,
        392,
        393,
        394,
        395
      ],
      [
        384,
        385,
        391,
        390
      ],
      [
        385,
        386,
        392,
        391
      ],
      [
        386,
        387,
        393,
        392
      ],
      [
        387,
        388,
        394,
        393
      ],
      [
        388,
        389,
        395,
        394
      ],
      [
        389,
        384,
        390,
        395
      ]
    ],
    "face_material_idxs": [
      0,
      0,
      0,
      0,
      0,
      0,
      0,
      0
    ]
  },
  {
    "name": "buildings_0_1_2_3_4_5_6_7_8_9_10_11_12_13_14_15_16_17_18_19_20_21_22_23_24_25_26_27_28_29_30_31",
    "label": "buildings",
    "id": 31,
    "face_vertex_idxs": [
      [
        396,
        397,
        398,
        399,
        400
      ],
      [
        401,
        402,
        403,
        404,
        405
      ],
      [
        396,
        397,
        402,
        401
      ],
      [
        397,
        398,
        403,
        402
      ],
      [
        398,
        399,
        404,
        403
      ],
      [
        399,
        400,
        405,
        404
      ],
      [
        400,
        396,
        401,
        405
      ]
    ],
    "face_material_idxs": [
      0,
      0,
      0,
      0,
      0,
      0,
      0
    ]
  },
  {
    "name": "buildings_0_1_2_3_4_5_6_7_8_9_10_11_12_13_14_15_16_17_18_19_20_21_22_23_24_25_26_27_28_29_30_31_32",
    "label": "buildings",
    "id": 32,
    "face_vertex_idxs": [
      [
        406,
        407,
        408,
        409,
        410,
        411,
        412,
        413
      ],
      [
        414,
        415,
        416,
        417,
        418,
        419,
        420,
        421
      ],
      [
        406,
        407,
        415,
        414
      ],
      [
        407,
        408,
        416,
        415
      ],
      [
        408,
        409,
        417,
        416
      ],
      [
        409,
        410,
        418,
        417
      ],
      [
        410,
        411,
        419,
        418
      ],
      [
        411,
        412,
        420,
        419
      ],
      [
        412,
        413,
        421,
        420
      ],
      [
        413,
        406,
        414,
        421
      ]
    ],
    "face_material_idxs": [
      0,
      0,
      0,
      0,
      0,
      0,
      0,
      0,
      0,
      0
    ]
  },
  {
    "name": "buildings_0_1_2_3_4_5_6_7_8_9_10_11_12_13_14_15_16_17_18_19_20_21_22_23_24_25_26_27_28_29_30_31_32_33",
    "label": "buildings",
    "id": 33,
    "face_vertex_idxs": [
      [
        422,
        423,
        424,
        425,
        426,
        427,
        428
      ],
      [
        429,
        430,
        431,
        432,
        433,
        434,
        435
      ],
      [
        422,
        423,
        430,
        429
      ],
      [
        423,
        424,
        431,
        430
      ],
      [
        424,
        425,
        432,
        431
      ],
      [
        425,
        426,
        433,
        432
      ],
      [
        426,
        427,
        434,
        433
      ],
      [
        427,
        428,
        435,
        434
      ],
      [
        428,
        422,
        429,
        435
      ]
    ],
    "face_material_idxs": [
      0,
      0,
      0,
      0,
      0,
      0,
      0,
      0,
      0
    ]
  },
  {
    "name": "buildings_0_1_2_3_4_5_6_7_8_9_10_11_12_13_14_15_16_17_18_19_20_21_22_23_24_25_26_27_28_29_30_31_32_33_34",
    "label": "buildings",
    "id": 34,
    "face_vertex_idxs": [
      [
        436,
        437,
        438,
        439,
        440,
        441
      ],
      [
        442,
        443,
        444,
        445,
        446,
        447
      ],
      [
        436,
        437,
        443,
        442
      ],
      [
        437,
        438,
        444,
        443
      ],
      [
        438,
        439,
        445,
        444
      ],
      [
        439,
        440,
        446,
        445
      ],
      [
        440,
        441,
        447,
        446
      ],
      [
        441,
        436,
        442,
        447
      ]
    ],
    "face_material_idxs": [
      0,
      0,
      0,
      0,
      0,
      0,
      0,
      0
    ]
  },
  {
    "name": "buildings_0_1_2_3_4_5_6_7_8_9_10_11_12_13_14_15_16_17_18_19_20_21_22_23_24_25_26_27_28_29_30_31_32_33_34_35",
    "label": "buildings",
    "id": 35,
    "face_vertex_idxs": [
      [
        448,
        449,
        450,
        451,
        452,
        453
      ],
      [
        454,
        455,
        456,
        457,
        458,
        459
      ],
      [
        448,
        449,
        455,
        454
      ],
      [
        449,
        450,
        456,
        455
      ],
      [
        450,
        451,
        457,
        456
      ],
      [
        451,
        452,
        458,
        457
      ],
      [
        452,
        453,
        459,
        458
      ],
      [
        453,
        448,
        454,
        459
      ]
    ],
    "face_material_idxs": [
      0,
      0,
      0,
      0,
      0,
      0,
      0,
      0
    ]
  },
  {
    "name": "buildings_0_1_2_3_4_5_6_7_8_9_10_11_12_13_14_15_16_17_18_19_20_21_22_23_24_25_26_27_28_29_30_31_32_33_34_35_36",
    "label": "buildings",
    "id": 36,
    "face_vertex_idxs": [
      [
        460,
        461,
        462,
        463,
        464
      ],
      [
        465,
        466,
        467,
        468,
        469
      ],
      [
        460,
        461,
        466,
        465
      ],
      [
        461,
        462,
        467,
        466
      ],
      [
        462,
        463,
        468,
        467
      ],
      [
        463,
        464,
        469,
        468
      ],
      [
        464,
        460,
        465,
        469
      ]
    ],
    "face_material_idxs": [
      0,
      0,
      0,
      0,
      0,
      0,
      0
    ]
  },
  {
    "name": "buildings_0_1_2_3_4_5_6_7_8_9_10_11_12_13_14_15_16_17_18_19_20_21_22_23_24_25_26_27_28_29_30_31_32_33_34_35_36_37",
    "label": "buildings",
    "id": 37,
    "face_vertex_idxs": [
      [
        470,
        471,
        472,
        473,
        474,
        475,
        476,
        477,
        478
      ]
    ],
    "face_material_idxs": [
      0
    ]
  },
  {
    "name": "buildings_0_1_2_3_4_5_6_7_8_9_10_11_12_13_14_15_16_17_18_19_20_21_22_23_24_25_26_27_28_29_30_31_32_33_34_35_36_37_38",
    "label": "buildings",
    "id": 38,
    "face_vertex_idxs": [
      [
        479,
        480,
        481,
        482,
        483,
        484,
        485,
        486,
        487
      ]
    ],
    "face_material_idxs": [
      0
    ]
  },
  {
    "name": "buildings_0_1_2_3_4_5_6_7_8_9_10_11_12_13_14_15_16_17_18_19_20_21_22_23_24_25_26_27_28_29_30_31_32_33_34_35_36_37_38_39",
    "label": "buildings",
    "id": 39,
    "face_vertex_idxs": [
      [
        488,
        489,
        490,
        491,
        492,
        493,
        494,
        495,
        496,
        497,
        498,
        499
      ]
    ],
    "face_material_idxs": [
      0
    ]
  },
  {
    "name": "buildings_0_1_2_3_4_5_6_7_8_9_10_11_12_13_14_15_16_17_18_19_20_21_22_23_24_25_26_27_28_29_30_31_32_33_34_35_36_37_38_39_40",
    "label": "buildings",
    "id": 40,
    "face_vertex_idxs": [
      [
        500,
        501,
        502,
        503,
        504,
        505,
        506,
        507,
        508,
        509,
        510,
        511,
        512,
        513,
        514,
        515
      ]
    ],
    "face_material_idxs": [
      0
    ]
  },
  {
    "name": "buildings_0_1_2_3_4_5_6_7_8_9_10_11_12_13_14_15_16_17_18_19_20_21_22_23_24_25_26_27_28_29_30_31_32_33_34_35_36_37_38_39_40_41",
    "label": "buildings",
    "id": 41,
    "face_vertex_idxs": [
      [
        516,
        517,
        518,
        519,
        520,
        521,
        522,
        523,
        524,
        525,
        526,
        527,
        528,
        529,
        530,
        531,
        532,
        533
      ]
    ],
    "face_material_idxs": [
      0
    ]
  },
  {
    "name": "buildings_0_1_2_3_4_5_6_7_8_9_10_11_12_13_14_15_16_17_18_19_20_21_22_23_24_25_26_27_28_29_30_31_32_33_34_35_36_37_38_39_40_41_42",
    "label": "buildings",
    "id": 42,
    "face_vertex_idxs": [
      [
        534,
        535,
        536,
        537,
        538
      ]
    ],
    "face_material_idxs": [
      0
    ]
  },
  {
    "name": "buildings_0_1_2_3_4_5_6_7_8_9_10_11_12_13_14_15_16_17_18_19_20_21_22_23_24_25_26_27_28_29_30_31_32_33_34_35_36_37_38_39_40_41_42_43",
    "label": "buildings",
    "id": 43,
    "face_vertex_idxs": [
      [
        539,
        540,
        541,
        542,
        543,
        544
      ]
    ],
    "face_material_idxs": [
      0
    ]
  },
  {
    "name": "buildings_0_1_2_3_4_5_6_7_8_9_10_11_12_13_14_15_16_17_18_19_20_21_22_23_24_25_26_27_28_29_30_31_32_33_34_35_36_37_38_39_40_41_42_43_44",
    "label": "buildings",
    "id": 44,
    "face_vertex_idxs": [
      [
        545,
        546,
        547,
        548
      ]
    ],
    "face_material_idxs": [
      0
    ]
  },
  {
    "name": "buildings_0_1_2_3_4_5_6_7_8_9_10_11_12_13_14_15_16_17_18_19_20_21_22_23_24_25_26_27_28_29_30_31_32_33_34_35_36_37_38_39_40_41_42_43_44_45",
    "label": "buildings",
    "id": 45,
    "face_vertex_idxs": [
      [
        549,
        550,
        551,
        552,
        553,
        554
      ]
    ],
    "face_material_idxs": [
      0
    ]
  },
  {
    "name": "buildings_0_1_2_3_4_5_6_7_8_9_10_11_12_13_14_15_16_17_18_19_20_21_22_23_24_25_26_27_28_29_30_31_32_33_34_35_36_37_38_39_40_41_42_43_44_45_46",
    "label": "buildings",
    "id": 46,
    "face_vertex_idxs": [
      [
        555,
        556,
        557,
        558,
        559,
        560,
        561,
        562
      ]
    ],
    "face_material_idxs": [
      0
    ]
  },
  {
    "name": "buildings_0_1_2_3_4_5_6_7_8_9_10_11_12_13_14_15_16_17_18_19_20_21_22_23_24_25_26_27_28_29_30_31_32_33_34_35_36_37_38_39_40_41_42_43_44_45_46_47",
    "label": "buildings",
    "id": 47,
    "face_vertex_idxs": [
      [
        563,
        564,
        565,
        566,
        567,
        568
      ]
    ],
    "face_material_idxs": [
      0
    ]
  },
  {
    "name": "roads_0",
    "label": "buildings",
    "id": 48,
    "face_vertex_idxs": [
      [
        0,
        1,
        2,
        3,
        4,
        5
      ],
      [
        6,
        7,
        8,
        9,
        10,
        11
      ],
      [
        0,
        1,
        7,
        6
      ],
      [
        1,
        2,
        8,
        7
      ],
      [
        2,
        3,
        9,
        8
      ],
      [
        3,
        4,
        10,
        9
      ],
      [
        4,
        5,
        11,
        10
      ],
      [
        5,
        0,
        6,
        11
      ]
    ],
    "face_material_idxs": [
      0,
      0,
      0,
      0,
      0,
      0,
      0,
      0
    ]
  },
  {
    "name": "roads_0_1",
    "label": "buildings",
    "id": 49,
    "face_vertex_idxs": [
      [
        12,
        13,
        14,
        15,
        16,
        17,
        18,
        19,
        20,
        21
      ],
      [
        22,
        23,
        24,
        25,
        26,
        27,
        28,
        29,
        30,
        31
      ],
      [
        12,
        13,
        23,
        22
      ],
      [
        13,
        14,
        24,
        23
      ],
      [
        14,
        15,
        25,
        24
      ],
      [
        15,
        16,
        26,
        25
      ],
      [
        16,
        17,
        27,
        26
      ],
      [
        17,
        18,
        28,
        27
      ],
      [
        18,
        19,
        29,
        28
      ],
      [
        19,
        20,
        30,
        29
      ],
      [
        20,
        21,
        31,
        30
      ],
      [
        21,
        12,
        22,
        31
      ]
    ],
    "face_material_idxs": [
      0,
      0,
      0,
      0,
      0,
      0,
      0,
      0,
      0,
      0,
      0,
      0
    ]
  },
  {
    "name": "roads_0_1_2",
    "label": "buildings",
    "id": 50,
    "face_vertex_idxs": [
      [
        32,
        33,
        34,
        35,
        36,
        37
      ],
      [
        38,
        39,
        40,
        41,
        42,
        43
      ],
      [
        32,
        33,
        39,
        38
      ],
      [
        33,
        34,
        40,
        39
      ],
      [
        34,
        35,
        41,
        40
      ],
      [
        35,
        36,
        42,
        41
      ],
      [
        36,
        37,
        43,
        42
      ],
      [
        37,
        32,
        38,
        43
      ]
    ],
    "face_material_idxs": [
      0,
      0,
      0,
      0,
      0,
      0,
      0,
      0
    ]
  },
  {
    "name": "roads_0_1_2_3",
    "label": "buildings",
    "id": 51,
    "face_vertex_idxs": [
      [
        44,
        45,
        46,
        47,
        48,
        49,
        50
      ],
      [
        51,
        52,
        53,
        54,
        55,
        56,
        57
      ],
      [
        44,
        45,
        52,
        51
      ],
      [
        45,
        46,
        53,
        52
      ],
      [
        46,
        47,
        54,
        53
      ],
      [
        47,
        48,
        55,
        54
      ],
      [
        48,
        49,
        56,
        55
      ],
      [
        49,
        50,
        57,
        56
      ],
      [
        50,
        44,
        51,
        57
      ]
    ],
    "face_material_idxs": [
      0,
      0,
      0,
      0,
      0,
      0,
      0,
      0,
      0
    ]
  },
  {
    "name": "roads_0_1_2_3_4",
    "label": "buildings",
    "id": 52,
    "face_vertex_idxs": [
      [
        58,
        59,
        60,
        61,
        62,
        63,
        64
      ],
      [
        65,
        66,
        67,
        68,
        69,
        70,
        71
      ],
      [
        58,
        59,
        66,
        65
      ],
      [
        59,
        60,
        67,
        66
      ],
      [
        60,
        61,
        68,
        67
      ],
      [
        61,
        62,
        69,
        68
      ],
      [
        62,
        63,
        70,
        69
      ],
      [
        63,
        64,
        71,
        70
      ],
      [
        64,
        58,
        65,
        71
      ]
    ],
    "face_material_idxs": [
      0,
      0,
      0,
      0,
      0,
      0,
      0,
      0,
      0
    ]
  },
  {
    "name": "roads_0_1_2_3_4_5",
    "label": "buildings",
    "id": 53,
    "face_vertex_idxs": [
      [
        72,
        73,
        74,
        75,
        76
      ],
      [
        77,
        78,
        79,
        80,
        81
      ],
      [
        72,
        73,
        78,
        77
      ],
      [
        73,
        74,
        79,
        78
      ],
      [
        74,
        75,
        80,
        79
      ],
      [
        75,
        76,
        81,
        80
      ],
      [
        76,
        72,
        77,
        81
      ]
    ],
    "face_material_idxs": [
      0,
      0,
      0,
      0,
      0,
      0,
      0
    ]
  },
  {
    "name": "roads_0_1_2_3_4_5_6",
    "label": "buildings",
    "id": 54,
    "face_vertex_idxs": [
      [
        82,
        83,
        84,
        85,
        86
      ],
      [
        87,
        88,
        89,
        90,
        91
      ],
      [
        82,
        83,
        88,
        87
      ],
      [
        83,
        84,
        89,
        88
      ],
      [
        84,
        85,
        90,
        89
      ],
      [
        85,
        86,
        91,
        90
      ],
      [
        86,
        82,
        87,
        91
      ]
    ],
    "face_material_idxs": [
      0,
      0,
      0,
      0,
      0,
      0,
      0
    ]
  },
  {
    "name": "roads_0_1_2_3_4_5_6_7",
    "label": "buildings",
    "id": 55,
    "face_vertex_idxs": [
      [
        92,
        93,
        94,
        95,
        96,
        97,
        98
      ],
      [
        99,
        100,
        101,
        102,
        103,
        104,
        105
      ],
      [
        92,
        93,
        100,
        99
      ],
      [
        93,
        94,
        101,
        100
      ],
      [
        94,
        95,
        102,
        101
      ],
      [
        95,
        96,
        103,
        102
      ],
      [
        96,
        97,
        104,
        103
      ],
      [
        97,
        98,
        105,
        104
      ],
      [
        98,
        92,
        99,
        105
      ]
    ],
    "face_material_idxs": [
      0,
      0,
      0,
      0,
      0,
      0,
      0,
      0,
      0
    ]
  },
  {
    "name": "roads_0_1_2_3_4_5_6_7_8",
    "label": "buildings",
    "id": 56,
    "face_vertex_idxs": [
      [
        106,
        107,
        108,
        109,
        110,
        111
      ],
      [
        112,
        113,
        114,
        115,
        116,
        117
      ],
      [
        106,
        107,
        113,
        112
      ],
      [
        107,
        108,
        114,
        113
      ],
      [
        108,
        109,
        115,
        114
      ],
      [
        109,
        110,
        116,
        115
      ],
      [
        110,
        111,
        117,
        116
      ],
      [
        111,
        106,
        112,
        117
      ]
    ],
    "face_material_idxs": [
      0,
      0,
      0,
      0,
      0,
      0,
      0,
      0
    ]
  },
  {
    "name": "roads_0_1_2_3_4_5_6_7_8_9",
    "label": "buildings",
    "id": 57,
    "face_vertex_idxs": [
      [
        118,
        119,
        120,
        121,
        122
      ],
      [
        123,
        124,
        125,
        126,
        127
      ],
      [
        118,
        119,
        124,
        123
      ],
      [
        119,
        120,
        125,
        124
      ],
      [
        120,
        121,
        126,
        125
      ],
      [
        121,
        122,
        127,
        126
      ],
      [
        122,
        118,
        123,
        127
      ]
    ],
    "face_material_idxs": [
      0,
      0,
      0,
      0,
      0,
      0,
      0
    ]
  },
  {
    "name": "roads_0_1_2_3_4_5_6_7_8_9_10",
    "label": "buildings",
    "id": 58,
    "face_vertex_idxs": [
      [
        128,
        129,
        130,
        131,
        132
      ],
      [
        133,
        134,
        135,
        136,
        137
      ],
      [
        128,
        129,
        134,
        133
      ],
      [
        129,
        130,
        135,
        134
      ],
      [
        130,
        131,
        136,
        135
      ],
      [
        131,
        132,
        137,
        136
      ],
      [
        132,
        128,
        133,
        137
      ]
    ],
    "face_material_idxs": [
      0,
      0,
      0,
      0,
      0,
      0,
      0
    ]
  },
  {
    "name": "roads_0_1_2_3_4_5_6_7_8_9_10_11",
    "label": "buildings",
    "id": 59,
    "face_vertex_idxs": [
      [
        138,
        139,
        140,
        141,
        142
      ],
      [
        143,
        144,
        145,
        146,
        147
      ],
      [
        138,
        139,
        144,
        143
      ],
      [
        139,
        140,
        145,
        144
      ],
      [
        140,
        141,
        146,
        145
      ],
      [
        141,
        142,
        147,
        146
      ],
      [
        142,
        138,
        143,
        147
      ]
    ],
    "face_material_idxs": [
      0,
      0,
      0,
      0,
      0,
      0,
      0
    ]
  },
  {
    "name": "roads_0_1_2_3_4_5_6_7_8_9_10_11_12",
    "label": "buildings",
    "id": 60,
    "face_vertex_idxs": [
      [
        148,
        149,
        150,
        151,
        152,
        153,
        154
      ],
      [
        155,
        156,
        157,
        158,
        159,
        160,
        161
      ],
      [
        148,
        149,
        156,
        155
      ],
      [
        149,
        150,
        157,
        156
      ],
      [
        150,
        151,
        158,
        157
      ],
      [
        151,
        152,
        159,
        158
      ],
      [
        152,
        153,
        160,
        159
      ],
      [
        153,
        154,
        161,
        160
      ],
      [
        154,
        148,
        155,
        161
      ]
    ],
    "face_material_idxs": [
      0,
      0,
      0,
      0,
      0,
      0,
      0,
      0,
      0
    ]
  },
  {
    "name": "roads_0_1_2_3_4_5_6_7_8_9_10_11_12_13",
    "label": "buildings",
    "id": 61,
    "face_vertex_idxs": [
      [
        162,
        163,
        164,
        165,
        166,
        167,
        168
      ],
      [
        169,
        170,
        171,
        172,
        173,
        174,
        175
      ],
      [
        162,
        163,
        170,
        169
      ],
      [
        163,
        164,
        171,
        170
      ],
      [
        164,
        165,
        172,
        171
      ],
      [
        165,
        166,
        173,
        172
      ],
      [
        166,
        167,
        174,
        173
      ],
      [
        167,
        168,
        175,
        174
      ],
      [
        168,
        162,
        169,
        175
      ]
    ],
    "face_material_idxs": [
      0,
      0,
      0,
      0,
      0,
      0,
      0,
      0,
      0
    ]
  },
  {
    "name": "roads_0_1_2_3_4_5_6_7_8_9_10_11_12_13_14",
    "label": "buildings",
    "id": 62,
    "face_vertex_idxs": [
      [
        176,
        177,
        178,
        179,
        180,
        181
      ],
      [
        182,
        183,
        184,
        185,
        186,
        187
      ],
      [
        176,
        177,
        183,
        182
      ],
      [
        177,
        178,
        184,
        183
      ],
      [
        178,
        179,
        185,
        184
      ],
      [
        179,
        180,
        186,
        185
      ],
      [
        180,
        181,
        187,
        186
      ],
      [
        181,
        176,
        182,
        187
      ]
    ],
    "face_material_idxs": [
      0,
      0,
      0,
      0,
      0,
      0,
      0,
      0
    ]
  },
  {
    "name": "roads_0_1_2_3_4_5_6_7_8_9_10_11_12_13_14_15",
    "label": "buildings",
    "id": 63,
    "face_vertex_idxs": [
      [
        188,
        189,
        190,
        191,
        192,
        193,
        194
      ],
      [
        195,
        196,
        197,
        198,
        199,
        200,
        201
      ],
      [
        188,
        189,
        196,
        195
      ],
      [
        189,
        190,
        197,
        196
      ],
      [
        190,
        191,
        198,
        197
      ],
      [
        191,
        192,
        199,
        198
      ],
      [
        192,
        193,
        200,
        199
      ],
      [
        193,
        194,
        201,
        200
      ],
      [
        194,
        188,
        195,
        201
      ]
    ],
    "face_material_idxs": [
      0,
      0,
      0,
      0,
      0,
      0,
      0,
      0,
      0
    ]
  },
  {
    "name": "roads_0_1_2_3_4_5_6_7_8_9_10_11_12_13_14_15_16",
    "label": "buildings",
    "id": 64,
    "face_vertex_idxs": [
      [
        202,
        203,
        204,
        205,
        206,
        207,
        208
      ],
      [
        209,
        210,
        211,
        212,
        213,
        214,
        215
      ],
      [
        202,
        203,
        210,
        209
      ],
      [
        203,
        204,
        211,
        210
      ],
      [
        204,
        205,
        212,
        211
      ],
      [
        205,
        206,
        213,
        212
      ],
      [
        206,
        207,
        214,
        213
      ],
      [
        207,
        208,
        215,
        214
      ],
      [
        208,
        202,
        209,
        215
      ]
    ],
    "face_material_idxs": [
      0,
      0,
      0,
      0,
      0,
      0,
      0,
      0,
      0
    ]
  },
  {
    "name": "roads_0_1_2_3_4_5_6_7_8_9_10_11_12_13_14_15_16_17",
    "label": "buildings",
    "id": 65,
    "face_vertex_idxs": [
      [
        216,
        217,
        218,
        219,
        220
      ],
      [
        221,
        222,
        223,
        224,
        225
      ],
      [
        216,
        217,
        222,
        221
      ],
      [
        217,
        218,
        223,
        222
      ],
      [
        218,
        219,
        224,
        223
      ],
      [
        219,
        220,
        225,
        224
      ],
      [
        220,
        216,
        221,
        225
      ]
    ],
    "face_material_idxs": [
      0,
      0,
      0,
      0,
      0,
      0,
      0
    ]
  },
  {
    "name": "roads_0_1_2_3_4_5_6_7_8_9_10_11_12_13_14_15_16_17_18",
    "label": "buildings",
    "id": 66,
    "face_vertex_idxs": [
      [
        226,
        227,
        228,
        229,
        230,
        231,
        232,
        233,
        234,
        235
      ],
      [
        236,
        237,
        238,
        239,
        240,
        241,
        242,
        243,
        244,
        245
      ],
      [
        226,
        227,
        237,
        236
      ],
      [
        227,
        228,
        238,
        237
      ],
      [
        228,
        229,
        239,
        238
      ],
      [
        229,
        230,
        240,
        239
      ],
      [
        230,
        231,
        241,
        240
      ],
      [
        231,
        232,
        242,
        241
      ],
      [
        232,
        233,
        243,
        242
      ],
      [
        233,
        234,
        244,
        243
      ],
      [
        234,
        235,
        245,
        244
      ],
      [
        235,
        226,
        236,
        245
      ]
    ],
    "face_material_idxs": [
      0,
      0,
      0,
      0,
      0,
      0,
      0,
      0,
      0,
      0,
      0,
      0
    ]
  },
  {
    "name": "roads_0_1_2_3_4_5_6_7_8_9_10_11_12_13_14_15_16_17_18_19",
    "label": "buildings",
    "id": 67,
    "face_vertex_idxs": [
      [
        246,
        247,
        248,
        249,
        250,
        251
      ],
      [
        252,
        253,
        254,
        255,
        256,
        257
      ],
      [
        246,
        247,
        253,
        252
      ],
      [
        247,
        248,
        254,
        253
      ],
      [
        248,
        249,
        255,
        254
      ],
      [
        249,
        250,
        256,
        255
      ],
      [
        250,
        251,
        257,
        256
      ],
      [
        251,
        246,
        252,
        257
      ]
    ],
    "face_material_idxs": [
      0,
      0,
      0,
      0,
      0,
      0,
      0,
      0
    ]
  },
  {
    "name": "roads_0_1_2_3_4_5_6_7_8_9_10_11_12_13_14_15_16_17_18_19_20",
    "label": "buildings",
    "id": 68,
    "face_vertex_idxs": [
      [
        258,
        259,
        260,
        261,
        262,
        263
      ],
      [
        264,
        265,
        266,
        267,
        268,
        269
      ],
      [
        258,
        259,
        265,
        264
      ],
      [
        259,
        260,
        266,
        265
      ],
      [
        260,
        261,
        267,
        266
      ],
      [
        261,
        262,
        268,
        267
      ],
      [
        262,
        263,
        269,
        268
      ],
      [
        263,
        258,
        264,
        269
      ]
    ],
    "face_material_idxs": [
      0,
      0,
      0,
      0,
      0,
      0,
      0,
      0
    ]
  },
  {
    "name": "roads_0_1_2_3_4_5_6_7_8_9_10_11_12_13_14_15_16_17_18_19_20_21",
    "label": "buildings",
    "id": 69,
    "face_vertex_idxs": [
      [
        270,
        271,
        272,
        273,
        274,
        275
      ],
      [
        276,
        277,
        278,
        279,
        280,
        281
      ],
      [
        270,
        271,
        277,
        276
      ],
      [
        271,
        272,
        278,
        277
      ],
      [
        272,
        273,
        279,
        278
      ],
      [
        273,
        274,
        280,
        279
      ],
      [
        274,
        275,
        281,
        280
      ],
      [
        275,
        270,
        276,
        281
      ]
    ],
    "face_material_idxs": [
      0,
      0,
      0,
      0,
      0,
      0,
      0,
      0
    ]
  },
  {
    "name": "roads_0_1_2_3_4_5_6_7_8_9_10_11_12_13_14_15_16_17_18_19_20_21_22",
    "label": "buildings",
    "id": 70,
    "face_vertex_idxs": [
      [
        282,
        283,
        284,
        285,
        286,
        287
      ],
      [
        288,
        289,
        290,
        291,
        292,
        293
      ],
      [
        282,
        283,
        289,
        288
      ],
      [
        283,
        284,
        290,
        289
      ],
      [
        284,
        285,
        291,
        290
      ],
      [
        285,
        286,
        292,
        291
      ],
      [
        286,
        287,
        293,
        292
      ],
      [
        287,
        282,
        288,
        293
      ]
    ],
    "face_material_idxs": [
      0,
      0,
      0,
      0,
      0,
      0,
      0,
      0
    ]
  },
  {
    "name": "roads_0_1_2_3_4_5_6_7_8_9_10_11_12_13_14_15_16_17_18_19_20_21_22_23",
    "label": "buildings",
    "id": 71,
    "face_vertex_idxs": [
      [
        294,
        295,
        296,
        297,
        298,
        299,
        300,
        301
      ],
      [
        302,
        303,
        304,
        305,
        306,
        307,
        308,
        309
      ],
      [
        294,
        295,
        303,
        302
      ],
      [
        295,
        296,
        304,
        303
      ],
      [
        296,
        297,
        305,
        304
      ],
      [
        297,
        298,
        306,
        305
      ],
      [
        298,
        299,
        307,
        306
      ],
      [
        299,
        300,
        308,
        307
      ],
      [
        300,
        301,
        309,
        308
      ],
      [
        301,
        294,
        302,
        309
      ]
    ],
    "face_material_idxs": [
      0,
      0,
      0,
      0,
      0,
      0,
      0,
      0,
      0,
      0
    ]
  },
  {
    "name": "roads_0_1_2_3_4_5_6_7_8_9_10_11_12_13_14_15_16_17_18_19_20_21_22_23_24",
    "label": "buildings",
    "id": 72,
    "face_vertex_idxs": [
      [
        310,
        311,
        312,
        313,
        314
      ],
      [
        315,
        316,
        317,
        318,
        319
      ],
      [
        310,
        311,
        316,
        315
      ],
      [
        311,
        312,
        317,
        316
      ],
      [
        312,
        313,
        318,
        317
      ],
      [
        313,
        314,
        319,
        318
      ],
      [
        314,
        310,
        315,
        319
      ]
    ],
    "face_material_idxs": [
      0,
      0,
      0,
      0,
      0,
      0,
      0
    ]
  },
  {
    "name": "roads_0_1_2_3_4_5_6_7_8_9_10_11_12_13_14_15_16_17_18_19_20_21_22_23_24_25",
    "label": "buildings",
    "id": 73,
    "face_vertex_idxs": [
      [
        320,
        321,
        322,
        323,
        324,
        325,
        326
      ],
      [
        327,
        328,
        329,
        330,
        331,
        332,
        333
      ],
      [
        320,
        321,
        328,
        327
      ],
      [
        321,
        322,
        329,
        328
      ],
      [
        322,
        323,
        330,
        329
      ],
      [
        323,
        324,
        331,
        330
      ],
      [
        324,
        325,
        332,
        331
      ],
      [
        325,
        326,
        333,
        332
      ],
      [
        326,
        320,
        327,
        333
      ]
    ],
    "face_material_idxs": [
      0,
      0,
      0,
      0,
      0,
      0,
      0,
      0,
      0
    ]
  },
  {
    "name": "roads_0_1_2_3_4_5_6_7_8_9_10_11_12_13_14_15_16_17_18_19_20_21_22_23_24_25_26",
    "label": "buildings",
    "id": 74,
    "face_vertex_idxs": [
      [
        334,
        335,
        336,
        337,
        338,
        339,
        340
      ],
      [
        341,
        342,
        343,
        344,
        345,
        346,
        347
      ],
      [
        334,
        335,
        342,
        341
      ],
      [
        335,
        336,
        343,
        342
      ],
      [
        336,
        337,
        344,
        343
      ],
      [
        337,
        338,
        345,
        344
      ],
      [
        338,
        339,
        346,
        345
      ],
      [
        339,
        340,
        347,
        346
      ],
      [
        340,
        334,
        341,
        347
      ]
    ],
    "face_material_idxs": [
      0,
      0,
      0,
      0,
      0,
      0,
      0,
      0,
      0
    ]
  },
  {
    "name": "roads_0_1_2_3_4_5_6_7_8_9_10_11_12_13_14_15_16_17_18_19_20_21_22_23_24_25_26_27",
    "label": "buildings",
    "id": 75,
    "face_vertex_idxs": [
      [
        348,
        349,
        350,
        351,
        352
      ],
      [
        353,
        354,
        355,
        356,
        357
      ],
      [
        348,
        349,
        354,
        353
      ],
      [
        349,
        350,
        355,
        354
      ],
      [
        350,
        351,
        356,
        355
      ],
      [
        351,
        352,
        357,
        356
      ],
      [
        352,
        348,
        353,
        357
      ]
    ],
    "face_material_idxs": [
      0,
      0,
      0,
      0,
      0,
      0,
      0
    ]
  },
  {
    "name": "roads_0_1_2_3_4_5_6_7_8_9_10_11_12_13_14_15_16_17_18_19_20_21_22_23_24_25_26_27_28",
    "label": "buildings",
    "id": 76,
    "face_vertex_idxs": [
      [
        358,
        359,
        360,
        361,
        362
      ],
      [
        363,
        364,
        365,
        366,
        367
      ],
      [
        358,
        359,
        364,
        363
      ],
      [
        359,
        360,
        365,
        364
      ],
      [
        360,
        361,
        366,
        365
      ],
      [
        361,
        362,
        367,
        366
      ],
      [
        362,
        358,
        363,
        367
      ]
    ],
    "face_material_idxs": [
      0,
      0,
      0,
      0,
      0,
      0,
      0
    ]
  },
  {
    "name": "roads_0_1_2_3_4_5_6_7_8_9_10_11_12_13_14_15_16_17_18_19_20_21_22_23_24_25_26_27_28_29",
    "label": "buildings",
    "id": 77,
    "face_vertex_idxs": [
      [
        368,
        369,
        370,
        371,
        372,
        373,
        374,
        375
      ],
      [
        376,
        377,
        378,
        379,
        380,
        381,
        382,
        383
      ],
      [
        368,
        369,
        377,
        376
      ],
      [
        369,
        370,
        378,
        377
      ],
      [
        370,
        371,
        379,
        378
      ],
      [
        371,
        372,
        380,
        379
      ],
      [
        372,
        373,
        381,
        380
      ],
      [
        373,
        374,
        382,
        381
      ],
      [
        374,
        375,
        383,
        382
      ],
      [
        375,
        368,
        376,
        383
      ]
    ],
    "face_material_idxs": [
      0,
      0,
      0,
      0,
      0,
      0,
      0,
      0,
      0,
      0
    ]
  },
  {
    "name": "roads_0_1_2_3_4_5_6_7_8_9_10_11_12_13_14_15_16_17_18_19_20_21_22_23_24_25_26_27_28_29_30",
    "label": "buildings",
    "id": 78,
    "face_vertex_idxs": [
      [
        384,
        385,
        386,
        387,
        388,
        389
      ],
      [
        390,
        391,
        392,
        393,
        394,
        395
      ],
      [
        384,
        385,
        391,
        390
      ],
      [
        385,
        386,
        392,
        391
      ],
      [
        386,
        387,
        393,
        392
      ],
      [
        387,
        388,
        394,
        393
      ],
      [
        388,
        389,
        395,
        394
      ],
      [
        389,
        384,
        390,
        395
      ]
    ],
    "face_material_idxs": [
      0,
      0,
      0,
      0,
      0,
      0,
      0,
      0
    ]
  },
  {
    "name": "roads_0_1_2_3_4_5_6_7_8_9_10_11_12_13_14_15_16_17_18_19_20_21_22_23_24_25_26_27_28_29_30_31",
    "label": "buildings",
    "id": 79,
    "face_vertex_idxs": [
      [
        396,
        397,
        398,
        399,
        400
      ],
      [
        401,
        402,
        403,
        404,
        405
      ],
      [
        396,
        397,
        402,
        401
      ],
      [
        397,
        398,
        403,
        402
      ],
      [
        398,
        399,
        404,
        403
      ],
      [
        399,
        400,
        405,
        404
      ],
      [
        400,
        396,
        401,
        405
      ]
    ],
    "face_material_idxs": [
      0,
      0,
      0,
      0,
      0,
      0,
      0
    ]
  },
  {
    "name": "roads_0_1_2_3_4_5_6_7_8_9_10_11_12_13_14_15_16_17_18_19_20_21_22_23_24_25_26_27_28_29_30_31_32",
    "label": "buildings",
    "id": 80,
    "face_vertex_idxs": [
      [
        406,
        407,
        408,
        409,
        410,
        411,
        412,
        413
      ],
      [
        414,
        415,
        416,
        417,
        418,
        419,
        420,
        421
      ],
      [
        406,
        407,
        415,
        414
      ],
      [
        407,
        408,
        416,
        415
      ],
      [
        408,
        409,
        417,
        416
      ],
      [
        409,
        410,
        418,
        417
      ],
      [
        410,
        411,
        419,
        418
      ],
      [
        411,
        412,
        420,
        419
      ],
      [
        412,
        413,
        421,
        420
      ],
      [
        413,
        406,
        414,
        421
      ]
    ],
    "face_material_idxs": [
      0,
      0,
      0,
      0,
      0,
      0,
      0,
      0,
      0,
      0
    ]
  },
  {
    "name": "roads_0_1_2_3_4_5_6_7_8_9_10_11_12_13_14_15_16_17_18_19_20_21_22_23_24_25_26_27_28_29_30_31_32_33",
    "label": "buildings",
    "id": 81,
    "face_vertex_idxs": [
      [
        422,
        423,
        424,
        425,
        426,
        427,
        428
      ],
      [
        429,
        430,
        431,
        432,
        433,
        434,
        435
      ],
      [
        422,
        423,
        430,
        429
      ],
      [
        423,
        424,
        431,
        430
      ],
      [
        424,
        425,
        432,
        431
      ],
      [
        425,
        426,
        433,
        432
      ],
      [
        426,
        427,
        434,
        433
      ],
      [
        427,
        428,
        435,
        434
      ],
      [
        428,
        422,
        429,
        435
      ]
    ],
    "face_material_idxs": [
      0,
      0,
      0,
      0,
      0,
      0,
      0,
      0,
      0
    ]
  },
  {
    "name": "roads_0_1_2_3_4_5_6_7_8_9_10_11_12_13_14_15_16_17_18_19_20_21_22_23_24_25_26_27_28_29_30_31_32_33_34",
    "label": "buildings",
    "id": 82,
    "face_vertex_idxs": [
      [
        436,
        437,
        438,
        439,
        440,
        441
      ],
      [
        442,
        443,
        444,
        445,
        446,
        447
      ],
      [
        436,
        437,
        443,
        442
      ],
      [
        437,
        438,
        444,
        443
      ],
      [
        438,
        439,
        445,
        444
      ],
      [
        439,
        440,
        446,
        445
      ],
      [
        440,
        441,
        447,
        446
      ],
      [
        441,
        436,
        442,
        447
      ]
    ],
    "face_material_idxs": [
      0,
      0,
      0,
      0,
      0,
      0,
      0,
      0
    ]
  },
  {
    "name": "roads_0_1_2_3_4_5_6_7_8_9_10_11_12_13_14_15_16_17_18_19_20_21_22_23_24_25_26_27_28_29_30_31_32_33_34_35",
    "label": "buildings",
    "id": 83,
    "face_vertex_idxs": [
      [
        448,
        449,
        450,
        451,
        452,
        453
      ],
      [
        454,
        455,
        456,
        457,
        458,
        459
      ],
      [
        448,
        449,
        455,
        454
      ],
      [
        449,
        450,
        456,
        455
      ],
      [
        450,
        451,
        457,
        456
      ],
      [
        451,
        452,
        458,
        457
      ],
      [
        452,
        453,
        459,
        458
      ],
      [
        453,
        448,
        454,
        459
      ]
    ],
    "face_material_idxs": [
      0,
      0,
      0,
      0,
      0,
      0,
      0,
      0
    ]
  },
  {
    "name": "roads_0_1_2_3_4_5_6_7_8_9_10_11_12_13_14_15_16_17_18_19_20_21_22_23_24_25_26_27_28_29_30_31_32_33_34_35_36",
    "label": "buildings",
    "id": 84,
    "face_vertex_idxs": [
      [
        460,
        461,
        462,
        463,
        464
      ],
      [
        465,
        466,
        467,
        468,
        469
      ],
      [
        460,
        461,
        466,
        465
      ],
      [
        461,
        462,
        467,
        466
      ],
      [
        462,
        463,
        468,
        467
      ],
      [
        463,
        464,
        469,
        468
      ],
      [
        464,
        460,
        465,
        469
      ]
    ],
    "face_material_idxs": [
      0,
      0,
      0,
      0,
      0,
      0,
      0
    ]
  },
  {
    "name": "roads_0_1_2_3_4_5_6_7_8_9_10_11_12_13_14_15_16_17_18_19_20_21_22_23_24_25_26_27_28_29_30_31_32_33_34_35_36_37",
    "label": "buildings",
    "id": 85,
    "face_vertex_idxs": [
      [
        470,
        471,
        472,
        473,
        474,
        475,
        476,
        477,
        478
      ]
    ],
    "face_material_idxs": [
      0
    ]
  },
  {
    "name": "roads_0_1_2_3_4_5_6_7_8_9_10_11_12_13_14_15_16_17_18_19_20_21_22_23_24_25_26_27_28_29_30_31_32_33_34_35_36_37_38",
    "label": "buildings",
    "id": 86,
    "face_vertex_idxs": [
      [
        479,
        480,
        481,
        482,
        483,
        484,
        485,
        486,
        487
      ]
    ],
    "face_material_idxs": [
      0
    ]
  },
  {
    "name": "roads_0_1_2_3_4_5_6_7_8_9_10_11_12_13_14_15_16_17_18_19_20_21_22_23_24_25_26_27_28_29_30_31_32_33_34_35_36_37_38_39",
    "label": "buildings",
    "id": 87,
    "face_vertex_idxs": [
      [
        488,
        489,
        490,
        491,
        492,
        493,
        494,
        495,
        496,
        497,
        498,
        499
      ]
    ],
    "face_material_idxs": [
      0
    ]
  },
  {
    "name": "roads_0_1_2_3_4_5_6_7_8_9_10_11_12_13_14_15_16_17_18_19_20_21_22_23_24_25_26_27_28_29_30_31_32_33_34_35_36_37_38_39_40",
    "label": "buildings",
    "id": 88,
    "face_vertex_idxs": [
      [
        500,
        501,
        502,
        503,
        504,
        505,
        506,
        507,
        508,
        509,
        510,
        511,
        512,
        513,
        514,
        515
      ]
    ],
    "face_material_idxs": [
      0
    ]
  },
  {
    "name": "roads_0_1_2_3_4_5_6_7_8_9_10_11_12_13_14_15_16_17_18_19_20_21_22_23_24_25_26_27_28_29_30_31_32_33_34_35_36_37_38_39_40_41",
    "label": "buildings",
    "id": 89,
    "face_vertex_idxs": [
      [
        516,
        517,
        518,
        519,
        520,
        521,
        522,
        523,
        524,
        525,
        526,
        527,
        528,
        529,
        530,
        531,
        532,
        533
      ]
    ],
    "face_material_idxs": [
      0
    ]
  },
  {
    "name": "roads_0_1_2_3_4_5_6_7_8_9_10_11_12_13_14_15_16_17_18_19_20_21_22_23_24_25_26_27_28_29_30_31_32_33_34_35_36_37_38_39_40_41_42",
    "label": "buildings",
    "id": 90,
    "face_vertex_idxs": [
      [
        534,
        535,
        536,
        537,
        538
      ]
    ],
    "face_material_idxs": [
      0
    ]
  },
  {
    "name": "roads_0_1_2_3_4_5_6_7_8_9_10_11_12_13_14_15_16_17_18_19_20_21_22_23_24_25_26_27_28_29_30_31_32_33_34_35_36_37_38_39_40_41_42_43",
    "label": "buildings",
    "id": 91,
    "face_vertex_idxs": [
      [
        539,
        540,
        541,
        542,
        543,
        544
      ]
    ],
    "face_material_idxs": [
      0
    ]
  },
  {
    "name": "roads_0_1_2_3_4_5_6_7_8_9_10_11_12_13_14_15_16_17_18_19_20_21_22_23_24_25_26_27_28_29_30_31_32_33_34_35_36_37_38_39_40_41_42_43_44",
    "label": "buildings",
    "id": 92,
    "face_vertex_idxs": [
      [
        545,
        546,
        547,
        548
      ]
    ],
    "face_material_idxs": [
      0
    ]
  },
  {
    "name": "roads_0_1_2_3_4_5_6_7_8_9_10_11_12_13_14_15_16_17_18_19_20_21_22_23_24_25_26_27_28_29_30_31_32_33_34_35_36_37_38_39_40_41_42_43_44_45",
    "label": "buildings",
    "id": 93,
    "face_vertex_idxs": [
      [
        549,
        550,
        551,
        552,
        553,
        554
      ]
    ],
    "face_material_idxs": [
      0
    ]
  },
  {
    "name": "roads_0_1_2_3_4_5_6_7_8_9_10_11_12_13_14_15_16_17_18_19_20_21_22_23_24_25_26_27_28_29_30_31_32_33_34_35_36_37_38_39_40_41_42_43_44_45_46",
    "label": "buildings",
    "id": 94,
    "face_vertex_idxs": [
      [
        555,
        556,
        557,
        558,
        559,
        560,
        561,
        562
      ]
    ],
    "face_material_idxs": [
      0
    ]
  },
  {
    "name": "roads_0_1_2_3_4_5_6_7_8_9_10_11_12_13_14_15_16_17_18_19_20_21_22_23_24_25_26_27_28_29_30_31_32_33_34_35_36_37_38_39_40_41_42_43_44_45_46_47",
    "label": "buildings",
    "id": 95,
    "face_vertex_idxs": [
      [
        563,
        564,
        565,
        566,
        567,
        568
      ]
    ],
    "face_material_idxs": [
      0
    ]
  },
  {
    "name": "newTerrain_0",
    "label": "terrain",
    "id": 96,
    "face_vertex_idxs": [
      [
        569,
        570,
        571,
        572
      ]
    ],
    "face_material_idxs": [
      0
    ]
  }
]