[
  {
    "name": "buildings_0",
    "label": "buildings",
    "id": 0,
    "face_vertex_idxs": [
      [
        0,
        1,
        2,
        3,
        4,
        5,
        6
      ],
      [
        7,
        8,
        9,
        10,
        11,
        12,
        13
      ],
      [
        0,
        1,
        8,
        7
      ],
      [
        1,
        2,
        9,
        8
      ],
      [
        2,
        3,
        10,
        9
      ],
      [
        3,
        4,
        11,
        10
      ],
      [
        4,
        5,
        12,
        11
      ],
      [
        5,
        6,
        13,
        12
      ],
      [
        6,
        0,
        7,
        13
      ]
    ],
    "face_material_idxs": [
      0,
      0,
      0,
      0,
      0,
      0,
      0,
      0,
      0
    ]
  },
  {
    "name": "buildings_0_1",
    "label": "buildings",
    "id": 1,
    "face_vertex_idxs": [
      [
        14,
        15,
        16,
        17,
        18,
        19
      ],
      [
        20,
        21,
        22,
        23,
        24,
        25
      ],
      [
        14,
        15,
        21,
        20
      ],
      [
        15,
        16,
        22,
        21
      ],
      [
        16,
        17,
        23,
        22
      ],
      [
        17,
        18,
        24,
        23
      ],
      [
        18,
        19,
        25,
        24
      ],
      [
        19,
        14,
        20,
        25
      ]
    ],
    "face_material_idxs": [
      0,
      0,
      0,
      0,
      0,
      0,
      0,
      0
    ]
  },
  {
    "name": "buildings_0_1_2",
    "label": "buildings",
    "id": 2,
    "face_vertex_idxs": [
      [
        26,
        27,
        28,
        29,
        30,
        31
      ],
      [
        32,
        33,
        34,
        35,
        36,
        37
      ],
      [
        26,
        27,
        33,
        32
      ],
      [
        27,
        28,
        34,
        33
      ],
      [
        28,
        29,
        35,
        34
      ],
      [
        29,
        30,
        36,
        35
      ],
      [
        30,
        31,
        37,
        36
      ],
      [
        31,
        26,
        32,
        37
      ]
    ],
    "face_material_idxs": [
      0,
      0,
      0,
      0,
      0,
      0,
      0,
      0
    ]
  },
  {
    "name": "buildings_0_1_2_3",
    "label": "buildings",
    "id": 3,
    "face_vertex_idxs": [
      [
        38,
        39,
        40,
        41,
        42,
        43,
        44,
        45
      ]
    ],
    "face_material_idxs": [
      0
    ]
  },
  {
    "name": "buildings_0_1_2_3_4",
    "label": "buildings",
    "id": 4,
    "face_vertex_idxs": [
      [
        46,
        47,
        48,
        49
      ],
      [
        50,
        51,
        52,
        53
      ],
      [
        46,
        47,
        51,
        50
      ],
      [
        47,
        48,
        52,
        51
      ],
      [
        48,
        49,
        53,
        52
      ],
      [
        49,
        46,
        50,
        53
      ]
    ],
    "face_material_idxs": [
      0,
      0,
      0,
      0,
      0,
      0
    ]
  },
  {
    "name": "buildings_0_1_2_3_4_5",
    "label": "buildings",
    "id": 5,
    "face_vertex_idxs": [
      [
        54,
        55,
        56,
        57,
        58,
        59,
        60,
        61
      ]
    ],
    "face_material_idxs": [
      0
    ]
  },
  {
    "name": "buildings_0_1_2_3_4_5_6",
    "label": "buildings",
    "id": 6,
    "face_vertex_idxs": [
      [
        62,
        63,
        64,
        65,
        66,
        67,
        68,
        69
      ],
      [
        70,
        71,
        72,
        73,
        74,
        75,
        76,
        77
      ],
      [
        62,
        63,
        71,
        70
      ],
      [
        63,
        64,
        72,
        71
      ],
      [
        64,
        65,
        73,
        72
      ],
      [
        65,
        66,
        74,
        73
      ],
      [
        66,
        67,
        75,
        74
      ],
      [
        67,
        68,
        76,
        75
      ],
      [
        68,
        69,
        77,
        76
      ],
      [
        69,
        62,
        70,
        77
      ]
    ],
    "face_material_idxs": [
      0,
      0,
      0,
      0,
      0,
      0,
      0,
      0,
      0,
      0
    ]
  },
  {
    "name": "buildings_0_1_2_3_4_5_6_7",
    "label": "buildings",
    "id": 7,
    "face_vertex_idxs": [
      [
        78,
        79,
        80,
        81
      ],
      [
        82,
        83,
        84,
        85
      ],
      [
        78,
        79,
        83,
        82
      ],
      [
        79,
        80,
        84,
        83
      ],
      [
        80,
        81,
        85,
        84
      ],
      [
        81,
        78,
        82,
        85
      ]
    ],
    "face_material_idxs": [
      0,
      0,
      0,
      0,
      0,
      0
    ]
  },
  {
    "name": "buildings_0_1_2_3_4_5_6_7_8",
    "label": "buildings",
    "id": 8,
    "face_vertex_idxs": [
      [
        86,
        87,
        88,
        89
      ],
      [
        90,
        91,
        92,
        93
      ],
      [
        86,
        87,
        91,
        90
      ],
      [
        87,
        88,
        92,
        91
      ],
      [
        88,
        89,
        93,
        92
      ],
      [
        89,
        86,
        90,
        93
      ]
    ],
    "face_material_idxs": [
      0,
      0,
      0,
      0,
      0,
      0
    ]
  },
  {
    "name": "buildings_0_1_2_3_4_5_6_7_8_9",
    "label": "buildings",
    "id": 9,
    "face_vertex_idxs": [
      [
        94,
        95,
        96,
        97
      ],
      [
        98,
        99,
        100,
        101
      ],
      [
        94,
        95,
        99,
        98
      ],
      [
        95,
        96,
        100,
        99
      ],
      [
        96,
        97,
        101,
        100
      ],
      [
        97,
        94,
        98,
        101
      ]
    ],
    "face_material_idxs": [
      0,
      0,
      0,
      0,
      0,
      0
    ]
  },
  {
    "name": "buildings_0_1_2_3_4_5_6_7_8_9_10",
    "label": "buildings",
    "id": 10,
    "face_vertex_idxs": [
      [
        102,
        103,
        104,
        105
      ],
      [
        106,
        107,
        108,
        109
      ],
      [
        102,
        103,
        107,
        106
      ],
      [
        103,
        104,
        108,
        107
      ],
      [
        104,
        105,
        109,
        108
      ],
      [
        105,
        102,
        106,
        109
      ]
    ],
    "face_material_idxs": [
      0,
      0,
      0,
      0,
      0,
      0
    ]
  },
  {
    "name": "buildings_0_1_2_3_4_5_6_7_8_9_10_11",
    "label": "buildings",
    "id": 11,
    "face_vertex_idxs": [
      [
        110,
        111,
        112,
        113
      ],
      [
        114,
        115,
        116,
        117
      ],
      [
        110,
        111,
        115,
        114
      ],
      [
        111,
        112,
        116,
        115
      ],
      [
        112,
        113,
        117,
        116
      ],
      [
        113,
        110,
        114,
        117
      ]
    ],
    "face_material_idxs": [
      0,
      0,
      0,
      0,
      0,
      0
    ]
  },
  {
    "name": "buildings_0_1_2_3_4_5_6_7_8_9_10_11_12",
    "label": "buildings",
    "id": 12,
    "face_vertex_idxs": [
      [
        118,
        119,
        120,
        121
      ],
      [
        122,
        123,
        124,
        125
      ],
      [
        118,
        119,
        123,
        122
      ],
      [
        119,
        120,
        124,
        123
      ],
      [
        120,
        121,
        125,
        124
      ],
      [
        121,
        118,
        122,
        125
      ]
    ],
    "face_material_idxs": [
      0,
      0,
      0,
      0,
      0,
      0
    ]
  },
  {
    "name": "buildings_0_1_2_3_4_5_6_7_8_9_10_11_12_13",
    "label": "buildings",
    "id": 13,
    "face_vertex_idxs": [
      [
        126,
        127,
        128,
        129,
        130
      ],
      [
        131,
        132,
        133,
        134,
        135
      ],
      [
        126,
        127,
        132,
        131
      ],
      [
        127,
        128,
        133,
        132
      ],
      [
        128,
        129,
        134,
        133
      ],
      [
        129,
        130,
        135,
        134
      ],
      [
        130,
        126,
        131,
        135
      ]
    ],
    "face_material_idxs": [
      0,
      0,
      0,
      0,
      0,
      0,
      0
    ]
  },
  {
    "name": "buildings_0_1_2_3_4_5_6_7_8_9_10_11_12_13_14",
    "label": "buildings",
    "id": 14,
    "face_vertex_idxs": [
      [
        136,
        137,
        138,
        139,
        140,
        141,
        142,
        143,
        144,
        145,
        146,
        147,
        148,
        149,
        150,
        151,
        152,
        153,
        154,
        155
      ]
    ],
    "face_material_idxs": [
      0
    ]
  },
  {
    "name": "buildings_0_1_2_3_4_5_6_7_8_9_10_11_12_13_14_15",
    "label": "buildings",
    "id": 15,
    "face_vertex_idxs": [
      [
        156,
        157,
        158,
        159,
        160,
        161,
        162,
        163,
        164,
        165
      ]
    ],
    "face_material_idxs": [
      0
    ]
  },
  {
    "name": "buildings_0_1_2_3_4_5_6_7_8_9_10_11_12_13_14_15_16",
    "label": "buildings",
    "id": 16,
    "face_vertex_idxs": [
      [
        166,
        167,
        168,
        169,
        170,
        171,
        172,
        173,
        174,
        175
      ]
    ],
    "face_material_idxs": [
      0
    ]
  },
  {
    "name": "buildings_0_1_2_3_4_5_6_7_8_9_10_11_12_13_14_15_16_17",
    "label": "buildings",
    "id": 17,
    "face_vertex_idxs": [
      [
        176,
        177,
        178,
        179,
        180,
        181,
        182,
        183,
        184,
        185,
        186
      ]
    ],
    "face_material_idxs": [
      0
    ]
  },
  {
    "name": "buildings_0_1_2_3_4_5_6_7_8_9_10_11_12_13_14_15_16_17_18",
    "label": "buildings",
    "id": 18,
    "face_vertex_idxs": [
      [
        187,
        188,
        189,
        190,
        191,
        192,
        193,
        194,
        195,
        196,
        197,
        198,
        199
      ]
    ],
    "face_material_idxs": [
      0
    ]
  },
  {
    "name": "buildings_0_1_2_3_4_5_6_7_8_9_10_11_12_13_14_15_16_17_18_19",
    "label": "buildings",
    "id": 19,
    "face_vertex_idxs": [
      [
        200,
        201,
        202,
        203,
        204,
        205
      ]
    ],
    "face_material_idxs": [
      0
    ]
  },
  {
    "name": "buildings_0_1_2_3_4_5_6_7_8_9_10_11_12_13_14_15_16_17_18_19_20",
    "label": "buildings",
    "id": 20,
    "face_vertex_idxs": [
      [
        206,
        207,
        208,
        209
      ]
    ],
    "face_material_idxs": [
      0
    ]
  },
  {
    "name": "buildings_0_1_2_3_4_5_6_7_8_9_10_11_12_13_14_15_16_17_18_19_20_21",
    "label": "buildings",
    "id": 21,
    "face_vertex_idxs": [
      [
        210,
        211,
        212,
        213
      ]
    ],
    "face_material_idxs": [
      0
    ]
  },
  {
    "name": "buildings_0_1_2_3_4_5_6_7_8_9_10_11_12_13_14_15_16_17_18_19_20_21_22",
    "label": "buildings",
    "id": 22,
    "face_vertex_idxs": [
      [
        214,
        215,
        216,
        217,
        218,
        219
      ]
    ],
    "face_material_idxs": [
      0
    ]
  },
  {
    "name": "buildings_0_1_2_3_4_5_6_7_8_9_10_11_12_13_14_15_16_17_18_19_20_21_22_23",
    "label": "buildings",
    "id": 23,
    "face_vertex_idxs": [
      [
        220,
        221,
        222,
        223
      ]
    ],
    "face_material_idxs": [
      0
    ]
  },
  {
    "name": "buildings_0_1_2_3_4_5_6_7_8_9_10_11_12_13_14_15_16_17_18_19_20_21_22_23_24",
    "label": "buildings",
    "id": 24,
    "face_vertex_idxs": [
      [
        224,
        225,
        226,
        227
      ]
    ],
    "face_material_idxs": [
      0
    ]
  },
  {
    "name": "buildings_0_1_2_3_4_5_6_7_8_9_10_11_12_13_14_15_16_17_18_19_20_21_22_23_24_25",
    "label": "buildings",
    "id": 25,
    "face_vertex_idxs": [
      [
        228,
        229,
        230,
        231,
        232,
        233
      ]
    ],
    "face_material_idxs": [
      0
    ]
  },
  {
    "name": "buildings_0_1_2_3_4_5_6_7_8_9_10_11_12_13_14_15_16_17_18_19_20_21_22_23_24_25_26",
    "label": "buildings",
    "id": 26,
    "face_vertex_idxs": [
      [
        234,
        235,
        236,
        237,
        238
      ]
    ],
    "face_material_idxs": [
      0
    ]
  },
  {
    "name": "buildings_0_1_2_3_4_5_6_7_8_9_10_11_12_13_14_15_16_17_18_19_20_21_22_23_24_25_26_27",
    "label": "buildings",
    "id": 27,
    "face_vertex_idxs": [
      [
        239,
        240,
        241,
        242
      ]
    ],
    "face_material_idxs": [
      0
    ]
  },
  {
    "name": "buildings_0_1_2_3_4_5_6_7_8_9_10_11_12_13_14_15_16_17_18_19_20_21_22_23_24_25_26_27_28",
    "label": "buildings",
    "id": 28,
    "face_vertex_idxs": [
      [
        243,
        244,
        245,
        246
      ]
    ],
    "face_material_idxs": [
      0
    ]
  },
  {
    "name": "buildings_0_1_2_3_4_5_6_7_8_9_10_11_12_13_14_15_16_17_18_19_20_21_22_23_24_25_26_27_28_29",
    "label": "buildings",
    "id": 29,
    "face_vertex_idxs": [
      [
        247,
        248,
        249,
        250,
        251,
        252
      ]
    ],
    "face_material_idxs": [
      0
    ]
  },
  {
    "name": "buildings_0_1_2_3_4_5_6_7_8_9_10_11_12_13_14_15_16_17_18_19_20_21_22_23_24_25_26_27_28_29_30",
    "label": "buildings",
    "id": 30,
    "face_vertex_idxs": [
      [
        253,
        254,
        255,
        256
      ]
    ],
    "face_material_idxs": [
      0
    ]
  },
  {
    "name": "buildings_0_1_2_3_4_5_6_7_8_9_10_11_12_13_14_15_16_17_18_19_20_21_22_23_24_25_26_27_28_29_30_31",
    "label": "buildings",
    "id": 31,
    "face_vertex_idxs": [
      [
        257,
        258,
        259,
        260
      ]
    ],
    "face_material_idxs": [
      0
    ]
  },
  {
    "name": "buildings_0_1_2_3_4_5_6_7_8_9_10_11_12_13_14_15_16_17_18_19_20_21_22_23_24_25_26_27_28_29_30_31_32",
    "label": "buildings",
    "id": 32,
    "face_vertex_idxs": [
      [
        261,
        262,
        263,
        264
      ]
    ],
    "face_material_idxs": [
      0
    ]
  },
  {
    "name": "buildings_0_1_2_3_4_5_6_7_8_9_10_11_12_13_14_15_16_17_18_19_20_21_22_23_24_25_26_27_28_29_30_31_32_33",
    "label": "buildings",
    "id": 33,
    "face_vertex_idxs": [
      [
        265,
        266,
        267,
        268
      ]
    ],
    "face_material_idxs": [
      0
    ]
  },
  {
    "name": "buildings_0_1_2_3_4_5_6_7_8_9_10_11_12_13_14_15_16_17_18_19_20_21_22_23_24_25_26_27_28_29_30_31_32_33_34",
    "label": "buildings",
    "id": 34,
    "face_vertex_idxs": [
      [
        269,
        270,
        271,
        272
      ]
    ],
    "face_material_idxs": [
      0
    ]
  },
  {
    "name": "buildings_0_1_2_3_4_5_6_7_8_9_10_11_12_13_14_15_16_17_18_19_20_21_22_23_24_25_26_27_28_29_30_31_32_33_34_35",
    "label": "buildings",
    "id": 35,
    "face_vertex_idxs": [
      [
        273,
        274,
        275,
        276,
        277
      ]
    ],
    "face_material_idxs": [
      0
    ]
  },
  {
    "name": "buildings_0_1_2_3_4_5_6_7_8_9_10_11_12_13_14_15_16_17_18_19_20_21_22_23_24_25_26_27_28_29_30_31_32_33_34_35_36",
    "label": "buildings",
    "id": 36,
    "face_vertex_idxs": [
      [
        278,
        279,
        280,
        281,
        282,
        283,
        284,
        285
      ]
    ],
    "face_material_idxs": [
      0
    ]
  },
  {
    "name": "buildings_0_1_2_3_4_5_6_7_8_9_10_11_12_13_14_15_16_17_18_19_20_21_22_23_24_25_26_27_28_29_30_31_32_33_34_35_36_37",
    "label": "buildings",
    "id": 37,
    "face_vertex_idxs": [
      [
        286,
        287,
        288,
        289,
        290
      ]
    ],
    "face_material_idxs": [
      0
    ]
  },
  {
    "name": "buildings_0_1_2_3_4_5_6_7_8_9_10_11_12_13_14_15_16_17_18_19_20_21_22_23_24_25_26_27_28_29_30_31_32_33_34_35_36_37_38",
    "label": "buildings",
    "id": 38,
    "face_vertex_idxs": [
      [
        291,
        292,
        293,
        294,
        295,
        296
      ]
    ],
    "face_material_idxs": [
      0
    ]
  },
  {
    "name": "buildings_0_1_2_3_4_5_6_7_8_9_10_11_12_13_14_15_16_17_18_19_20_21_22_23_24_25_26_27_28_29_30_31_32_33_34_35_36_37_38_39",
    "label": "buildings",
    "id": 39,
    "face_vertex_idxs": [
      [
        297,
        298,
        299,
        300,
        301,
        302
      ]
    ],
    "face_material_idxs": [
      0
    ]
  },
  {
    "name": "buildings_0_1_2_3_4_5_6_7_8_9_10_11_12_13_14_15_16_17_18_19_20_21_22_23_24_25_26_27_28_29_30_31_32_33_34_35_36_37_38_39_40",
    "label": "buildings",
    "id": 40,
    "face_vertex_idxs": [
      [
        303,
        304,
        305,
        306,
        307
      ]
    ],
    "face_material_idxs": [
      0
    ]
  },
  {
    "name": "roads_0",
    "label": "buildings",
    "id": 41,
    "face_vertex_idxs": [
      [
        0,
        1,
        2,
        3,
        4,
        5,
        6
      ],
      [
        7,
        8,
        9,
        10,
        11,
        12,
        13
      ],
      [
        0,
        1,
        8,
        7
      ],
      [
        1,
        2,
        9,
        8
      ],
      [
        2,
        3,
        10,
        9
      ],
      [
        3,
        4,
        11,
        10
      ],
      [
        4,
        5,
        12,
        11
      ],
      [
        5,
        6,
        13,
        12
      ],
      [
        6,
        0,
        7,
        13
      ]
    ],
    "face_material_idxs": [
      0,
      0,
      0,
      0,
      0,
      0,
      0,
      0,
      0
    ]
  },
  {
    "name": "roads_0_1",
    "label": "buildings",
    "id": 42,
    "face_vertex_idxs": [
      [
        14,
        15,
        16,
        17,
        18,
        19
      ],
      [
        20,
        21,
        22,
        23,
        24,
        25
      ],
      [
        14,
        15,
        21,
        20
      ],
      [
        15,
        16,
        22,
        21
      ],
      [
        16,
        17,
        23,
        22
      ],
      [
        17,
        18,
        24,
        23
      ],
      [
        18,
        19,
        25,
        24
      ],
      [
        19,
        14,
        20,
        25
      ]
    ],
    "face_material_idxs": [
      0,
      0,
      0,
      0,
      0,
      0,
      0,
      0
    ]
  },
  {
    "name": "roads_0_1_2",
    "label": "buildings",
    "id": 43,
    "face_vertex_idxs": [
      [
        26,
        27,
        28,
        29,
        30,
        31
      ],
      [
        32,
        33,
        34,
        35,
        36,
        37
      ],
      [
        26,
        27,
        33,
        32
      ],
      [
        27,
        28,
        34,
        33
      ],
      [
        28,
        29,
        35,
        34
      ],
      [
        29,
        30,
        36,
        35
      ],
      [
        30,
        31,
        37,
        36
      ],
      [
        31,
        26,
        32,
        37
      ]
    ],
    "face_material_idxs": [
      0,
      0,
      0,
      0,
      0,
      0,
      0,
      0
    ]
  },
  {
    "name": "roads_0_1_2_3",
    "label": "buildings",
    "id": 44,
    "face_vertex_idxs": [
      [
        38,
        39,
        40,
        41,
        42,
        43,
        44,
        45
      ]
    ],
    "face_material_idxs": [
      0
    ]
  },
  {
    "name": "roads_0_1_2_3_4",
    "label": "buildings",
    "id": 45,
    "face_vertex_idxs": [
      [
        46,
        47,
        48,
        49
      ],
      [
        50,
        51,
        52,
        53
      ],
      [
        46,
        47,
        51,
        50
      ],
      [
        47,
        48,
        52,
        51
      ],
      [
        48,
        49,
        53,
        52
      ],
      [
        49,
        46,
        50,
        53
      ]
    ],
    "face_material_idxs": [
      0,
      0,
      0,
      0,
      0,
      0
    ]
  },
  {
    "name": "roads_0_1_2_3_4_5",
    "label": "buildings",
    "id": 46,
    "face_vertex_idxs": [
      [
        54,
        55,
        56,
        57,
        58,
        59,
        60,
        61
      ]
    ],
    "face_material_idxs": [
      0
    ]
  },
  {
    "name": "roads_0_1_2_3_4_5_6",
    "label": "buildings",
    "id": 47,
    "face_vertex_idxs": [
      [
        62,
        63,
        64,
        65,
        66,
        67,
        68,
        69
      ],
      [
        70,
        71,
        72,
        73,
        74,
        75,
        76,
        77
      ],
      [
        62,
        63,
        71,
        70
      ],
      [
        63,
        64,
        72,
        71
      ],
      [
        64,
        65,
        73,
        72
      ],
      [
        65,
        66,
        74,
        73
      ],
      [
        66,
        67,
        75,
        74
      ],
      [
        67,
        68,
        76,
        75
      ],
      [
        68,
        69,
        77,
        76
      ],
      [
        69,
        62,
        70,
        77
      ]
    ],
    "face_material_idxs": [
      0,
      0,
      0,
      0,
      0,
      0,
      0,
      0,
      0,
      0
    ]
  },
  {
    "name": "roads_0_1_2_3_4_5_6_7",
    "label": "buildings",
    "id": 48,
    "face_vertex_idxs": [
      [
        78,
        79,
        80,
        81
      ],
      [
        82,
        83,
        84,
        85
      ],
      [
        78,
        79,
        83,
        82
      ],
      [
        79,
        80,
        84,
        83
      ],
      [
        80,
        81,
        85,
        84
      ],
      [
        81,
        78,
        82,
        85
      ]
    ],
    "face_material_idxs": [
      0,
      0,
      0,
      0,
      0,
      0
    ]
  },
  {
    "name": "roads_0_1_2_3_4_5_6_7_8",
    "label": "buildings",
    "id": 49,
    "face_vertex_idxs": [
      [
        86,
        87,
        88,
        89
      ],
      [
        90,
        91,
        92,
        93
      ],
      [
        86,
        87,
        91,
        90
      ],
      [
        87,
        88,
        92,
        91
      ],
      [
        88,
        89,
        93,
        92
      ],
      [
        89,
        86,
        90,
        93
      ]
    ],
    "face_material_idxs": [
      0,
      0,
      0,
      0,
      0,
      0
    ]
  },
  {
    "name": "roads_0_1_2_3_4_5_6_7_8_9",
    "label": "buildings",
    "id": 50,
    "face_vertex_idxs": [
      [
        94,
        95,
        96,
        97
      ],
      [
        98,
        99,
        100,
        101
      ],
      [
        94,
        95,
        99,
        98
      ],
      [
        95,
        96,
        100,
        99
      ],
      [
        96,
        97,
        101,
        100
      ],
      [
        97,
        94,
        98,
        101
      ]
    ],
    "face_material_idxs": [
      0,
      0,
      0,
      0,
      0,
      0
    ]
  },
  {
    "name": "roads_0_1_2_3_4_5_6_7_8_9_10",
    "label": "buildings",
    "id": 51,
    "face_vertex_idxs": [
      [
        102,
        103,
        104,
        105
      ],
      [
        106,
        107,
        108,
        109
      ],
      [
        102,
        103,
        107,
        106
      ],
      [
        103,
        104,
        108,
        107
      ],
      [
        104,
        105,
        109,
        108
      ],
      [
        105,
        102,
        106,
        109
      ]
    ],
    "face_material_idxs": [
      0,
      0,
      0,
      0,
      0,
      0
    ]
  },
  {
    "name": "roads_0_1_2_3_4_5_6_7_8_9_10_11",
    "label": "buildings",
    "id": 52,
    "face_vertex_idxs": [
      [
        110,
        111,
        112,
        113
      ],
      [
        114,
        115,
        116,
        117
      ],
      [
        110,
        111,
        115,
        114
      ],
      [
        111,
        112,
        116,
        115
      ],
      [
        112,
        113,
        117,
        116
      ],
      [
        113,
        110,
        114,
        117
      ]
    ],
    "face_material_idxs": [
      0,
      0,
      0,
      0,
      0,
      0
    ]
  },
  {
    "name": "roads_0_1_2_3_4_5_6_7_8_9_10_11_12",
    "label": "buildings",
    "id": 53,
    "face_vertex_idxs": [
      [
        118,
        119,
        120,
        121
      ],
      [
        122,
        123,
        124,
        125
      ],
      [
        118,
        119,
        123,
        122
      ],
      [
        119,
        120,
        124,
        123
      ],
      [
        120,
        121,
        125,
        124
      ],
      [
        121,
        118,
        122,
        125
      ]
    ],
    "face_material_idxs": [
      0,
      0,
      0,
      0,
      0,
      0
    ]
  },
  {
    "name": "roads_0_1_2_3_4_5_6_7_8_9_10_11_12_13",
    "label": "buildings",
    "id": 54,
    "face_vertex_idxs": [
      [
        126,
        127,
        128,
        129,
        130
      ],
      [
        131,
        132,
        133,
        134,
        135
      ],
      [
        126,
        127,
        132,
        131
      ],
      [
        127,
        128,
        133,
        132
      ],
      [
        128,
        129,
        134,
        133
      ],
      [
        129,
        130,
        135,
        134
      ],
      [
        130,
        126,
        131,
        135
      ]
    ],
    "face_material_idxs": [
      0,
      0,
      0,
      0,
      0,
      0,
      0
    ]
  },
  {
    "name": "roads_0_1_2_3_4_5_6_7_8_9_10_11_12_13_14",
    "label": "buildings",
    "id": 55,
    "face_vertex_idxs": [
      [
        136,
        137,
        138,
        139,
        140,
        141,
        142,
        143,
        144,
        145,
        146,
        147,
        148,
        149,
        150,
        151,
        152,
        153,
        154,
        155
      ]
    ],
    "face_material_idxs": [
      0
    ]
  },
  {
    "name": "roads_0_1_2_3_4_5_6_7_8_9_10_11_12_13_14_15",
    "label": "buildings",
    "id": 56,
    "face_vertex_idxs": [
      [
        156,
        157,
        158,
        159,
        160,
        161,
        162,
        163,
        164,
        165
      ]
    ],
    "face_material_idxs": [
      0
    ]
  },
  {
    "name": "roads_0_1_2_3_4_5_6_7_8_9_10_11_12_13_14_15_16",
    "label": "buildings",
    "id": 57,
    "face_vertex_idxs": [
      [
        166,
        167,
        168,
        169,
        170,
        171,
        172,
        173,
        174,
        175
      ]
    ],
    "face_material_idxs": [
      0
    ]
  },
  {
    "name": "roads_0_1_2_3_4_5_6_7_8_9_10_11_12_13_14_15_16_17",
    "label": "buildings",
    "id": 58,
    "face_vertex_idxs": [
      [
        176,
        177,
        178,
        179,
        180,
        181,
        182,
        183,
        184,
        185,
        186
      ]
    ],
    "face_material_idxs": [
      0
    ]
  },
  {
    "name": "roads_0_1_2_3_4_5_6_7_8_9_10_11_12_13_14_15_16_17_18",
    "label": "buildings",
    "id": 59,
    "face_vertex_idxs": [
      [
        187,
        188,
        189,
        190,
        191,
        192,
        193,
        194,
        195,
        196,
        197,
        198,
        199
      ]
    ],
    "face_material_idxs": [
      0
    ]
  },
  {
    "name": "roads_0_1_2_3_4_5_6_7_8_9_10_11_12_13_14_15_16_17_18_19",
    "label": "buildings",
    "id": 60,
    "face_vertex_idxs": [
      [
        200,
        201,
        202,
        203,
        204,
        205
      ]
    ],
    "face_material_idxs": [
      0
    ]
  },
  {
    "name": "roads_0_1_2_3_4_5_6_7_8_9_10_11_12_13_14_15_16_17_18_19_20",
    "label": "buildings",
    "id": 61,
    "face_vertex_idxs": [
      [
        206,
        207,
        208,
        209
      ]
    ],
    "face_material_idxs": [
      0
    ]
  },
  {
    "name": "roads_0_1_2_3_4_5_6_7_8_9_10_11_12_13_14_15_16_17_18_19_20_21",
    "label": "buildings",
    "id": 62,
    "face_vertex_idxs": [
      [
        210,
        211,
        212,
        213
      ]
    ],
    "face_material_idxs": [
      0
    ]
  },
  {
    "name": "roads_0_1_2_3_4_5_6_7_8_9_10_11_12_13_14_15_16_17_18_19_20_21_22",
    "label": "buildings",
    "id": 63,
    "face_vertex_idxs": [
      [
        214,
        215,
        216,
        217,
        218,
        219
      ]
    ],
    "face_material_idxs": [
      0
    ]
  },
  {
    "name": "roads_0_1_2_3_4_5_6_7_8_9_10_11_12_13_14_15_16_17_18_19_20_21_22_23",
    "label": "buildings",
    "id": 64,
    "face_vertex_idxs": [
      [
        220,
        221,
        222,
        223
      ]
    ],
    "face_material_idxs": [
      0
    ]
  },
  {
    "name": "roads_0_1_2_3_4_5_6_7_8_9_10_11_12_13_14_15_16_17_18_19_20_21_22_23_24",
    "label": "buildings",
    "id": 65,
    "face_vertex_idxs": [
      [
        224,
        225,
        226,
        227
      ]
    ],
    "face_material_idxs": [
      0
    ]
  },
  {
    "name": "roads_0_1_2_3_4_5_6_7_8_9_10_11_12_13_14_15_16_17_18_19_20_21_22_23_24_25",
    "label": "buildings",
    "id": 66,
    "face_vertex_idxs": [
      [
        228,
        229,
        230,
        231,
        232,
        233
      ]
    ],
    "face_material_idxs": [
      0
    ]
  },
  {
    "name": "roads_0_1_2_3_4_5_6_7_8_9_10_11_12_13_14_15_16_17_18_19_20_21_22_23_24_25_26",
    "label": "buildings",
    "id": 67,
    "face_vertex_idxs": [
      [
        234,
        235,
        236,
        237,
        238
      ]
    ],
    "face_material_idxs": [
      0
    ]
  },
  {
    "name": "roads_0_1_2_3_4_5_6_7_8_9_10_11_12_13_14_15_16_17_18_19_20_21_22_23_24_25_26_27",
    "label": "buildings",
    "id": 68,
    "face_vertex_idxs": [
      [
        239,
        240,
        241,
        242
      ]
    ],
    "face_material_idxs": [
      0
    ]
  },
  {
    "name": "roads_0_1_2_3_4_5_6_7_8_9_10_11_12_13_14_15_16_17_18_19_20_21_22_23_24_25_26_27_28",
    "label": "buildings",
    "id": 69,
    "face_vertex_idxs": [
      [
        243,
        244,
        245,
        246
      ]
    ],
    "face_material_idxs": [
      0
    ]
  },
  {
    "name": "roads_0_1_2_3_4_5_6_7_8_9_10_11_12_13_14_15_16_17_18_19_20_21_22_23_24_25_26_27_28_29",
    "label": "buildings",
    "id": 70,
    "face_vertex_idxs": [
      [
        247,
        248,
        249,
        250,
        251,
        252
      ]
    ],
    "face_material_idxs": [
      0
    ]
  },
  {
    "name": "roads_0_1_2_3_4_5_6_7_8_9_10_11_12_13_14_15_16_17_18_19_20_21_22_23_24_25_26_27_28_29_30",
    "label": "buildings",
    "id": 71,
    "face_vertex_idxs": [
      [
        253,
        254,
        255,
        256
      ]
    ],
    "face_material_idxs": [
      0
    ]
  },
  {
    "name": "roads_0_1_2_3_4_5_6_7_8_9_10_11_12_13_14_15_16_17_18_19_20_21_22_23_24_25_26_27_28_29_30_31",
    "label": "buildings",
    "id": 72,
    "face_vertex_idxs": [
      [
        257,
        258,
        259,
        260
      ]
    ],
    "face_material_idxs": [
      0
    ]
  },
  {
    "name": "roads_0_1_2_3_4_5_6_7_8_9_10_11_12_13_14_15_16_17_18_19_20_21_22_23_24_25_26_27_28_29_30_31_32",
    "label": "buildings",
    "id": 73,
    "face_vertex_idxs": [
      [
        261,
        262,
        263,
        264
      ]
    ],
    "face_material_idxs": [
      0
    ]
  },
  {
    "name": "roads_0_1_2_3_4_5_6_7_8_9_10_11_12_13_14_15_16_17_18_19_20_21_22_23_24_25_26_27_28_29_30_31_32_33",
    "label": "buildings",
    "id": 74,
    "face_vertex_idxs": [
      [
        265,
        266,
        267,
        268
      ]
    ],
    "face_material_idxs": [
      0
    ]
  },
  {
    "name": "roads_0_1_2_3_4_5_6_7_8_9_10_11_12_13_14_15_16_17_18_19_20_21_22_23_24_25_26_27_28_29_30_31_32_33_34",
    "label": "buildings",
    "id": 75,
    "face_vertex_idxs": [
      [
        269,
        270,
        271,
        272
      ]
    ],
    "face_material_idxs": [
      0
    ]
  },
  {
    "name": "roads_0_1_2_3_4_5_6_7_8_9_10_11_12_13_14_15_16_17_18_19_20_21_22_23_24_25_26_27_28_29_30_31_32_33_34_35",
    "label": "buildings",
    "id": 76,
    "face_vertex_idxs": [
      [
        273,
        274,
        275,
        276,
        277
      ]
    ],
    "face_material_idxs": [
      0
    ]
  },
  {
    "name": "roads_0_1_2_3_4_5_6_7_8_9_10_11_12_13_14_15_16_17_18_19_20_21_22_23_24_25_26_27_28_29_30_31_32_33_34_35_36",
    "label": "buildings",
    "id": 77,
    "face_vertex_idxs": [
      [
        278,
        279,
        280,
        281,
        282,
        283,
        284,
        285
      ]
    ],
    "face_material_idxs": [
      0
    ]
  },
  {
    "name": "roads_0_1_2_3_4_5_6_7_8_9_10_11_12_13_14_15_16_17_18_19_20_21_22_23_24_25_26_27_28_29_30_31_32_33_34_35_36_37",
    "label": "buildings",
    "id": 78,
    "face_vertex_idxs": [
      [
        286,
        287,
        288,
        289,
        290
      ]
    ],
    "face_material_idxs": [
      0
    ]
  },
  {
    "name": "roads_0_1_2_3_4_5_6_7_8_9_10_11_12_13_14_15_16_17_18_19_20_21_22_23_24_25_26_27_28_29_30_31_32_33_34_35_36_37_38",
    "label": "buildings",
    "id": 79,
    "face_vertex_idxs": [
      [
        291,
        292,
        293,
        294,
        295,
        296
      ]
    ],
    "face_material_idxs": [
      0
    ]
  },
  {
    "name": "roads_0_1_2_3_4_5_6_7_8_9_10_11_12_13_14_15_16_17_18_19_20_21_22_23_24_25_26_27_28_29_30_31_32_33_34_35_36_37_38_39",
    "label": "buildings",
    "id": 80,
    "face_vertex_idxs": [
      [
        297,
        298,
        299,
        300,
        301,
        302
      ]
    ],
    "face_material_idxs": [
      0
    ]
  },
  {
    "name": "roads_0_1_2_3_4_5_6_7_8_9_10_11_12_13_14_15_16_17_18_19_20_21_22_23_24_25_26_27_28_29_30_31_32_33_34_35_36_37_38_39_40",
    "label": "buildings",
    "id": 81,
    "face_vertex_idxs": [
      [
        303,
        304,
        305,
        306,
        307
      ]
    ],
    "face_material_idxs": [
      0
    ]
  },
  {
    "name": "newTerrain_0",
    "label": "terrain",
    "id": 82,
    "face_vertex_idxs": [
      [
        308,
        309,
        310,
        311
      ]
    ],
    "face_material_idxs": [
      0
    ]
  }
]