[
  {
    "name": "asu_buildings",
    "label": "buildings",
    "id": 0,
    "face_vertex_idxs": [
      [
        0,
        1,
        2,
        3,
        4,
        5,
        6
      ],
      [
        7,
        8,
        9,
        10,
        11,
        12,
        13
      ],
      [
        0,
        1,
        8,
        7
      ],
      [
        1,
        2,
        9,
        8
      ],
      [
        2,
        3,
        10,
        9
      ],
      [
        3,
        4,
        11,
        10
      ],
      [
        4,
        5,
        12,
        11
      ],
      [
        5,
        6,
        13,
        12
      ],
      [
        6,
        0,
        7,
        13
      ]
    ],
    "face_material_idxs": [
      0,
      0,
      0,
      0,
      0,
      0,
      0,
      0,
      0
    ]
  },
  {
    "name": "asu_buildings",
    "label": "buildings",
    "id": 1,
    "face_vertex_idxs": [
      [
        14,
        15,
        16,
        17,
        18,
        19,
        20,
        21
      ],
      [
        22,
        23,
        24,
        25,
        26,
        27,
        28,
        29
      ],
      [
        14,
        15,
        23,
        22
      ],
      [
        15,
        16,
        24,
        23
      ],
      [
        16,
        17,
        25,
        24
      ],
      [
        17,
        18,
        26,
        25
      ],
      [
        18,
        19,
        27,
        26
      ],
      [
        19,
        20,
        28,
        27
      ],
      [
        20,
        21,
        29,
        28
      ],
      [
        21,
        14,
        22,
        29
      ]
    ],
    "face_material_idxs": [
      0,
      0,
      0,
      0,
      0,
      0,
      0,
      0,
      0,
      0
    ]
  },
  {
    "name": "asu_buildings",
    "label": "buildings",
    "id": 2,
    "face_vertex_idxs": [
      [
        30,
        31,
        32,
        33
      ],
      [
        34,
        35,
        36,
        37
      ],
      [
        30,
        31,
        35,
        34
      ],
      [
        31,
        32,
        36,
        35
      ],
      [
        32,
        33,
        37,
        36
      ],
      [
        33,
        30,
        34,
        37
      ]
    ],
    "face_material_idxs": [
      0,
      0,
      0,
      0,
      0,
      0
    ]
  },
  {
    "name": "asu_buildings",
    "label": "buildings",
    "id": 3,
    "face_vertex_idxs": [
      [
        38,
        39,
        40,
        41,
        42,
        43
      ],
      [
        44,
        45,
        46,
        47,
        48,
        49
      ],
      [
        38,
        39,
        45,
        44
      ],
      [
        39,
        40,
        46,
        45
      ],
      [
        40,
        41,
        47,
        46
      ],
      [
        41,
        42,
        48,
        47
      ],
      [
        42,
        43,
        49,
        48
      ],
      [
        43,
        38,
        44,
        49
      ]
    ],
    "face_material_idxs": [
      0,
      0,
      0,
      0,
      0,
      0,
      0,
      0
    ]
  },
  {
    "name": "asu_buildings",
    "label": "buildings",
    "id": 4,
    "face_vertex_idxs": [
      [
        50,
        51,
        52,
        53,
        54,
        55,
        56,
        57,
        58,
        59
      ],
      [
        60,
        61,
        62,
        63,
        64,
        65,
        66,
        67,
        68,
        69
      ],
      [
        50,
        51,
        61,
        60
      ],
      [
        51,
        52,
        62,
        61
      ],
      [
        52,
        53,
        63,
        62
      ],
      [
        53,
        54,
        64,
        63
      ],
      [
        54,
        55,
        65,
        64
      ],
      [
        55,
        56,
        66,
        65
      ],
      [
        56,
        57,
        67,
        66
      ],
      [
        57,
        58,
        68,
        67
      ],
      [
        58,
        59,
        69,
        68
      ],
      [
        59,
        50,
        60,
        69
      ]
    ],
    "face_material_idxs": [
      0,
      0,
      0,
      0,
      0,
      0,
      0,
      0,
      0,
      0,
      0,
      0
    ]
  },
  {
    "name": "asu_buildings",
    "label": "buildings",
    "id": 5,
    "face_vertex_idxs": [
      [
        70,
        71,
        72,
        73,
        74,
        75
      ],
      [
        76,
        77,
        78,
        79,
        80,
        81
      ],
      [
        70,
        71,
        77,
        76
      ],
      [
        71,
        72,
        78,
        77
      ],
      [
        72,
        73,
        79,
        78
      ],
      [
        73,
        74,
        80,
        79
      ],
      [
        74,
        75,
        81,
        80
      ],
      [
        75,
        70,
        76,
        81
      ]
    ],
    "face_material_idxs": [
      0,
      0,
      0,
      0,
      0,
      0,
      0,
      0
    ]
  },
  {
    "name": "asu_buildings",
    "label": "buildings",
    "id": 6,
    "face_vertex_idxs": [
      [
        82,
        83,
        84,
        85,
        86,
        87,
        88,
        89,
        90,
        91
      ],
      [
        92,
        93,
        94,
        95,
        96,
        97,
        98,
        99,
        100,
        101
      ],
      [
        82,
        83,
        93,
        92
      ],
      [
        83,
        84,
        94,
        93
      ],
      [
        84,
        85,
        95,
        94
      ],
      [
        85,
        86,
        96,
        95
      ],
      [
        86,
        87,
        97,
        96
      ],
      [
        87,
        88,
        98,
        97
      ],
      [
        88,
        89,
        99,
        98
      ],
      [
        89,
        90,
        100,
        99
      ],
      [
        90,
        91,
        101,
        100
      ],
      [
        91,
        82,
        92,
        101
      ]
    ],
    "face_material_idxs": [
      0,
      0,
      0,
      0,
      0,
      0,
      0,
      0,
      0,
      0,
      0,
      0
    ]
  },
  {
    "name": "asu_buildings",
    "label": "buildings",
    "id": 7,
    "face_vertex_idxs": [
      [
        102,
        103,
        104,
        105,
        106,
        107,
        108
      ],
      [
        109,
        110,
        111,
        112,
        113,
        114,
        115
      ],
      [
        102,
        103,
        110,
        109
      ],
      [
        103,
        104,
        111,
        110
      ],
      [
        104,
        105,
        112,
        111
      ],
      [
        105,
        106,
        113,
        112
      ],
      [
        106,
        107,
        114,
        113
      ],
      [
        107,
        108,
        115,
        114
      ],
      [
        108,
        102,
        109,
        115
      ]
    ],
    "face_material_idxs": [
      0,
      0,
      0,
      0,
      0,
      0,
      0,
      0,
      0
    ]
  },
  {
    "name": "asu_buildings",
    "label": "buildings",
    "id": 8,
    "face_vertex_idxs": [
      [
        116,
        117,
        118,
        119,
        120,
        121,
        122,
        123,
        124,
        125
      ],
      [
        126,
        127,
        128,
        129,
        130,
        131,
        132,
        133,
        134,
        135
      ],
      [
        116,
        117,
        127,
        126
      ],
      [
        117,
        118,
        128,
        127
      ],
      [
        118,
        119,
        129,
        128
      ],
      [
        119,
        120,
        130,
        129
      ],
      [
        120,
        121,
        131,
        130
      ],
      [
        121,
        122,
        132,
        131
      ],
      [
        122,
        123,
        133,
        132
      ],
      [
        123,
        124,
        134,
        133
      ],
      [
        124,
        125,
        135,
        134
      ],
      [
        125,
        116,
        126,
        135
      ]
    ],
    "face_material_idxs": [
      0,
      0,
      0,
      0,
      0,
      0,
      0,
      0,
      0,
      0,
      0,
      0
    ]
  },
  {
    "name": "asu_buildings",
    "label": "buildings",
    "id": 9,
    "face_vertex_idxs": [
      [
        136,
        137,
        138,
        139,
        140
      ],
      [
        141,
        142,
        143,
        144,
        145
      ],
      [
        136,
        137,
        142,
        141
      ],
      [
        137,
        138,
        143,
        142
      ],
      [
        138,
        139,
        144,
        143
      ],
      [
        139,
        140,
        145,
        144
      ],
      [
        140,
        136,
        141,
        145
      ]
    ],
    "face_material_idxs": [
      0,
      0,
      0,
      0,
      0,
      0,
      0
    ]
  },
  {
    "name": "asu_buildings",
    "label": "buildings",
    "id": 10,
    "face_vertex_idxs": [
      [
        146,
        147,
        148,
        149
      ],
      [
        150,
        151,
        152,
        153
      ],
      [
        146,
        147,
        151,
        150
      ],
      [
        147,
        148,
        152,
        151
      ],
      [
        148,
        149,
        153,
        152
      ],
      [
        149,
        146,
        150,
        153
      ]
    ],
    "face_material_idxs": [
      0,
      0,
      0,
      0,
      0,
      0
    ]
  },
  {
    "name": "asu_buildings",
    "label": "buildings",
    "id": 11,
    "face_vertex_idxs": [
      [
        154,
        155,
        156,
        157,
        158
      ],
      [
        159,
        160,
        161,
        162,
        163
      ],
      [
        154,
        155,
        160,
        159
      ],
      [
        155,
        156,
        161,
        160
      ],
      [
        156,
        157,
        162,
        161
      ],
      [
        157,
        158,
        163,
        162
      ],
      [
        158,
        154,
        159,
        163
      ]
    ],
    "face_material_idxs": [
      0,
      0,
      0,
      0,
      0,
      0,
      0
    ]
  },
  {
    "name": "asu_buildings",
    "label": "buildings",
    "id": 12,
    "face_vertex_idxs": [
      [
        164,
        165,
        166,
        167,
        168,
        169,
        170,
        171,
        172
      ],
      [
        173,
        174,
        175,
        176,
        177,
        178,
        179,
        180,
        181
      ],
      [
        164,
        165,
        174,
        173
      ],
      [
        165,
        166,
        175,
        174
      ],
      [
        166,
        167,
        176,
        175
      ],
      [
        167,
        168,
        177,
        176
      ],
      [
        168,
        169,
        178,
        177
      ],
      [
        169,
        170,
        179,
        178
      ],
      [
        170,
        171,
        180,
        179
      ],
      [
        171,
        172,
        181,
        180
      ],
      [
        172,
        164,
        173,
        181
      ]
    ],
    "face_material_idxs": [
      0,
      0,
      0,
      0,
      0,
      0,
      0,
      0,
      0,
      0,
      0
    ]
  },
  {
    "name": "asu_buildings",
    "label": "buildings",
    "id": 13,
    "face_vertex_idxs": [
      [
        182,
        183,
        184,
        185
      ],
      [
        186,
        187,
        188,
        189
      ],
      [
        182,
        183,
        187,
        186
      ],
      [
        183,
        184,
        188,
        187
      ],
      [
        184,
        185,
        189,
        188
      ],
      [
        185,
        182,
        186,
        189
      ]
    ],
    "face_material_idxs": [
      0,
      0,
      0,
      0,
      0,
      0
    ]
  },
  {
    "name": "asu_buildings",
    "label": "buildings",
    "id": 14,
    "face_vertex_idxs": [
      [
        190,
        191,
        192,
        193,
        194,
        195,
        196,
        197,
        198,
        199
      ],
      [
        200,
        201,
        202,
        203,
        204,
        205,
        206,
        207,
        208,
        209
      ],
      [
        190,
        191,
        201,
        200
      ],
      [
        191,
        192,
        202,
        201
      ],
      [
        192,
        193,
        203,
        202
      ],
      [
        193,
        194,
        204,
        203
      ],
      [
        194,
        195,
        205,
        204
      ],
      [
        195,
        196,
        206,
        205
      ],
      [
        196,
        197,
        207,
        206
      ],
      [
        197,
        198,
        208,
        207
      ],
      [
        198,
        199,
        209,
        208
      ],
      [
        199,
        190,
        200,
        209
      ]
    ],
    "face_material_idxs": [
      0,
      0,
      0,
      0,
      0,
      0,
      0,
      0,
      0,
      0,
      0,
      0
    ]
  },
  {
    "name": "asu_buildings",
    "label": "buildings",
    "id": 15,
    "face_vertex_idxs": [
      [
        210,
        211,
        212,
        213
      ],
      [
        214,
        215,
        216,
        217
      ],
      [
        210,
        211,
        215,
        214
      ],
      [
        211,
        212,
        216,
        215
      ],
      [
        212,
        213,
        217,
        216
      ],
      [
        213,
        210,
        214,
        217
      ]
    ],
    "face_material_idxs": [
      0,
      0,
      0,
      0,
      0,
      0
    ]
  },
  {
    "name": "asu_buildings",
    "label": "buildings",
    "id": 16,
    "face_vertex_idxs": [
      [
        218,
        219,
        220,
        221,
        222,
        223,
        224,
        225,
        226
      ],
      [
        227,
        228,
        229,
        230,
        231,
        232,
        233,
        234,
        235
      ],
      [
        218,
        219,
        228,
        227
      ],
      [
        219,
        220,
        229,
        228
      ],
      [
        220,
        221,
        230,
        229
      ],
      [
        221,
        222,
        231,
        230
      ],
      [
        222,
        223,
        232,
        231
      ],
      [
        223,
        224,
        233,
        232
      ],
      [
        224,
        225,
        234,
        233
      ],
      [
        225,
        226,
        235,
        234
      ],
      [
        226,
        218,
        227,
        235
      ]
    ],
    "face_material_idxs": [
      0,
      0,
      0,
      0,
      0,
      0,
      0,
      0,
      0,
      0,
      0
    ]
  },
  {
    "name": "asu_buildings",
    "label": "buildings",
    "id": 17,
    "face_vertex_idxs": [
      [
        236,
        237,
        238,
        239,
        240,
        241,
        242,
        243,
        244,
        245
      ],
      [
        246,
        247,
        248,
        249,
        250,
        251,
        252,
        253,
        254,
        255
      ],
      [
        236,
        237,
        247,
        246
      ],
      [
        237,
        238,
        248,
        247
      ],
      [
        238,
        239,
        249,
        248
      ],
      [
        239,
        240,
        250,
        249
      ],
      [
        240,
        241,
        251,
        250
      ],
      [
        241,
        242,
        252,
        251
      ],
      [
        242,
        243,
        253,
        252
      ],
      [
        243,
        244,
        254,
        253
      ],
      [
        244,
        245,
        255,
        254
      ],
      [
        245,
        236,
        246,
        255
      ]
    ],
    "face_material_idxs": [
      0,
      0,
      0,
      0,
      0,
      0,
      0,
      0,
      0,
      0,
      0,
      0
    ]
  },
  {
    "name": "asu_buildings",
    "label": "buildings",
    "id": 18,
    "face_vertex_idxs": [
      [
        256,
        257,
        258,
        259,
        260,
        261,
        262,
        263,
        264,
        265,
        266,
        267
      ],
      [
        268,
        269,
        270,
        271,
        272,
        273,
        274,
        275,
        276,
        277,
        278,
        279
      ],
      [
        256,
        257,
        269,
        268
      ],
      [
        257,
        258,
        270,
        269
      ],
      [
        258,
        259,
        271,
        270
      ],
      [
        259,
        260,
        272,
        271
      ],
      [
        260,
        261,
        273,
        272
      ],
      [
        261,
        262,
        274,
        273
      ],
      [
        262,
        263,
        275,
        274
      ],
      [
        263,
        264,
        276,
        275
      ],
      [
        264,
        265,
        277,
        276
      ],
      [
        265,
        266,
        278,
        277
      ],
      [
        266,
        267,
        279,
        278
      ],
      [
        267,
        256,
        268,
        279
      ]
    ],
    "face_material_idxs": [
      0,
      0,
      0,
      0,
      0,
      0,
      0,
      0,
      0,
      0,
      0,
      0,
      0,
      0
    ]
  },
  {
    "name": "asu_buildings",
    "label": "buildings",
    "id": 19,
    "face_vertex_idxs": [
      [
        280,
        281,
        282,
        283,
        284,
        285
      ],
      [
        286,
        287,
        288,
        289,
        290,
        291
      ],
      [
        280,
        281,
        287,
        286
      ],
      [
        281,
        282,
        288,
        287
      ],
      [
        282,
        283,
        289,
        288
      ],
      [
        283,
        284,
        290,
        289
      ],
      [
        284,
        285,
        291,
        290
      ],
      [
        285,
        280,
        286,
        291
      ]
    ],
    "face_material_idxs": [
      0,
      0,
      0,
      0,
      0,
      0,
      0,
      0
    ]
  },
  {
    "name": "asu_buildings",
    "label": "buildings",
    "id": 20,
    "face_vertex_idxs": [
      [
        292,
        293,
        294,
        295,
        296,
        297,
        298,
        299,
        300
      ],
      [
        301,
        302,
        303,
        304,
        305,
        306,
        307,
        308,
        309
      ],
      [
        292,
        293,
        302,
        301
      ],
      [
        293,
        294,
        303,
        302
      ],
      [
        294,
        295,
        304,
        303
      ],
      [
        295,
        296,
        305,
        304
      ],
      [
        296,
        297,
        306,
        305
      ],
      [
        297,
        298,
        307,
        306
      ],
      [
        298,
        299,
        308,
        307
      ],
      [
        299,
        300,
        309,
        308
      ],
      [
        300,
        292,
        301,
        309
      ]
    ],
    "face_material_idxs": [
      0,
      0,
      0,
      0,
      0,
      0,
      0,
      0,
      0,
      0,
      0
    ]
  },
  {
    "name": "asu_buildings",
    "label": "buildings",
    "id": 21,
    "face_vertex_idxs": [
      [
        310,
        311,
        312,
        313,
        314,
        315,
        316,
        317
      ],
      [
        318,
        319,
        320,
        321,
        322,
        323,
        324,
        325
      ],
      [
        310,
        311,
        319,
        318
      ],
      [
        311,
        312,
        320,
        319
      ],
      [
        312,
        313,
        321,
        320
      ],
      [
        313,
        314,
        322,
        321
      ],
      [
        314,
        315,
        323,
        322
      ],
      [
        315,
        316,
        324,
        323
      ],
      [
        316,
        317,
        325,
        324
      ],
      [
        317,
        310,
        318,
        325
      ]
    ],
    "face_material_idxs": [
      0,
      0,
      0,
      0,
      0,
      0,
      0,
      0,
      0,
      0
    ]
  },
  {
    "name": "asu_buildings",
    "label": "buildings",
    "id": 22,
    "face_vertex_idxs": [
      [
        326,
        327,
        328,
        329,
        330
      ],
      [
        331,
        332,
        333,
        334,
        335
      ],
      [
        326,
        327,
        332,
        331
      ],
      [
        327,
        328,
        333,
        332
      ],
      [
        328,
        329,
        334,
        333
      ],
      [
        329,
        330,
        335,
        334
      ],
      [
        330,
        326,
        331,
        335
      ]
    ],
    "face_material_idxs": [
      0,
      0,
      0,
      0,
      0,
      0,
      0
    ]
  },
  {
    "name": "asu_buildings",
    "label": "buildings",
    "id": 23,
    "face_vertex_idxs": [
      [
        336,
        337,
        338,
        339,
        340,
        341,
        342
      ],
      [
        343,
        344,
        345,
        346,
        347,
        348,
        349
      ],
      [
        336,
        337,
        344,
        343
      ],
      [
        337,
        338,
        345,
        344
      ],
      [
        338,
        339,
        346,
        345
      ],
      [
        339,
        340,
        347,
        346
      ],
      [
        340,
        341,
        348,
        347
      ],
      [
        341,
        342,
        349,
        348
      ],
      [
        342,
        336,
        343,
        349
      ]
    ],
    "face_material_idxs": [
      0,
      0,
      0,
      0,
      0,
      0,
      0,
      0,
      0
    ]
  },
  {
    "name": "asu_buildings",
    "label": "buildings",
    "id": 24,
    "face_vertex_idxs": [
      [
        350,
        351,
        352,
        353,
        354,
        355,
        356,
        357
      ],
      [
        358,
        359,
        360,
        361,
        362,
        363,
        364,
        365
      ],
      [
        350,
        351,
        359,
        358
      ],
      [
        351,
        352,
        360,
        359
      ],
      [
        352,
        353,
        361,
        360
      ],
      [
        353,
        354,
        362,
        361
      ],
      [
        354,
        355,
        363,
        362
      ],
      [
        355,
        356,
        364,
        363
      ],
      [
        356,
        357,
        365,
        364
      ],
      [
        357,
        350,
        358,
        365
      ]
    ],
    "face_material_idxs": [
      0,
      0,
      0,
      0,
      0,
      0,
      0,
      0,
      0,
      0
    ]
  },
  {
    "name": "asu_buildings",
    "label": "buildings",
    "id": 25,
    "face_vertex_idxs": [
      [
        366,
        367,
        368,
        369,
        370,
        371,
        372,
        373,
        374,
        375,
        376,
        377
      ],
      [
        378,
        379,
        380,
        381,
        382,
        383,
        384,
        385,
        386,
        387,
        388,
        389
      ],
      [
        366,
        367,
        379,
        378
      ],
      [
        367,
        368,
        380,
        379
      ],
      [
        368,
        369,
        381,
        380
      ],
      [
        369,
        370,
        382,
        381
      ],
      [
        370,
        371,
        383,
        382
      ],
      [
        371,
        372,
        384,
        383
      ],
      [
        372,
        373,
        385,
        384
      ],
      [
        373,
        374,
        386,
        385
      ],
      [
        374,
        375,
        387,
        386
      ],
      [
        375,
        376,
        388,
        387
      ],
      [
        376,
        377,
        389,
        388
      ],
      [
        377,
        366,
        378,
        389
      ]
    ],
    "face_material_idxs": [
      0,
      0,
      0,
      0,
      0,
      0,
      0,
      0,
      0,
      0,
      0,
      0,
      0,
      0
    ]
  },
  {
    "name": "asu_buildings",
    "label": "buildings",
    "id": 26,
    "face_vertex_idxs": [
      [
        390,
        391,
        392,
        393,
        394,
        395,
        396,
        397
      ],
      [
        398,
        399,
        400,
        401,
        402,
        403,
        404,
        405
      ],
      [
        390,
        391,
        399,
        398
      ],
      [
        391,
        392,
        400,
        399
      ],
      [
        392,
        393,
        401,
        400
      ],
      [
        393,
        394,
        402,
        401
      ],
      [
        394,
        395,
        403,
        402
      ],
      [
        395,
        396,
        404,
        403
      ],
      [
        396,
        397,
        405,
        404
      ],
      [
        397,
        390,
        398,
        405
      ]
    ],
    "face_material_idxs": [
      0,
      0,
      0,
      0,
      0,
      0,
      0,
      0,
      0,
      0
    ]
  },
  {
    "name": "asu_buildings",
    "label": "buildings",
    "id": 27,
    "face_vertex_idxs": [
      [
        406,
        407,
        408,
        409
      ],
      [
        410,
        411,
        412,
        413
      ],
      [
        406,
        407,
        411,
        410
      ],
      [
        407,
        408,
        412,
        411
      ],
      [
        408,
        409,
        413,
        412
      ],
      [
        409,
        406,
        410,
        413
      ]
    ],
    "face_material_idxs": [
      0,
      0,
      0,
      0,
      0,
      0
    ]
  },
  {
    "name": "asu_buildings",
    "label": "buildings",
    "id": 28,
    "face_vertex_idxs": [
      [
        414,
        415,
        416,
        417,
        418,
        419,
        420,
        421,
        422
      ],
      [
        423,
        424,
        425,
        426,
        427,
        428,
        429,
        430,
        431
      ],
      [
        414,
        415,
        424,
        423
      ],
      [
        415,
        416,
        425,
        424
      ],
      [
        416,
        417,
        426,
        425
      ],
      [
        417,
        418,
        427,
        426
      ],
      [
        418,
        419,
        428,
        427
      ],
      [
        419,
        420,
        429,
        428
      ],
      [
        420,
        421,
        430,
        429
      ],
      [
        421,
        422,
        431,
        430
      ],
      [
        422,
        414,
        423,
        431
      ]
    ],
    "face_material_idxs": [
      0,
      0,
      0,
      0,
      0,
      0,
      0,
      0,
      0,
      0,
      0
    ]
  },
  {
    "name": "asu_buildings",
    "label": "buildings",
    "id": 29,
    "face_vertex_idxs": [
      [
        432,
        433,
        434,
        435,
        436,
        437,
        438,
        439,
        440
      ],
      [
        441,
        442,
        443,
        444,
        445,
        446,
        447,
        448,
        449
      ],
      [
        432,
        433,
        442,
        441
      ],
      [
        433,
        434,
        443,
        442
      ],
      [
        434,
        435,
        444,
        443
      ],
      [
        435,
        436,
        445,
        444
      ],
      [
        436,
        437,
        446,
        445
      ],
      [
        437,
        438,
        447,
        446
      ],
      [
        438,
        439,
        448,
        447
      ],
      [
        439,
        440,
        449,
        448
      ],
      [
        440,
        432,
        441,
        449
      ]
    ],
    "face_material_idxs": [
      0,
      0,
      0,
      0,
      0,
      0,
      0,
      0,
      0,
      0,
      0
    ]
  },
  {
    "name": "asu_buildings",
    "label": "buildings",
    "id": 30,
    "face_vertex_idxs": [
      [
        450,
        451,
        452,
        453,
        454,
        455
      ],
      [
        456,
        457,
        458,
        459,
        460,
        461
      ],
      [
        450,
        451,
        457,
        456
      ],
      [
        451,
        452,
        458,
        457
      ],
      [
        452,
        453,
        459,
        458
      ],
      [
        453,
        454,
        460,
        459
      ],
      [
        454,
        455,
        461,
        460
      ],
      [
        455,
        450,
        456,
        461
      ]
    ],
    "face_material_idxs": [
      0,
      0,
      0,
      0,
      0,
      0,
      0,
      0
    ]
  },
  {
    "name": "asu_buildings",
    "label": "buildings",
    "id": 31,
    "face_vertex_idxs": [
      [
        462,
        463,
        464,
        465
      ],
      [
        466,
        467,
        468,
        469
      ],
      [
        462,
        463,
        467,
        466
      ],
      [
        463,
        464,
        468,
        467
      ],
      [
        464,
        465,
        469,
        468
      ],
      [
        465,
        462,
        466,
        469
      ]
    ],
    "face_material_idxs": [
      0,
      0,
      0,
      0,
      0,
      0
    ]
  },
  {
    "name": "asu_buildings",
    "label": "buildings",
    "id": 32,
    "face_vertex_idxs": [
      [
        470,
        471,
        472,
        473
      ],
      [
        474,
        475,
        476,
        477
      ],
      [
        470,
        471,
        475,
        474
      ],
      [
        471,
        472,
        476,
        475
      ],
      [
        472,
        473,
        477,
        476
      ],
      [
        473,
        470,
        474,
        477
      ]
    ],
    "face_material_idxs": [
      0,
      0,
      0,
      0,
      0,
      0
    ]
  },
  {
    "name": "asu_buildings",
    "label": "buildings",
    "id": 33,
    "face_vertex_idxs": [
      [
        478,
        479,
        480,
        481
      ],
      [
        482,
        483,
        484,
        485
      ],
      [
        478,
        479,
        483,
        482
      ],
      [
        479,
        480,
        484,
        483
      ],
      [
        480,
        481,
        485,
        484
      ],
      [
        481,
        478,
        482,
        485
      ]
    ],
    "face_material_idxs": [
      0,
      0,
      0,
      0,
      0,
      0
    ]
  },
  {
    "name": "asu_buildings",
    "label": "buildings",
    "id": 34,
    "face_vertex_idxs": [
      [
        486,
        487,
        488,
        489,
        490,
        491,
        492,
        493,
        494,
        495,
        496,
        497,
        498
      ],
      [
        499,
        500,
        501,
        502,
        503,
        504,
        505,
        506,
        507,
        508,
        509,
        510,
        511
      ],
      [
        486,
        487,
        500,
        499
      ],
      [
        487,
        488,
        501,
        500
      ],
      [
        488,
        489,
        502,
        501
      ],
      [
        489,
        490,
        503,
        502
      ],
      [
        490,
        491,
        504,
        503
      ],
      [
        491,
        492,
        505,
        504
      ],
      [
        492,
        493,
        506,
        505
      ],
      [
        493,
        494,
        507,
        506
      ],
      [
        494,
        495,
        508,
        507
      ],
      [
        495,
        496,
        509,
        508
      ],
      [
        496,
        497,
        510,
        509
      ],
      [
        497,
        498,
        511,
        510
      ],
      [
        498,
        486,
        499,
        511
      ]
    ],
    "face_material_idxs": [
      0,
      0,
      0,
      0,
      0,
      0,
      0,
      0,
      0,
      0,
      0,
      0,
      0,
      0,
      0
    ]
  },
  {
    "name": "asu_plane",
    "label": "terrain",
    "id": 35,
    "face_vertex_idxs": [
      [
        512,
        513,
        514,
        515
      ],
      [
        512,
        513,
        514,
        515
      ],
      [
        512,
        513
      ],
      [
        513,
        514
      ],
      [
        514,
        515
      ],
      [
        515,
        512
      ]
    ],
    "face_material_idxs": [
      0,
      0,
      0,
      0,
      0,
      0
    ]
  }
]