[
  {
    "name": "buildings_0",
    "label": "buildings",
    "id": 0,
    "face_vertex_idxs": [
      [
        0,
        1,
        2,
        3,
        4,
        5
      ],
      [
        6,
        7,
        8,
        9,
        10,
        11
      ],
      [
        0,
        1,
        7,
        6
      ],
      [
        1,
        2,
        8,
        7
      ],
      [
        2,
        3,
        9,
        8
      ],
      [
        3,
        4,
        10,
        9
      ],
      [
        4,
        5,
        11,
        10
      ],
      [
        5,
        0,
        6,
        11
      ]
    ],
    "face_material_idxs": [
      0,
      0,
      0,
      0,
      0,
      0,
      0,
      0
    ]
  },
  {
    "name": "buildings_0_1",
    "label": "buildings",
    "id": 1,
    "face_vertex_idxs": [
      [
        12,
        13,
        14,
        15,
        16
      ],
      [
        17,
        18,
        19,
        20,
        21
      ],
      [
        12,
        13,
        18,
        17
      ],
      [
        13,
        14,
        19,
        18
      ],
      [
        14,
        15,
        20,
        19
      ],
      [
        15,
        16,
        21,
        20
      ],
      [
        16,
        12,
        17,
        21
      ]
    ],
    "face_material_idxs": [
      0,
      0,
      0,
      0,
      0,
      0,
      0
    ]
  },
  {
    "name": "buildings_0_1_2",
    "label": "buildings",
    "id": 2,
    "face_vertex_idxs": [
      [
        22,
        23,
        24,
        25
      ],
      [
        26,
        27,
        28,
        29
      ],
      [
        22,
        23,
        27,
        26
      ],
      [
        23,
        24,
        28,
        27
      ],
      [
        24,
        25,
        29,
        28
      ],
      [
        25,
        22,
        26,
        29
      ]
    ],
    "face_material_idxs": [
      0,
      0,
      0,
      0,
      0,
      0
    ]
  },
  {
    "name": "buildings_0_1_2_3",
    "label": "buildings",
    "id": 3,
    "face_vertex_idxs": [
      [
        30,
        31,
        32,
        33
      ],
      [
        34,
        35,
        36,
        37
      ],
      [
        30,
        31,
        35,
        34
      ],
      [
        31,
        32,
        36,
        35
      ],
      [
        32,
        33,
        37,
        36
      ],
      [
        33,
        30,
        34,
        37
      ]
    ],
    "face_material_idxs": [
      0,
      0,
      0,
      0,
      0,
      0
    ]
  },
  {
    "name": "buildings_0_1_2_3_4",
    "label": "buildings",
    "id": 4,
    "face_vertex_idxs": [
      [
        38,
        39,
        40,
        41,
        42,
        43
      ],
      [
        44,
        45,
        46,
        47,
        48,
        49
      ],
      [
        38,
        39,
        45,
        44
      ],
      [
        39,
        40,
        46,
        45
      ],
      [
        40,
        41,
        47,
        46
      ],
      [
        41,
        42,
        48,
        47
      ],
      [
        42,
        43,
        49,
        48
      ],
      [
        43,
        38,
        44,
        49
      ]
    ],
    "face_material_idxs": [
      0,
      0,
      0,
      0,
      0,
      0,
      0,
      0
    ]
  },
  {
    "name": "buildings_0_1_2_3_4_5",
    "label": "buildings",
    "id": 5,
    "face_vertex_idxs": [
      [
        50,
        51,
        52,
        53
      ],
      [
        54,
        55,
        56,
        57
      ],
      [
        50,
        51,
        55,
        54
      ],
      [
        51,
        52,
        56,
        55
      ],
      [
        52,
        53,
        57,
        56
      ],
      [
        53,
        50,
        54,
        57
      ]
    ],
    "face_material_idxs": [
      0,
      0,
      0,
      0,
      0,
      0
    ]
  },
  {
    "name": "buildings_0_1_2_3_4_5_6",
    "label": "buildings",
    "id": 6,
    "face_vertex_idxs": [
      [
        58,
        59,
        60,
        61,
        62,
        63
      ],
      [
        64,
        65,
        66,
        67,
        68,
        69
      ],
      [
        58,
        59,
        65,
        64
      ],
      [
        59,
        60,
        66,
        65
      ],
      [
        60,
        61,
        67,
        66
      ],
      [
        61,
        62,
        68,
        67
      ],
      [
        62,
        63,
        69,
        68
      ],
      [
        63,
        58,
        64,
        69
      ]
    ],
    "face_material_idxs": [
      0,
      0,
      0,
      0,
      0,
      0,
      0,
      0
    ]
  },
  {
    "name": "buildings_0_1_2_3_4_5_6_7",
    "label": "buildings",
    "id": 7,
    "face_vertex_idxs": [
      [
        70,
        71,
        72,
        73
      ],
      [
        74,
        75,
        76,
        77
      ],
      [
        70,
        71,
        75,
        74
      ],
      [
        71,
        72,
        76,
        75
      ],
      [
        72,
        73,
        77,
        76
      ],
      [
        73,
        70,
        74,
        77
      ]
    ],
    "face_material_idxs": [
      0,
      0,
      0,
      0,
      0,
      0
    ]
  },
  {
    "name": "buildings_0_1_2_3_4_5_6_7_8",
    "label": "buildings",
    "id": 8,
    "face_vertex_idxs": [
      [
        78,
        79,
        80,
        81,
        82,
        83
      ],
      [
        84,
        85,
        86,
        87,
        88,
        89
      ],
      [
        78,
        79,
        85,
        84
      ],
      [
        79,
        80,
        86,
        85
      ],
      [
        80,
        81,
        87,
        86
      ],
      [
        81,
        82,
        88,
        87
      ],
      [
        82,
        83,
        89,
        88
      ],
      [
        83,
        78,
        84,
        89
      ]
    ],
    "face_material_idxs": [
      0,
      0,
      0,
      0,
      0,
      0,
      0,
      0
    ]
  },
  {
    "name": "buildings_0_1_2_3_4_5_6_7_8_9",
    "label": "buildings",
    "id": 9,
    "face_vertex_idxs": [
      [
        90,
        91,
        92,
        93
      ],
      [
        94,
        95,
        96,
        97
      ],
      [
        90,
        91,
        95,
        94
      ],
      [
        91,
        92,
        96,
        95
      ],
      [
        92,
        93,
        97,
        96
      ],
      [
        93,
        90,
        94,
        97
      ]
    ],
    "face_material_idxs": [
      0,
      0,
      0,
      0,
      0,
      0
    ]
  },
  {
    "name": "buildings_0_1_2_3_4_5_6_7_8_9_10",
    "label": "buildings",
    "id": 10,
    "face_vertex_idxs": [
      [
        98,
        99,
        100,
        101,
        102,
        103
      ],
      [
        104,
        105,
        106,
        107,
        108,
        109
      ],
      [
        98,
        99,
        105,
        104
      ],
      [
        99,
        100,
        106,
        105
      ],
      [
        100,
        101,
        107,
        106
      ],
      [
        101,
        102,
        108,
        107
      ],
      [
        102,
        103,
        109,
        108
      ],
      [
        103,
        98,
        104,
        109
      ]
    ],
    "face_material_idxs": [
      0,
      0,
      0,
      0,
      0,
      0,
      0,
      0
    ]
  },
  {
    "name": "buildings_0_1_2_3_4_5_6_7_8_9_10_11",
    "label": "buildings",
    "id": 11,
    "face_vertex_idxs": [
      [
        110,
        111,
        112,
        113,
        114,
        115,
        116
      ],
      [
        117,
        118,
        119,
        120,
        121,
        122,
        123
      ],
      [
        110,
        111,
        118,
        117
      ],
      [
        111,
        112,
        119,
        118
      ],
      [
        112,
        113,
        120,
        119
      ],
      [
        113,
        114,
        121,
        120
      ],
      [
        114,
        115,
        122,
        121
      ],
      [
        115,
        116,
        123,
        122
      ],
      [
        116,
        110,
        117,
        123
      ]
    ],
    "face_material_idxs": [
      0,
      0,
      0,
      0,
      0,
      0,
      0,
      0,
      0
    ]
  },
  {
    "name": "buildings_0_1_2_3_4_5_6_7_8_9_10_11_12",
    "label": "buildings",
    "id": 12,
    "face_vertex_idxs": [
      [
        124,
        125,
        126,
        127,
        128
      ],
      [
        129,
        130,
        131,
        132,
        133
      ],
      [
        124,
        125,
        130,
        129
      ],
      [
        125,
        126,
        131,
        130
      ],
      [
        126,
        127,
        132,
        131
      ],
      [
        127,
        128,
        133,
        132
      ],
      [
        128,
        124,
        129,
        133
      ]
    ],
    "face_material_idxs": [
      0,
      0,
      0,
      0,
      0,
      0,
      0
    ]
  },
  {
    "name": "buildings_0_1_2_3_4_5_6_7_8_9_10_11_12_13",
    "label": "buildings",
    "id": 13,
    "face_vertex_idxs": [
      [
        134,
        135,
        136,
        137,
        138
      ],
      [
        139,
        140,
        141,
        142,
        143
      ],
      [
        134,
        135,
        140,
        139
      ],
      [
        135,
        136,
        141,
        140
      ],
      [
        136,
        137,
        142,
        141
      ],
      [
        137,
        138,
        143,
        142
      ],
      [
        138,
        134,
        139,
        143
      ]
    ],
    "face_material_idxs": [
      0,
      0,
      0,
      0,
      0,
      0,
      0
    ]
  },
  {
    "name": "buildings_0_1_2_3_4_5_6_7_8_9_10_11_12_13_14",
    "label": "buildings",
    "id": 14,
    "face_vertex_idxs": [
      [
        144,
        145,
        146,
        147
      ],
      [
        148,
        149,
        150,
        151
      ],
      [
        144,
        145,
        149,
        148
      ],
      [
        145,
        146,
        150,
        149
      ],
      [
        146,
        147,
        151,
        150
      ],
      [
        147,
        144,
        148,
        151
      ]
    ],
    "face_material_idxs": [
      0,
      0,
      0,
      0,
      0,
      0
    ]
  },
  {
    "name": "buildings_0_1_2_3_4_5_6_7_8_9_10_11_12_13_14_15",
    "label": "buildings",
    "id": 15,
    "face_vertex_idxs": [
      [
        152,
        153,
        154,
        155
      ],
      [
        156,
        157,
        158,
        159
      ],
      [
        152,
        153,
        157,
        156
      ],
      [
        153,
        154,
        158,
        157
      ],
      [
        154,
        155,
        159,
        158
      ],
      [
        155,
        152,
        156,
        159
      ]
    ],
    "face_material_idxs": [
      0,
      0,
      0,
      0,
      0,
      0
    ]
  },
  {
    "name": "buildings_0_1_2_3_4_5_6_7_8_9_10_11_12_13_14_15_16",
    "label": "buildings",
    "id": 16,
    "face_vertex_idxs": [
      [
        160,
        161,
        162,
        163,
        164,
        165
      ],
      [
        166,
        167,
        168,
        169,
        170,
        171
      ],
      [
        160,
        161,
        167,
        166
      ],
      [
        161,
        162,
        168,
        167
      ],
      [
        162,
        163,
        169,
        168
      ],
      [
        163,
        164,
        170,
        169
      ],
      [
        164,
        165,
        171,
        170
      ],
      [
        165,
        160,
        166,
        171
      ]
    ],
    "face_material_idxs": [
      0,
      0,
      0,
      0,
      0,
      0,
      0,
      0
    ]
  },
  {
    "name": "buildings_0_1_2_3_4_5_6_7_8_9_10_11_12_13_14_15_16_17",
    "label": "buildings",
    "id": 17,
    "face_vertex_idxs": [
      [
        172,
        173,
        174,
        175,
        176
      ],
      [
        177,
        178,
        179,
        180,
        181
      ],
      [
        172,
        173,
        178,
        177
      ],
      [
        173,
        174,
        179,
        178
      ],
      [
        174,
        175,
        180,
        179
      ],
      [
        175,
        176,
        181,
        180
      ],
      [
        176,
        172,
        177,
        181
      ]
    ],
    "face_material_idxs": [
      0,
      0,
      0,
      0,
      0,
      0,
      0
    ]
  },
  {
    "name": "buildings_0_1_2_3_4_5_6_7_8_9_10_11_12_13_14_15_16_17_18",
    "label": "buildings",
    "id": 18,
    "face_vertex_idxs": [
      [
        182,
        183,
        184,
        185
      ],
      [
        186,
        187,
        188,
        189
      ],
      [
        182,
        183,
        187,
        186
      ],
      [
        183,
        184,
        188,
        187
      ],
      [
        184,
        185,
        189,
        188
      ],
      [
        185,
        182,
        186,
        189
      ]
    ],
    "face_material_idxs": [
      0,
      0,
      0,
      0,
      0,
      0
    ]
  },
  {
    "name": "buildings_0_1_2_3_4_5_6_7_8_9_10_11_12_13_14_15_16_17_18_19",
    "label": "buildings",
    "id": 19,
    "face_vertex_idxs": [
      [
        190,
        191,
        192,
        193,
        194,
        195
      ],
      [
        196,
        197,
        198,
        199,
        200,
        201
      ],
      [
        190,
        191,
        197,
        196
      ],
      [
        191,
        192,
        198,
        197
      ],
      [
        192,
        193,
        199,
        198
      ],
      [
        193,
        194,
        200,
        199
      ],
      [
        194,
        195,
        201,
        200
      ],
      [
        195,
        190,
        196,
        201
      ]
    ],
    "face_material_idxs": [
      0,
      0,
      0,
      0,
      0,
      0,
      0,
      0
    ]
  },
  {
    "name": "buildings_0_1_2_3_4_5_6_7_8_9_10_11_12_13_14_15_16_17_18_19_20",
    "label": "buildings",
    "id": 20,
    "face_vertex_idxs": [
      [
        202,
        203,
        204,
        205
      ],
      [
        206,
        207,
        208,
        209
      ],
      [
        202,
        203,
        207,
        206
      ],
      [
        203,
        204,
        208,
        207
      ],
      [
        204,
        205,
        209,
        208
      ],
      [
        205,
        202,
        206,
        209
      ]
    ],
    "face_material_idxs": [
      0,
      0,
      0,
      0,
      0,
      0
    ]
  },
  {
    "name": "buildings_0_1_2_3_4_5_6_7_8_9_10_11_12_13_14_15_16_17_18_19_20_21",
    "label": "buildings",
    "id": 21,
    "face_vertex_idxs": [
      [
        210,
        211,
        212,
        213
      ],
      [
        214,
        215,
        216,
        217
      ],
      [
        210,
        211,
        215,
        214
      ],
      [
        211,
        212,
        216,
        215
      ],
      [
        212,
        213,
        217,
        216
      ],
      [
        213,
        210,
        214,
        217
      ]
    ],
    "face_material_idxs": [
      0,
      0,
      0,
      0,
      0,
      0
    ]
  },
  {
    "name": "buildings_0_1_2_3_4_5_6_7_8_9_10_11_12_13_14_15_16_17_18_19_20_21_22",
    "label": "buildings",
    "id": 22,
    "face_vertex_idxs": [
      [
        218,
        219,
        220,
        221,
        222,
        223,
        224,
        225
      ]
    ],
    "face_material_idxs": [
      0
    ]
  },
  {
    "name": "buildings_0_1_2_3_4_5_6_7_8_9_10_11_12_13_14_15_16_17_18_19_20_21_22_23",
    "label": "buildings",
    "id": 23,
    "face_vertex_idxs": [
      [
        226,
        227,
        228,
        229,
        230,
        231,
        232
      ]
    ],
    "face_material_idxs": [
      0
    ]
  },
  {
    "name": "buildings_0_1_2_3_4_5_6_7_8_9_10_11_12_13_14_15_16_17_18_19_20_21_22_23_24",
    "label": "buildings",
    "id": 24,
    "face_vertex_idxs": [
      [
        233,
        234,
        235,
        236,
        237,
        238,
        239,
        240
      ]
    ],
    "face_material_idxs": [
      0
    ]
  },
  {
    "name": "buildings_0_1_2_3_4_5_6_7_8_9_10_11_12_13_14_15_16_17_18_19_20_21_22_23_24_25",
    "label": "buildings",
    "id": 25,
    "face_vertex_idxs": [
      [
        241,
        242,
        243,
        244,
        245,
        246,
        247,
        248,
        249
      ]
    ],
    "face_material_idxs": [
      0
    ]
  },
  {
    "name": "buildings_0_1_2_3_4_5_6_7_8_9_10_11_12_13_14_15_16_17_18_19_20_21_22_23_24_25_26",
    "label": "buildings",
    "id": 26,
    "face_vertex_idxs": [
      [
        250,
        251,
        252,
        253,
        254,
        255
      ]
    ],
    "face_material_idxs": [
      0
    ]
  },
  {
    "name": "buildings_0_1_2_3_4_5_6_7_8_9_10_11_12_13_14_15_16_17_18_19_20_21_22_23_24_25_26_27",
    "label": "buildings",
    "id": 27,
    "face_vertex_idxs": [
      [
        256,
        257,
        258,
        259,
        260,
        261,
        262,
        263
      ]
    ],
    "face_material_idxs": [
      0
    ]
  },
  {
    "name": "buildings_0_1_2_3_4_5_6_7_8_9_10_11_12_13_14_15_16_17_18_19_20_21_22_23_24_25_26_27_28",
    "label": "buildings",
    "id": 28,
    "face_vertex_idxs": [
      [
        264,
        265,
        266,
        267,
        268,
        269
      ]
    ],
    "face_material_idxs": [
      0
    ]
  },
  {
    "name": "buildings_0_1_2_3_4_5_6_7_8_9_10_11_12_13_14_15_16_17_18_19_20_21_22_23_24_25_26_27_28_29",
    "label": "buildings",
    "id": 29,
    "face_vertex_idxs": [
      [
        270,
        271,
        272,
        273,
        274,
        275,
        276
      ]
    ],
    "face_material_idxs": [
      0
    ]
  },
  {
    "name": "buildings_0_1_2_3_4_5_6_7_8_9_10_11_12_13_14_15_16_17_18_19_20_21_22_23_24_25_26_27_28_29_30",
    "label": "buildings",
    "id": 30,
    "face_vertex_idxs": [
      [
        277,
        278,
        279,
        280,
        281,
        282
      ]
    ],
    "face_material_idxs": [
      0
    ]
  },
  {
    "name": "buildings_0_1_2_3_4_5_6_7_8_9_10_11_12_13_14_15_16_17_18_19_20_21_22_23_24_25_26_27_28_29_30_31",
    "label": "buildings",
    "id": 31,
    "face_vertex_idxs": [
      [
        283,
        284,
        285,
        286,
        287,
        288,
        289,
        290,
        291
      ]
    ],
    "face_material_idxs": [
      0
    ]
  },
  {
    "name": "buildings_0_1_2_3_4_5_6_7_8_9_10_11_12_13_14_15_16_17_18_19_20_21_22_23_24_25_26_27_28_29_30_31_32",
    "label": "buildings",
    "id": 32,
    "face_vertex_idxs": [
      [
        292,
        293,
        294,
        295,
        296,
        297,
        298,
        299,
        300
      ]
    ],
    "face_material_idxs": [
      0
    ]
  },
  {
    "name": "buildings_0_1_2_3_4_5_6_7_8_9_10_11_12_13_14_15_16_17_18_19_20_21_22_23_24_25_26_27_28_29_30_31_32_33",
    "label": "buildings",
    "id": 33,
    "face_vertex_idxs": [
      [
        301,
        302,
        303,
        304,
        305
      ]
    ],
    "face_material_idxs": [
      0
    ]
  },
  {
    "name": "buildings_0_1_2_3_4_5_6_7_8_9_10_11_12_13_14_15_16_17_18_19_20_21_22_23_24_25_26_27_28_29_30_31_32_33_34",
    "label": "buildings",
    "id": 34,
    "face_vertex_idxs": [
      [
        306,
        307,
        308,
        309,
        310,
        311,
        312,
        313,
        314
      ]
    ],
    "face_material_idxs": [
      0
    ]
  },
  {
    "name": "buildings_0_1_2_3_4_5_6_7_8_9_10_11_12_13_14_15_16_17_18_19_20_21_22_23_24_25_26_27_28_29_30_31_32_33_34_35",
    "label": "buildings",
    "id": 35,
    "face_vertex_idxs": [
      [
        315,
        316,
        317,
        318,
        319,
        320
      ]
    ],
    "face_material_idxs": [
      0
    ]
  },
  {
    "name": "buildings_0_1_2_3_4_5_6_7_8_9_10_11_12_13_14_15_16_17_18_19_20_21_22_23_24_25_26_27_28_29_30_31_32_33_34_35_36",
    "label": "buildings",
    "id": 36,
    "face_vertex_idxs": [
      [
        321,
        322,
        323,
        324,
        325
      ]
    ],
    "face_material_idxs": [
      0
    ]
  },
  {
    "name": "buildings_0_1_2_3_4_5_6_7_8_9_10_11_12_13_14_15_16_17_18_19_20_21_22_23_24_25_26_27_28_29_30_31_32_33_34_35_36_37",
    "label": "buildings",
    "id": 37,
    "face_vertex_idxs": [
      [
        326,
        327,
        328,
        329,
        330
      ]
    ],
    "face_material_idxs": [
      0
    ]
  },
  {
    "name": "buildings_0_1_2_3_4_5_6_7_8_9_10_11_12_13_14_15_16_17_18_19_20_21_22_23_24_25_26_27_28_29_30_31_32_33_34_35_36_37_38",
    "label": "buildings",
    "id": 38,
    "face_vertex_idxs": [
      [
        331,
        332,
        333,
        334,
        335
      ]
    ],
    "face_material_idxs": [
      0
    ]
  },
  {
    "name": "buildings_0_1_2_3_4_5_6_7_8_9_10_11_12_13_14_15_16_17_18_19_20_21_22_23_24_25_26_27_28_29_30_31_32_33_34_35_36_37_38_39",
    "label": "buildings",
    "id": 39,
    "face_vertex_idxs": [
      [
        336,
        337,
        338,
        339,
        340
      ]
    ],
    "face_material_idxs": [
      0
    ]
  },
  {
    "name": "buildings_0_1_2_3_4_5_6_7_8_9_10_11_12_13_14_15_16_17_18_19_20_21_22_23_24_25_26_27_28_29_30_31_32_33_34_35_36_37_38_39_40",
    "label": "buildings",
    "id": 40,
    "face_vertex_idxs": [
      [
        341,
        342,
        343,
        344
      ]
    ],
    "face_material_idxs": [
      0
    ]
  },
  {
    "name": "buildings_0_1_2_3_4_5_6_7_8_9_10_11_12_13_14_15_16_17_18_19_20_21_22_23_24_25_26_27_28_29_30_31_32_33_34_35_36_37_38_39_40_41",
    "label": "buildings",
    "id": 41,
    "face_vertex_idxs": [
      [
        345,
        346,
        347,
        348,
        349
      ]
    ],
    "face_material_idxs": [
      0
    ]
  },
  {
    "name": "buildings_0_1_2_3_4_5_6_7_8_9_10_11_12_13_14_15_16_17_18_19_20_21_22_23_24_25_26_27_28_29_30_31_32_33_34_35_36_37_38_39_40_41_42",
    "label": "buildings",
    "id": 42,
    "face_vertex_idxs": [
      [
        350,
        351,
        352,
        353,
        354
      ]
    ],
    "face_material_idxs": [
      0
    ]
  },
  {
    "name": "buildings_0_1_2_3_4_5_6_7_8_9_10_11_12_13_14_15_16_17_18_19_20_21_22_23_24_25_26_27_28_29_30_31_32_33_34_35_36_37_38_39_40_41_42_43",
    "label": "buildings",
    "id": 43,
    "face_vertex_idxs": [
      [
        355,
        356,
        357,
        358,
        359
      ]
    ],
    "face_material_idxs": [
      0
    ]
  },
  {
    "name": "buildings_0_1_2_3_4_5_6_7_8_9_10_11_12_13_14_15_16_17_18_19_20_21_22_23_24_25_26_27_28_29_30_31_32_33_34_35_36_37_38_39_40_41_42_43_44",
    "label": "buildings",
    "id": 44,
    "face_vertex_idxs": [
      [
        360,
        361,
        362,
        363,
        364
      ]
    ],
    "face_material_idxs": [
      0
    ]
  },
  {
    "name": "buildings_0_1_2_3_4_5_6_7_8_9_10_11_12_13_14_15_16_17_18_19_20_21_22_23_24_25_26_27_28_29_30_31_32_33_34_35_36_37_38_39_40_41_42_43_44_45",
    "label": "buildings",
    "id": 45,
    "face_vertex_idxs": [
      [
        365,
        366,
        367,
        368,
        369,
        370,
        371,
        372
      ]
    ],
    "face_material_idxs": [
      0
    ]
  },
  {
    "name": "buildings_0_1_2_3_4_5_6_7_8_9_10_11_12_13_14_15_16_17_18_19_20_21_22_23_24_25_26_27_28_29_30_31_32_33_34_35_36_37_38_39_40_41_42_43_44_45_46",
    "label": "buildings",
    "id": 46,
    "face_vertex_idxs": [
      [
        373,
        374,
        375,
        376
      ]
    ],
    "face_material_idxs": [
      0
    ]
  },
  {
    "name": "buildings_0_1_2_3_4_5_6_7_8_9_10_11_12_13_14_15_16_17_18_19_20_21_22_23_24_25_26_27_28_29_30_31_32_33_34_35_36_37_38_39_40_41_42_43_44_45_46_47",
    "label": "buildings",
    "id": 47,
    "face_vertex_idxs": [
      [
        377,
        378,
        379,
        380,
        381
      ]
    ],
    "face_material_idxs": [
      0
    ]
  },
  {
    "name": "buildings_0_1_2_3_4_5_6_7_8_9_10_11_12_13_14_15_16_17_18_19_20_21_22_23_24_25_26_27_28_29_30_31_32_33_34_35_36_37_38_39_40_41_42_43_44_45_46_47_48",
    "label": "buildings",
    "id": 48,
    "face_vertex_idxs": [
      [
        382,
        383,
        384,
        385,
        386
      ]
    ],
    "face_material_idxs": [
      0
    ]
  },
  {
    "name": "buildings_0_1_2_3_4_5_6_7_8_9_10_11_12_13_14_15_16_17_18_19_20_21_22_23_24_25_26_27_28_29_30_31_32_33_34_35_36_37_38_39_40_41_42_43_44_45_46_47_48_49",
    "label": "buildings",
    "id": 49,
    "face_vertex_idxs": [
      [
        387,
        388,
        389,
        390,
        391
      ]
    ],
    "face_material_idxs": [
      0
    ]
  },
  {
    "name": "buildings_0_1_2_3_4_5_6_7_8_9_10_11_12_13_14_15_16_17_18_19_20_21_22_23_24_25_26_27_28_29_30_31_32_33_34_35_36_37_38_39_40_41_42_43_44_45_46_47_48_49_50",
    "label": "buildings",
    "id": 50,
    "face_vertex_idxs": [
      [
        392,
        393,
        394,
        395,
        396,
        397,
        398
      ]
    ],
    "face_material_idxs": [
      0
    ]
  },
  {
    "name": "buildings_0_1_2_3_4_5_6_7_8_9_10_11_12_13_14_15_16_17_18_19_20_21_22_23_24_25_26_27_28_29_30_31_32_33_34_35_36_37_38_39_40_41_42_43_44_45_46_47_48_49_50_51",
    "label": "buildings",
    "id": 51,
    "face_vertex_idxs": [
      [
        399,
        400,
        401,
        402
      ]
    ],
    "face_material_idxs": [
      0
    ]
  },
  {
    "name": "buildings_0_1_2_3_4_5_6_7_8_9_10_11_12_13_14_15_16_17_18_19_20_21_22_23_24_25_26_27_28_29_30_31_32_33_34_35_36_37_38_39_40_41_42_43_44_45_46_47_48_49_50_51_52",
    "label": "buildings",
    "id": 52,
    "face_vertex_idxs": [
      [
        403,
        404,
        405,
        406
      ]
    ],
    "face_material_idxs": [
      0
    ]
  },
  {
    "name": "buildings_0_1_2_3_4_5_6_7_8_9_10_11_12_13_14_15_16_17_18_19_20_21_22_23_24_25_26_27_28_29_30_31_32_33_34_35_36_37_38_39_40_41_42_43_44_45_46_47_48_49_50_51_52_53",
    "label": "buildings",
    "id": 53,
    "face_vertex_idxs": [
      [
        407,
        408,
        409,
        410
      ]
    ],
    "face_material_idxs": [
      0
    ]
  },
  {
    "name": "buildings_0_1_2_3_4_5_6_7_8_9_10_11_12_13_14_15_16_17_18_19_20_21_22_23_24_25_26_27_28_29_30_31_32_33_34_35_36_37_38_39_40_41_42_43_44_45_46_47_48_49_50_51_52_53_54",
    "label": "buildings",
    "id": 54,
    "face_vertex_idxs": [
      [
        411,
        412,
        413,
        414,
        415,
        416,
        417,
        418,
        419,
        420,
        421
      ]
    ],
    "face_material_idxs": [
      0
    ]
  },
  {
    "name": "buildings_0_1_2_3_4_5_6_7_8_9_10_11_12_13_14_15_16_17_18_19_20_21_22_23_24_25_26_27_28_29_30_31_32_33_34_35_36_37_38_39_40_41_42_43_44_45_46_47_48_49_50_51_52_53_54_55",
    "label": "buildings",
    "id": 55,
    "face_vertex_idxs": [
      [
        422,
        423,
        424,
        425,
        426,
        427
      ]
    ],
    "face_material_idxs": [
      0
    ]
  },
  {
    "name": "buildings_0_1_2_3_4_5_6_7_8_9_10_11_12_13_14_15_16_17_18_19_20_21_22_23_24_25_26_27_28_29_30_31_32_33_34_35_36_37_38_39_40_41_42_43_44_45_46_47_48_49_50_51_52_53_54_55_56",
    "label": "buildings",
    "id": 56,
    "face_vertex_idxs": [
      [
        428,
        429,
        430,
        431,
        432,
        433,
        434,
        435
      ]
    ],
    "face_material_idxs": [
      0
    ]
  },
  {
    "name": "buildings_0_1_2_3_4_5_6_7_8_9_10_11_12_13_14_15_16_17_18_19_20_21_22_23_24_25_26_27_28_29_30_31_32_33_34_35_36_37_38_39_40_41_42_43_44_45_46_47_48_49_50_51_52_53_54_55_56_57",
    "label": "buildings",
    "id": 57,
    "face_vertex_idxs": [
      [
        436,
        437,
        438,
        439,
        440,
        441,
        442
      ]
    ],
    "face_material_idxs": [
      0
    ]
  },
  {
    "name": "buildings_0_1_2_3_4_5_6_7_8_9_10_11_12_13_14_15_16_17_18_19_20_21_22_23_24_25_26_27_28_29_30_31_32_33_34_35_36_37_38_39_40_41_42_43_44_45_46_47_48_49_50_51_52_53_54_55_56_57_58",
    "label": "buildings",
    "id": 58,
    "face_vertex_idxs": [
      [
        443,
        444,
        445,
        446,
        447,
        448,
        449
      ]
    ],
    "face_material_idxs": [
      0
    ]
  },
  {
    "name": "buildings_0_1_2_3_4_5_6_7_8_9_10_11_12_13_14_15_16_17_18_19_20_21_22_23_24_25_26_27_28_29_30_31_32_33_34_35_36_37_38_39_40_41_42_43_44_45_46_47_48_49_50_51_52_53_54_55_56_57_58_59",
    "label": "buildings",
    "id": 59,
    "face_vertex_idxs": [
      [
        450,
        451,
        452,
        453,
        454,
        455,
        456,
        457,
        458,
        459
      ]
    ],
    "face_material_idxs": [
      0
    ]
  },
  {
    "name": "buildings_0_1_2_3_4_5_6_7_8_9_10_11_12_13_14_15_16_17_18_19_20_21_22_23_24_25_26_27_28_29_30_31_32_33_34_35_36_37_38_39_40_41_42_43_44_45_46_47_48_49_50_51_52_53_54_55_56_57_58_59_60",
    "label": "buildings",
    "id": 60,
    "face_vertex_idxs": [
      [
        460,
        461,
        462,
        463,
        464,
        465,
        466,
        467,
        468,
        469,
        470,
        471,
        472
      ]
    ],
    "face_material_idxs": [
      0
    ]
  },
  {
    "name": "buildings_0_1_2_3_4_5_6_7_8_9_10_11_12_13_14_15_16_17_18_19_20_21_22_23_24_25_26_27_28_29_30_31_32_33_34_35_36_37_38_39_40_41_42_43_44_45_46_47_48_49_50_51_52_53_54_55_56_57_58_59_60_61",
    "label": "buildings",
    "id": 61,
    "face_vertex_idxs": [
      [
        473,
        474,
        475,
        476,
        477,
        478,
        479,
        480,
        481,
        482
      ]
    ],
    "face_material_idxs": [
      0
    ]
  },
  {
    "name": "buildings_0_1_2_3_4_5_6_7_8_9_10_11_12_13_14_15_16_17_18_19_20_21_22_23_24_25_26_27_28_29_30_31_32_33_34_35_36_37_38_39_40_41_42_43_44_45_46_47_48_49_50_51_52_53_54_55_56_57_58_59_60_61_62",
    "label": "buildings",
    "id": 62,
    "face_vertex_idxs": [
      [
        483,
        484,
        485,
        486,
        487,
        488
      ]
    ],
    "face_material_idxs": [
      0
    ]
  },
  {
    "name": "buildings_0_1_2_3_4_5_6_7_8_9_10_11_12_13_14_15_16_17_18_19_20_21_22_23_24_25_26_27_28_29_30_31_32_33_34_35_36_37_38_39_40_41_42_43_44_45_46_47_48_49_50_51_52_53_54_55_56_57_58_59_60_61_62_63",
    "label": "buildings",
    "id": 63,
    "face_vertex_idxs": [
      [
        489,
        490,
        491,
        492,
        493,
        494
      ]
    ],
    "face_material_idxs": [
      0
    ]
  },
  {
    "name": "buildings_0_1_2_3_4_5_6_7_8_9_10_11_12_13_14_15_16_17_18_19_20_21_22_23_24_25_26_27_28_29_30_31_32_33_34_35_36_37_38_39_40_41_42_43_44_45_46_47_48_49_50_51_52_53_54_55_56_57_58_59_60_61_62_63_64",
    "label": "buildings",
    "id": 64,
    "face_vertex_idxs": [
      [
        495,
        496,
        497,
        498,
        499,
        500
      ]
    ],
    "face_material_idxs": [
      0
    ]
  },
  {
    "name": "roads_0",
    "label": "buildings",
    "id": 65,
    "face_vertex_idxs": [
      [
        0,
        1,
        2,
        3,
        4,
        5
      ],
      [
        6,
        7,
        8,
        9,
        10,
        11
      ],
      [
        0,
        1,
        7,
        6
      ],
      [
        1,
        2,
        8,
        7
      ],
      [
        2,
        3,
        9,
        8
      ],
      [
        3,
        4,
        10,
        9
      ],
      [
        4,
        5,
        11,
        10
      ],
      [
        5,
        0,
        6,
        11
      ]
    ],
    "face_material_idxs": [
      0,
      0,
      0,
      0,
      0,
      0,
      0,
      0
    ]
  },
  {
    "name": "roads_0_1",
    "label": "buildings",
    "id": 66,
    "face_vertex_idxs": [
      [
        12,
        13,
        14,
        15,
        16
      ],
      [
        17,
        18,
        19,
        20,
        21
      ],
      [
        12,
        13,
        18,
        17
      ],
      [
        13,
        14,
        19,
        18
      ],
      [
        14,
        15,
        20,
        19
      ],
      [
        15,
        16,
        21,
        20
      ],
      [
        16,
        12,
        17,
        21
      ]
    ],
    "face_material_idxs": [
      0,
      0,
      0,
      0,
      0,
      0,
      0
    ]
  },
  {
    "name": "roads_0_1_2",
    "label": "buildings",
    "id": 67,
    "face_vertex_idxs": [
      [
        22,
        23,
        24,
        25
      ],
      [
        26,
        27,
        28,
        29
      ],
      [
        22,
        23,
        27,
        26
      ],
      [
        23,
        24,
        28,
        27
      ],
      [
        24,
        25,
        29,
        28
      ],
      [
        25,
        22,
        26,
        29
      ]
    ],
    "face_material_idxs": [
      0,
      0,
      0,
      0,
      0,
      0
    ]
  },
  {
    "name": "roads_0_1_2_3",
    "label": "buildings",
    "id": 68,
    "face_vertex_idxs": [
      [
        30,
        31,
        32,
        33
      ],
      [
        34,
        35,
        36,
        37
      ],
      [
        30,
        31,
        35,
        34
      ],
      [
        31,
        32,
        36,
        35
      ],
      [
        32,
        33,
        37,
        36
      ],
      [
        33,
        30,
        34,
        37
      ]
    ],
    "face_material_idxs": [
      0,
      0,
      0,
      0,
      0,
      0
    ]
  },
  {
    "name": "roads_0_1_2_3_4",
    "label": "buildings",
    "id": 69,
    "face_vertex_idxs": [
      [
        38,
        39,
        40,
        41,
        42,
        43
      ],
      [
        44,
        45,
        46,
        47,
        48,
        49
      ],
      [
        38,
        39,
        45,
        44
      ],
      [
        39,
        40,
        46,
        45
      ],
      [
        40,
        41,
        47,
        46
      ],
      [
        41,
        42,
        48,
        47
      ],
      [
        42,
        43,
        49,
        48
      ],
      [
        43,
        38,
        44,
        49
      ]
    ],
    "face_material_idxs": [
      0,
      0,
      0,
      0,
      0,
      0,
      0,
      0
    ]
  },
  {
    "name": "roads_0_1_2_3_4_5",
    "label": "buildings",
    "id": 70,
    "face_vertex_idxs": [
      [
        50,
        51,
        52,
        53
      ],
      [
        54,
        55,
        56,
        57
      ],
      [
        50,
        51,
        55,
        54
      ],
      [
        51,
        52,
        56,
        55
      ],
      [
        52,
        53,
        57,
        56
      ],
      [
        53,
        50,
        54,
        57
      ]
    ],
    "face_material_idxs": [
      0,
      0,
      0,
      0,
      0,
      0
    ]
  },
  {
    "name": "roads_0_1_2_3_4_5_6",
    "label": "buildings",
    "id": 71,
    "face_vertex_idxs": [
      [
        58,
        59,
        60,
        61,
        62,
        63
      ],
      [
        64,
        65,
        66,
        67,
        68,
        69
      ],
      [
        58,
        59,
        65,
        64
      ],
      [
        59,
        60,
        66,
        65
      ],
      [
        60,
        61,
        67,
        66
      ],
      [
        61,
        62,
        68,
        67
      ],
      [
        62,
        63,
        69,
        68
      ],
      [
        63,
        58,
        64,
        69
      ]
    ],
    "face_material_idxs": [
      0,
      0,
      0,
      0,
      0,
      0,
      0,
      0
    ]
  },
  {
    "name": "roads_0_1_2_3_4_5_6_7",
    "label": "buildings",
    "id": 72,
    "face_vertex_idxs": [
      [
        70,
        71,
        72,
        73
      ],
      [
        74,
        75,
        76,
        77
      ],
      [
        70,
        71,
        75,
        74
      ],
      [
        71,
        72,
        76,
        75
      ],
      [
        72,
        73,
        77,
        76
      ],
      [
        73,
        70,
        74,
        77
      ]
    ],
    "face_material_idxs": [
      0,
      0,
      0,
      0,
      0,
      0
    ]
  },
  {
    "name": "roads_0_1_2_3_4_5_6_7_8",
    "label": "buildings",
    "id": 73,
    "face_vertex_idxs": [
      [
        78,
        79,
        80,
        81,
        82,
        83
      ],
      [
        84,
        85,
        86,
        87,
        88,
        89
      ],
      [
        78,
        79,
        85,
        84
      ],
      [
        79,
        80,
        86,
        85
      ],
      [
        80,
        81,
        87,
        86
      ],
      [
        81,
        82,
        88,
        87
      ],
      [
        82,
        83,
        89,
        88
      ],
      [
        83,
        78,
        84,
        89
      ]
    ],
    "face_material_idxs": [
      0,
      0,
      0,
      0,
      0,
      0,
      0,
      0
    ]
  },
  {
    "name": "roads_0_1_2_3_4_5_6_7_8_9",
    "label": "buildings",
    "id": 74,
    "face_vertex_idxs": [
      [
        90,
        91,
        92,
        93
      ],
      [
        94,
        95,
        96,
        97
      ],
      [
        90,
        91,
        95,
        94
      ],
      [
        91,
        92,
        96,
        95
      ],
      [
        92,
        93,
        97,
        96
      ],
      [
        93,
        90,
        94,
        97
      ]
    ],
    "face_material_idxs": [
      0,
      0,
      0,
      0,
      0,
      0
    ]
  },
  {
    "name": "roads_0_1_2_3_4_5_6_7_8_9_10",
    "label": "buildings",
    "id": 75,
    "face_vertex_idxs": [
      [
        98,
        99,
        100,
        101,
        102,
        103
      ],
      [
        104,
        105,
        106,
        107,
        108,
        109
      ],
      [
        98,
        99,
        105,
        104
      ],
      [
        99,
        100,
        106,
        105
      ],
      [
        100,
        101,
        107,
        106
      ],
      [
        101,
        102,
        108,
        107
      ],
      [
        102,
        103,
        109,
        108
      ],
      [
        103,
        98,
        104,
        109
      ]
    ],
    "face_material_idxs": [
      0,
      0,
      0,
      0,
      0,
      0,
      0,
      0
    ]
  },
  {
    "name": "roads_0_1_2_3_4_5_6_7_8_9_10_11",
    "label": "buildings",
    "id": 76,
    "face_vertex_idxs": [
      [
        110,
        111,
        112,
        113,
        114,
        115,
        116
      ],
      [
        117,
        118,
        119,
        120,
        121,
        122,
        123
      ],
      [
        110,
        111,
        118,
        117
      ],
      [
        111,
        112,
        119,
        118
      ],
      [
        112,
        113,
        120,
        119
      ],
      [
        113,
        114,
        121,
        120
      ],
      [
        114,
        115,
        122,
        121
      ],
      [
        115,
        116,
        123,
        122
      ],
      [
        116,
        110,
        117,
        123
      ]
    ],
    "face_material_idxs": [
      0,
      0,
      0,
      0,
      0,
      0,
      0,
      0,
      0
    ]
  },
  {
    "name": "roads_0_1_2_3_4_5_6_7_8_9_10_11_12",
    "label": "buildings",
    "id": 77,
    "face_vertex_idxs": [
      [
        124,
        125,
        126,
        127,
        128
      ],
      [
        129,
        130,
        131,
        132,
        133
      ],
      [
        124,
        125,
        130,
        129
      ],
      [
        125,
        126,
        131,
        130
      ],
      [
        126,
        127,
        132,
        131
      ],
      [
        127,
        128,
        133,
        132
      ],
      [
        128,
        124,
        129,
        133
      ]
    ],
    "face_material_idxs": [
      0,
      0,
      0,
      0,
      0,
      0,
      0
    ]
  },
  {
    "name": "roads_0_1_2_3_4_5_6_7_8_9_10_11_12_13",
    "label": "buildings",
    "id": 78,
    "face_vertex_idxs": [
      [
        134,
        135,
        136,
        137,
        138
      ],
      [
        139,
        140,
        141,
        142,
        143
      ],
      [
        134,
        135,
        140,
        139
      ],
      [
        135,
        136,
        141,
        140
      ],
      [
        136,
        137,
        142,
        141
      ],
      [
        137,
        138,
        143,
        142
      ],
      [
        138,
        134,
        139,
        143
      ]
    ],
    "face_material_idxs": [
      0,
      0,
      0,
      0,
      0,
      0,
      0
    ]
  },
  {
    "name": "roads_0_1_2_3_4_5_6_7_8_9_10_11_12_13_14",
    "label": "buildings",
    "id": 79,
    "face_vertex_idxs": [
      [
        144,
        145,
        146,
        147
      ],
      [
        148,
        149,
        150,
        151
      ],
      [
        144,
        145,
        149,
        148
      ],
      [
        145,
        146,
        150,
        149
      ],
      [
        146,
        147,
        151,
        150
      ],
      [
        147,
        144,
        148,
        151
      ]
    ],
    "face_material_idxs": [
      0,
      0,
      0,
      0,
      0,
      0
    ]
  },
  {
    "name": "roads_0_1_2_3_4_5_6_7_8_9_10_11_12_13_14_15",
    "label": "buildings",
    "id": 80,
    "face_vertex_idxs": [
      [
        152,
        153,
        154,
        155
      ],
      [
        156,
        157,
        158,
        159
      ],
      [
        152,
        153,
        157,
        156
      ],
      [
        153,
        154,
        158,
        157
      ],
      [
        154,
        155,
        159,
        158
      ],
      [
        155,
        152,
        156,
        159
      ]
    ],
    "face_material_idxs": [
      0,
      0,
      0,
      0,
      0,
      0
    ]
  },
  {
    "name": "roads_0_1_2_3_4_5_6_7_8_9_10_11_12_13_14_15_16",
    "label": "buildings",
    "id": 81,
    "face_vertex_idxs": [
      [
        160,
        161,
        162,
        163,
        164,
        165
      ],
      [
        166,
        167,
        168,
        169,
        170,
        171
      ],
      [
        160,
        161,
        167,
        166
      ],
      [
        161,
        162,
        168,
        167
      ],
      [
        162,
        163,
        169,
        168
      ],
      [
        163,
        164,
        170,
        169
      ],
      [
        164,
        165,
        171,
        170
      ],
      [
        165,
        160,
        166,
        171
      ]
    ],
    "face_material_idxs": [
      0,
      0,
      0,
      0,
      0,
      0,
      0,
      0
    ]
  },
  {
    "name": "roads_0_1_2_3_4_5_6_7_8_9_10_11_12_13_14_15_16_17",
    "label": "buildings",
    "id": 82,
    "face_vertex_idxs": [
      [
        172,
        173,
        174,
        175,
        176
      ],
      [
        177,
        178,
        179,
        180,
        181
      ],
      [
        172,
        173,
        178,
        177
      ],
      [
        173,
        174,
        179,
        178
      ],
      [
        174,
        175,
        180,
        179
      ],
      [
        175,
        176,
        181,
        180
      ],
      [
        176,
        172,
        177,
        181
      ]
    ],
    "face_material_idxs": [
      0,
      0,
      0,
      0,
      0,
      0,
      0
    ]
  },
  {
    "name": "roads_0_1_2_3_4_5_6_7_8_9_10_11_12_13_14_15_16_17_18",
    "label": "buildings",
    "id": 83,
    "face_vertex_idxs": [
      [
        182,
        183,
        184,
        185
      ],
      [
        186,
        187,
        188,
        189
      ],
      [
        182,
        183,
        187,
        186
      ],
      [
        183,
        184,
        188,
        187
      ],
      [
        184,
        185,
        189,
        188
      ],
      [
        185,
        182,
        186,
        189
      ]
    ],
    "face_material_idxs": [
      0,
      0,
      0,
      0,
      0,
      0
    ]
  },
  {
    "name": "roads_0_1_2_3_4_5_6_7_8_9_10_11_12_13_14_15_16_17_18_19",
    "label": "buildings",
    "id": 84,
    "face_vertex_idxs": [
      [
        190,
        191,
        192,
        193,
        194,
        195
      ],
      [
        196,
        197,
        198,
        199,
        200,
        201
      ],
      [
        190,
        191,
        197,
        196
      ],
      [
        191,
        192,
        198,
        197
      ],
      [
        192,
        193,
        199,
        198
      ],
      [
        193,
        194,
        200,
        199
      ],
      [
        194,
        195,
        201,
        200
      ],
      [
        195,
        190,
        196,
        201
      ]
    ],
    "face_material_idxs": [
      0,
      0,
      0,
      0,
      0,
      0,
      0,
      0
    ]
  },
  {
    "name": "roads_0_1_2_3_4_5_6_7_8_9_10_11_12_13_14_15_16_17_18_19_20",
    "label": "buildings",
    "id": 85,
    "face_vertex_idxs": [
      [
        202,
        203,
        204,
        205
      ],
      [
        206,
        207,
        208,
        209
      ],
      [
        202,
        203,
        207,
        206
      ],
      [
        203,
        204,
        208,
        207
      ],
      [
        204,
        205,
        209,
        208
      ],
      [
        205,
        202,
        206,
        209
      ]
    ],
    "face_material_idxs": [
      0,
      0,
      0,
      0,
      0,
      0
    ]
  },
  {
    "name": "roads_0_1_2_3_4_5_6_7_8_9_10_11_12_13_14_15_16_17_18_19_20_21",
    "label": "buildings",
    "id": 86,
    "face_vertex_idxs": [
      [
        210,
        211,
        212,
        213
      ],
      [
        214,
        215,
        216,
        217
      ],
      [
        210,
        211,
        215,
        214
      ],
      [
        211,
        212,
        216,
        215
      ],
      [
        212,
        213,
        217,
        216
      ],
      [
        213,
        210,
        214,
        217
      ]
    ],
    "face_material_idxs": [
      0,
      0,
      0,
      0,
      0,
      0
    ]
  },
  {
    "name": "roads_0_1_2_3_4_5_6_7_8_9_10_11_12_13_14_15_16_17_18_19_20_21_22",
    "label": "buildings",
    "id": 87,
    "face_vertex_idxs": [
      [
        218,
        219,
        220,
        221,
        222,
        223,
        224,
        225
      ]
    ],
    "face_material_idxs": [
      0
    ]
  },
  {
    "name": "roads_0_1_2_3_4_5_6_7_8_9_10_11_12_13_14_15_16_17_18_19_20_21_22_23",
    "label": "buildings",
    "id": 88,
    "face_vertex_idxs": [
      [
        226,
        227,
        228,
        229,
        230,
        231,
        232
      ]
    ],
    "face_material_idxs": [
      0
    ]
  },
  {
    "name": "roads_0_1_2_3_4_5_6_7_8_9_10_11_12_13_14_15_16_17_18_19_20_21_22_23_24",
    "label": "buildings",
    "id": 89,
    "face_vertex_idxs": [
      [
        233,
        234,
        235,
        236,
        237,
        238,
        239,
        240
      ]
    ],
    "face_material_idxs": [
      0
    ]
  },
  {
    "name": "roads_0_1_2_3_4_5_6_7_8_9_10_11_12_13_14_15_16_17_18_19_20_21_22_23_24_25",
    "label": "buildings",
    "id": 90,
    "face_vertex_idxs": [
      [
        241,
        242,
        243,
        244,
        245,
        246,
        247,
        248,
        249
      ]
    ],
    "face_material_idxs": [
      0
    ]
  },
  {
    "name": "roads_0_1_2_3_4_5_6_7_8_9_10_11_12_13_14_15_16_17_18_19_20_21_22_23_24_25_26",
    "label": "buildings",
    "id": 91,
    "face_vertex_idxs": [
      [
        250,
        251,
        252,
        253,
        254,
        255
      ]
    ],
    "face_material_idxs": [
      0
    ]
  },
  {
    "name": "roads_0_1_2_3_4_5_6_7_8_9_10_11_12_13_14_15_16_17_18_19_20_21_22_23_24_25_26_27",
    "label": "buildings",
    "id": 92,
    "face_vertex_idxs": [
      [
        256,
        257,
        258,
        259,
        260,
        261,
        262,
        263
      ]
    ],
    "face_material_idxs": [
      0
    ]
  },
  {
    "name": "roads_0_1_2_3_4_5_6_7_8_9_10_11_12_13_14_15_16_17_18_19_20_21_22_23_24_25_26_27_28",
    "label": "buildings",
    "id": 93,
    "face_vertex_idxs": [
      [
        264,
        265,
        266,
        267,
        268,
        269
      ]
    ],
    "face_material_idxs": [
      0
    ]
  },
  {
    "name": "roads_0_1_2_3_4_5_6_7_8_9_10_11_12_13_14_15_16_17_18_19_20_21_22_23_24_25_26_27_28_29",
    "label": "buildings",
    "id": 94,
    "face_vertex_idxs": [
      [
        270,
        271,
        272,
        273,
        274,
        275,
        276
      ]
    ],
    "face_material_idxs": [
      0
    ]
  },
  {
    "name": "roads_0_1_2_3_4_5_6_7_8_9_10_11_12_13_14_15_16_17_18_19_20_21_22_23_24_25_26_27_28_29_30",
    "label": "buildings",
    "id": 95,
    "face_vertex_idxs": [
      [
        277,
        278,
        279,
        280,
        281,
        282
      ]
    ],
    "face_material_idxs": [
      0
    ]
  },
  {
    "name": "roads_0_1_2_3_4_5_6_7_8_9_10_11_12_13_14_15_16_17_18_19_20_21_22_23_24_25_26_27_28_29_30_31",
    "label": "buildings",
    "id": 96,
    "face_vertex_idxs": [
      [
        283,
        284,
        285,
        286,
        287,
        288,
        289,
        290,
        291
      ]
    ],
    "face_material_idxs": [
      0
    ]
  },
  {
    "name": "roads_0_1_2_3_4_5_6_7_8_9_10_11_12_13_14_15_16_17_18_19_20_21_22_23_24_25_26_27_28_29_30_31_32",
    "label": "buildings",
    "id": 97,
    "face_vertex_idxs": [
      [
        292,
        293,
        294,
        295,
        296,
        297,
        298,
        299,
        300
      ]
    ],
    "face_material_idxs": [
      0
    ]
  },
  {
    "name": "roads_0_1_2_3_4_5_6_7_8_9_10_11_12_13_14_15_16_17_18_19_20_21_22_23_24_25_26_27_28_29_30_31_32_33",
    "label": "buildings",
    "id": 98,
    "face_vertex_idxs": [
      [
        301,
        302,
        303,
        304,
        305
      ]
    ],
    "face_material_idxs": [
      0
    ]
  },
  {
    "name": "roads_0_1_2_3_4_5_6_7_8_9_10_11_12_13_14_15_16_17_18_19_20_21_22_23_24_25_26_27_28_29_30_31_32_33_34",
    "label": "buildings",
    "id": 99,
    "face_vertex_idxs": [
      [
        306,
        307,
        308,
        309,
        310,
        311,
        312,
        313,
        314
      ]
    ],
    "face_material_idxs": [
      0
    ]
  },
  {
    "name": "roads_0_1_2_3_4_5_6_7_8_9_10_11_12_13_14_15_16_17_18_19_20_21_22_23_24_25_26_27_28_29_30_31_32_33_34_35",
    "label": "buildings",
    "id": 100,
    "face_vertex_idxs": [
      [
        315,
        316,
        317,
        318,
        319,
        320
      ]
    ],
    "face_material_idxs": [
      0
    ]
  },
  {
    "name": "roads_0_1_2_3_4_5_6_7_8_9_10_11_12_13_14_15_16_17_18_19_20_21_22_23_24_25_26_27_28_29_30_31_32_33_34_35_36",
    "label": "buildings",
    "id": 101,
    "face_vertex_idxs": [
      [
        321,
        322,
        323,
        324,
        325
      ]
    ],
    "face_material_idxs": [
      0
    ]
  },
  {
    "name": "roads_0_1_2_3_4_5_6_7_8_9_10_11_12_13_14_15_16_17_18_19_20_21_22_23_24_25_26_27_28_29_30_31_32_33_34_35_36_37",
    "label": "buildings",
    "id": 102,
    "face_vertex_idxs": [
      [
        326,
        327,
        328,
        329,
        330
      ]
    ],
    "face_material_idxs": [
      0
    ]
  },
  {
    "name": "roads_0_1_2_3_4_5_6_7_8_9_10_11_12_13_14_15_16_17_18_19_20_21_22_23_24_25_26_27_28_29_30_31_32_33_34_35_36_37_38",
    "label": "buildings",
    "id": 103,
    "face_vertex_idxs": [
      [
        331,
        332,
        333,
        334,
        335
      ]
    ],
    "face_material_idxs": [
      0
    ]
  },
  {
    "name": "roads_0_1_2_3_4_5_6_7_8_9_10_11_12_13_14_15_16_17_18_19_20_21_22_23_24_25_26_27_28_29_30_31_32_33_34_35_36_37_38_39",
    "label": "buildings",
    "id": 104,
    "face_vertex_idxs": [
      [
        336,
        337,
        338,
        339,
        340
      ]
    ],
    "face_material_idxs": [
      0
    ]
  },
  {
    "name": "roads_0_1_2_3_4_5_6_7_8_9_10_11_12_13_14_15_16_17_18_19_20_21_22_23_24_25_26_27_28_29_30_31_32_33_34_35_36_37_38_39_40",
    "label": "buildings",
    "id": 105,
    "face_vertex_idxs": [
      [
        341,
        342,
        343,
        344
      ]
    ],
    "face_material_idxs": [
      0
    ]
  },
  {
    "name": "roads_0_1_2_3_4_5_6_7_8_9_10_11_12_13_14_15_16_17_18_19_20_21_22_23_24_25_26_27_28_29_30_31_32_33_34_35_36_37_38_39_40_41",
    "label": "buildings",
    "id": 106,
    "face_vertex_idxs": [
      [
        345,
        346,
        347,
        348,
        349
      ]
    ],
    "face_material_idxs": [
      0
    ]
  },
  {
    "name": "roads_0_1_2_3_4_5_6_7_8_9_10_11_12_13_14_15_16_17_18_19_20_21_22_23_24_25_26_27_28_29_30_31_32_33_34_35_36_37_38_39_40_41_42",
    "label": "buildings",
    "id": 107,
    "face_vertex_idxs": [
      [
        350,
        351,
        352,
        353,
        354
      ]
    ],
    "face_material_idxs": [
      0
    ]
  },
  {
    "name": "roads_0_1_2_3_4_5_6_7_8_9_10_11_12_13_14_15_16_17_18_19_20_21_22_23_24_25_26_27_28_29_30_31_32_33_34_35_36_37_38_39_40_41_42_43",
    "label": "buildings",
    "id": 108,
    "face_vertex_idxs": [
      [
        355,
        356,
        357,
        358,
        359
      ]
    ],
    "face_material_idxs": [
      0
    ]
  },
  {
    "name": "roads_0_1_2_3_4_5_6_7_8_9_10_11_12_13_14_15_16_17_18_19_20_21_22_23_24_25_26_27_28_29_30_31_32_33_34_35_36_37_38_39_40_41_42_43_44",
    "label": "buildings",
    "id": 109,
    "face_vertex_idxs": [
      [
        360,
        361,
        362,
        363,
        364
      ]
    ],
    "face_material_idxs": [
      0
    ]
  },
  {
    "name": "roads_0_1_2_3_4_5_6_7_8_9_10_11_12_13_14_15_16_17_18_19_20_21_22_23_24_25_26_27_28_29_30_31_32_33_34_35_36_37_38_39_40_41_42_43_44_45",
    "label": "buildings",
    "id": 110,
    "face_vertex_idxs": [
      [
        365,
        366,
        367,
        368,
        369,
        370,
        371,
        372
      ]
    ],
    "face_material_idxs": [
      0
    ]
  },
  {
    "name": "roads_0_1_2_3_4_5_6_7_8_9_10_11_12_13_14_15_16_17_18_19_20_21_22_23_24_25_26_27_28_29_30_31_32_33_34_35_36_37_38_39_40_41_42_43_44_45_46",
    "label": "buildings",
    "id": 111,
    "face_vertex_idxs": [
      [
        373,
        374,
        375,
        376
      ]
    ],
    "face_material_idxs": [
      0
    ]
  },
  {
    "name": "roads_0_1_2_3_4_5_6_7_8_9_10_11_12_13_14_15_16_17_18_19_20_21_22_23_24_25_26_27_28_29_30_31_32_33_34_35_36_37_38_39_40_41_42_43_44_45_46_47",
    "label": "buildings",
    "id": 112,
    "face_vertex_idxs": [
      [
        377,
        378,
        379,
        380,
        381
      ]
    ],
    "face_material_idxs": [
      0
    ]
  },
  {
    "name": "roads_0_1_2_3_4_5_6_7_8_9_10_11_12_13_14_15_16_17_18_19_20_21_22_23_24_25_26_27_28_29_30_31_32_33_34_35_36_37_38_39_40_41_42_43_44_45_46_47_48",
    "label": "buildings",
    "id": 113,
    "face_vertex_idxs": [
      [
        382,
        383,
        384,
        385,
        386
      ]
    ],
    "face_material_idxs": [
      0
    ]
  },
  {
    "name": "roads_0_1_2_3_4_5_6_7_8_9_10_11_12_13_14_15_16_17_18_19_20_21_22_23_24_25_26_27_28_29_30_31_32_33_34_35_36_37_38_39_40_41_42_43_44_45_46_47_48_49",
    "label": "buildings",
    "id": 114,
    "face_vertex_idxs": [
      [
        387,
        388,
        389,
        390,
        391
      ]
    ],
    "face_material_idxs": [
      0
    ]
  },
  {
    "name": "roads_0_1_2_3_4_5_6_7_8_9_10_11_12_13_14_15_16_17_18_19_20_21_22_23_24_25_26_27_28_29_30_31_32_33_34_35_36_37_38_39_40_41_42_43_44_45_46_47_48_49_50",
    "label": "buildings",
    "id": 115,
    "face_vertex_idxs": [
      [
        392,
        393,
        394,
        395,
        396,
        397,
        398
      ]
    ],
    "face_material_idxs": [
      0
    ]
  },
  {
    "name": "roads_0_1_2_3_4_5_6_7_8_9_10_11_12_13_14_15_16_17_18_19_20_21_22_23_24_25_26_27_28_29_30_31_32_33_34_35_36_37_38_39_40_41_42_43_44_45_46_47_48_49_50_51",
    "label": "buildings",
    "id": 116,
    "face_vertex_idxs": [
      [
        399,
        400,
        401,
        402
      ]
    ],
    "face_material_idxs": [
      0
    ]
  },
  {
    "name": "roads_0_1_2_3_4_5_6_7_8_9_10_11_12_13_14_15_16_17_18_19_20_21_22_23_24_25_26_27_28_29_30_31_32_33_34_35_36_37_38_39_40_41_42_43_44_45_46_47_48_49_50_51_52",
    "label": "buildings",
    "id": 117,
    "face_vertex_idxs": [
      [
        403,
        404,
        405,
        406
      ]
    ],
    "face_material_idxs": [
      0
    ]
  },
  {
    "name": "roads_0_1_2_3_4_5_6_7_8_9_10_11_12_13_14_15_16_17_18_19_20_21_22_23_24_25_26_27_28_29_30_31_32_33_34_35_36_37_38_39_40_41_42_43_44_45_46_47_48_49_50_51_52_53",
    "label": "buildings",
    "id": 118,
    "face_vertex_idxs": [
      [
        407,
        408,
        409,
        410
      ]
    ],
    "face_material_idxs": [
      0
    ]
  },
  {
    "name": "roads_0_1_2_3_4_5_6_7_8_9_10_11_12_13_14_15_16_17_18_19_20_21_22_23_24_25_26_27_28_29_30_31_32_33_34_35_36_37_38_39_40_41_42_43_44_45_46_47_48_49_50_51_52_53_54",
    "label": "buildings",
    "id": 119,
    "face_vertex_idxs": [
      [
        411,
        412,
        413,
        414,
        415,
        416,
        417,
        418,
        419,
        420,
        421
      ]
    ],
    "face_material_idxs": [
      0
    ]
  },
  {
    "name": "roads_0_1_2_3_4_5_6_7_8_9_10_11_12_13_14_15_16_17_18_19_20_21_22_23_24_25_26_27_28_29_30_31_32_33_34_35_36_37_38_39_40_41_42_43_44_45_46_47_48_49_50_51_52_53_54_55",
    "label": "buildings",
    "id": 120,
    "face_vertex_idxs": [
      [
        422,
        423,
        424,
        425,
        426,
        427
      ]
    ],
    "face_material_idxs": [
      0
    ]
  },
  {
    "name": "roads_0_1_2_3_4_5_6_7_8_9_10_11_12_13_14_15_16_17_18_19_20_21_22_23_24_25_26_27_28_29_30_31_32_33_34_35_36_37_38_39_40_41_42_43_44_45_46_47_48_49_50_51_52_53_54_55_56",
    "label": "buildings",
    "id": 121,
    "face_vertex_idxs": [
      [
        428,
        429,
        430,
        431,
        432,
        433,
        434,
        435
      ]
    ],
    "face_material_idxs": [
      0
    ]
  },
  {
    "name": "roads_0_1_2_3_4_5_6_7_8_9_10_11_12_13_14_15_16_17_18_19_20_21_22_23_24_25_26_27_28_29_30_31_32_33_34_35_36_37_38_39_40_41_42_43_44_45_46_47_48_49_50_51_52_53_54_55_56_57",
    "label": "buildings",
    "id": 122,
    "face_vertex_idxs": [
      [
        436,
        437,
        438,
        439,
        440,
        441,
        442
      ]
    ],
    "face_material_idxs": [
      0
    ]
  },
  {
    "name": "roads_0_1_2_3_4_5_6_7_8_9_10_11_12_13_14_15_16_17_18_19_20_21_22_23_24_25_26_27_28_29_30_31_32_33_34_35_36_37_38_39_40_41_42_43_44_45_46_47_48_49_50_51_52_53_54_55_56_57_58",
    "label": "buildings",
    "id": 123,
    "face_vertex_idxs": [
      [
        443,
        444,
        445,
        446,
        447,
        448,
        449
      ]
    ],
    "face_material_idxs": [
      0
    ]
  },
  {
    "name": "roads_0_1_2_3_4_5_6_7_8_9_10_11_12_13_14_15_16_17_18_19_20_21_22_23_24_25_26_27_28_29_30_31_32_33_34_35_36_37_38_39_40_41_42_43_44_45_46_47_48_49_50_51_52_53_54_55_56_57_58_59",
    "label": "buildings",
    "id": 124,
    "face_vertex_idxs": [
      [
        450,
        451,
        452,
        453,
        454,
        455,
        456,
        457,
        458,
        459
      ]
    ],
    "face_material_idxs": [
      0
    ]
  },
  {
    "name": "roads_0_1_2_3_4_5_6_7_8_9_10_11_12_13_14_15_16_17_18_19_20_21_22_23_24_25_26_27_28_29_30_31_32_33_34_35_36_37_38_39_40_41_42_43_44_45_46_47_48_49_50_51_52_53_54_55_56_57_58_59_60",
    "label": "buildings",
    "id": 125,
    "face_vertex_idxs": [
      [
        460,
        461,
        462,
        463,
        464,
        465,
        466,
        467,
        468,
        469,
        470,
        471,
        472
      ]
    ],
    "face_material_idxs": [
      0
    ]
  },
  {
    "name": "roads_0_1_2_3_4_5_6_7_8_9_10_11_12_13_14_15_16_17_18_19_20_21_22_23_24_25_26_27_28_29_30_31_32_33_34_35_36_37_38_39_40_41_42_43_44_45_46_47_48_49_50_51_52_53_54_55_56_57_58_59_60_61",
    "label": "buildings",
    "id": 126,
    "face_vertex_idxs": [
      [
        473,
        474,
        475,
        476,
        477,
        478,
        479,
        480,
        481,
        482
      ]
    ],
    "face_material_idxs": [
      0
    ]
  },
  {
    "name": "roads_0_1_2_3_4_5_6_7_8_9_10_11_12_13_14_15_16_17_18_19_20_21_22_23_24_25_26_27_28_29_30_31_32_33_34_35_36_37_38_39_40_41_42_43_44_45_46_47_48_49_50_51_52_53_54_55_56_57_58_59_60_61_62",
    "label": "buildings",
    "id": 127,
    "face_vertex_idxs": [
      [
        483,
        484,
        485,
        486,
        487,
        488
      ]
    ],
    "face_material_idxs": [
      0
    ]
  },
  {
    "name": "roads_0_1_2_3_4_5_6_7_8_9_10_11_12_13_14_15_16_17_18_19_20_21_22_23_24_25_26_27_28_29_30_31_32_33_34_35_36_37_38_39_40_41_42_43_44_45_46_47_48_49_50_51_52_53_54_55_56_57_58_59_60_61_62_63",
    "label": "buildings",
    "id": 128,
    "face_vertex_idxs": [
      [
        489,
        490,
        491,
        492,
        493,
        494
      ]
    ],
    "face_material_idxs": [
      0
    ]
  },
  {
    "name": "roads_0_1_2_3_4_5_6_7_8_9_10_11_12_13_14_15_16_17_18_19_20_21_22_23_24_25_26_27_28_29_30_31_32_33_34_35_36_37_38_39_40_41_42_43_44_45_46_47_48_49_50_51_52_53_54_55_56_57_58_59_60_61_62_63_64",
    "label": "buildings",
    "id": 129,
    "face_vertex_idxs": [
      [
        495,
        496,
        497,
        498,
        499,
        500
      ]
    ],
    "face_material_idxs": [
      0
    ]
  },
  {
    "name": "newTerrain_0",
    "label": "terrain",
    "id": 130,
    "face_vertex_idxs": [
      [
        501,
        502,
        503,
        504
      ]
    ],
    "face_material_idxs": [
      0
    ]
  }
]